id,nota,de_onde
par-0001,0.994465172290802,estudo (fora da dobra)
par-0002,0.1265967786312103,estudo (fora da dobra)
par-0003,0.9794146418571472,estudo (fora da dobra)
par-0004,0.9834308624267578,estudo (fora da dobra)
par-0005,0.994699478149414,estudo (fora da dobra)
par-0006,0.0039870785549283,estudo (fora da dobra)
par-0007,0.9944406151771544,estudo (fora da dobra)
par-0008,0.9927256107330322,estudo (fora da dobra)
par-0009,0.0036044574808329,estudo (fora da dobra)
par-0010,0.9934179782867432,estudo (fora da dobra)
par-0011,0.0867538526654243,estudo (fora da dobra)
par-0012,0.0044433586299419,estudo (fora da dobra)
par-0013,0.0089557506144046,estudo (fora da dobra)
par-0014,0.0295852590352296,estudo (fora da dobra)
par-0015,0.9739027619361876,estudo (fora da dobra)
par-0016,0.9941911101341248,estudo (fora da dobra)
par-0017,0.0053709829226136,estudo (fora da dobra)
par-0018,0.2067950814962387,estudo (fora da dobra)
par-0019,0.0049765356816351,estudo (fora da dobra)
par-0020,0.0044133681803941,estudo (fora da dobra)
par-0021,0.9919312596321106,estudo (fora da dobra)
par-0022,0.9935848116874696,estudo (fora da dobra)
par-0023,0.7559959888458252,estudo (fora da dobra)
par-0024,0.36141437292099,estudo (fora da dobra)
par-0025,0.0039398958906531,estudo (fora da dobra)
par-0026,0.93586403131485,estudo (fora da dobra)
par-0027,0.0042995982803404,estudo (fora da dobra)
par-0028,0.0033661981578916,estudo (fora da dobra)
par-0029,0.9906230568885804,estudo (fora da dobra)
par-0030,0.0086681311950087,estudo (fora da dobra)
par-0031,0.9944909811019896,estudo (fora da dobra)
par-0032,0.0050999610684812,estudo (fora da dobra)
par-0033,0.0053588696755468,estudo (fora da dobra)
par-0034,0.0079729855060577,estudo (fora da dobra)
par-0035,0.9943623542785645,estudo (fora da dobra)
par-0036,0.0550171546638011,estudo (fora da dobra)
par-0037,0.9945048689842224,estudo (fora da dobra)
par-0038,0.0044653839431703,estudo (fora da dobra)
par-0039,0.0045925923623144,estudo (fora da dobra)
par-0040,0.1537687629461288,estudo (fora da dobra)
par-0041,0.8067739605903625,estudo (fora da dobra)
par-0042,0.9933386445045472,estudo (fora da dobra)
par-0043,0.0039946888573467,estudo (fora da dobra)
par-0044,0.0034362077713012,estudo (fora da dobra)
par-0045,0.991662859916687,estudo (fora da dobra)
par-0046,0.0076133459806442,estudo (fora da dobra)
par-0047,0.0102145103737711,estudo (fora da dobra)
par-0048,0.9794867038726808,estudo (fora da dobra)
par-0049,0.0088189579546451,estudo (fora da dobra)
par-0050,0.0073254308663308,estudo (fora da dobra)
par-0051,0.0050228866748511,estudo (fora da dobra)
par-0052,0.0919411182403564,estudo (fora da dobra)
par-0053,0.0049667274579405,estudo (fora da dobra)
par-0054,0.9939688444137572,estudo (fora da dobra)
par-0055,0.0045136022381484,estudo (fora da dobra)
par-0056,0.0042734378948807,estudo (fora da dobra)
par-0057,0.0104304738342762,estudo (fora da dobra)
par-0058,0.004966240376234,estudo (fora da dobra)
par-0059,0.0593155100941658,estudo (fora da dobra)
par-0060,0.7265156507492065,estudo (fora da dobra)
par-0061,0.0051234425045549,estudo (fora da dobra)
par-0062,0.0059171020984649,estudo (fora da dobra)
par-0063,0.1487630009651184,estudo (fora da dobra)
par-0064,0.99421364068985,estudo (fora da dobra)
par-0065,0.0038216763641685,estudo (fora da dobra)
par-0066,0.0039473036304116,estudo (fora da dobra)
par-0067,0.0449599288403987,estudo (fora da dobra)
par-0068,0.0036284525413066,estudo (fora da dobra)
par-0069,0.0056626112200319,estudo (fora da dobra)
par-0070,0.0057512880302965,estudo (fora da dobra)
par-0071,0.0042114667594432,estudo (fora da dobra)
par-0072,0.0033041131682693,estudo (fora da dobra)
par-0073,0.8553507924079895,estudo (fora da dobra)
par-0074,0.0046024755574762,estudo (fora da dobra)
par-0075,0.0039809122681617,estudo (fora da dobra)
par-0076,0.0041263559833168,estudo (fora da dobra)
par-0077,0.0044460045173764,estudo (fora da dobra)
par-0078,0.004833910614252,estudo (fora da dobra)
par-0079,0.0041254195384681,estudo (fora da dobra)
par-0080,0.9945881366729736,estudo (fora da dobra)
par-0081,0.0041183945722877,estudo (fora da dobra)
par-0082,0.0054084104485809,estudo (fora da dobra)
par-0083,0.9833723902702332,estudo (fora da dobra)
par-0084,0.0047515030018985,estudo (fora da dobra)
par-0085,0.911305606365204,estudo (fora da dobra)
par-0086,0.0057002692483365,estudo (fora da dobra)
par-0087,0.0042390502057969,estudo (fora da dobra)
par-0088,0.004353673197329,estudo (fora da dobra)
par-0089,0.0040470953099429,estudo (fora da dobra)
par-0090,0.0046060946770012,estudo (fora da dobra)
par-0091,0.0059003308415412,estudo (fora da dobra)
par-0092,0.0058551654219627,estudo (fora da dobra)
par-0093,0.910037875175476,estudo (fora da dobra)
par-0094,0.9938251972198486,estudo (fora da dobra)
par-0095,0.706741452217102,estudo (fora da dobra)
par-0096,0.0197179857641458,estudo (fora da dobra)
par-0097,0.0057294671423733,estudo (fora da dobra)
par-0098,0.0080678388476371,estudo (fora da dobra)
par-0099,0.965000331401825,estudo (fora da dobra)
par-0100,0.9922105073928832,estudo (fora da dobra)
par-0101,0.0155606362968683,estudo (fora da dobra)
par-0102,0.0046700849197804,estudo (fora da dobra)
par-0103,0.0046148020774126,estudo (fora da dobra)
par-0104,0.0566402710974216,estudo (fora da dobra)
par-0105,0.917239785194397,estudo (fora da dobra)
par-0106,0.9932472705841064,estudo (fora da dobra)
par-0107,0.0040034539997577,estudo (fora da dobra)
par-0108,0.1074427366256713,estudo (fora da dobra)
par-0109,0.0367302373051643,estudo (fora da dobra)
par-0110,0.006031849887222,estudo (fora da dobra)
par-0111,0.8739334344863892,estudo (fora da dobra)
par-0112,0.0057943020947277,estudo (fora da dobra)
par-0113,0.9940779209136964,estudo (fora da dobra)
par-0114,0.0035977985244244,estudo (fora da dobra)
par-0115,0.0085525261238217,estudo (fora da dobra)
par-0116,0.9914621114730836,estudo (fora da dobra)
par-0117,0.0051720296032726,estudo (fora da dobra)
par-0118,0.0055400226265192,estudo (fora da dobra)
par-0119,0.0031974138692021,estudo (fora da dobra)
par-0120,0.0042815958149731,estudo (fora da dobra)
par-0121,0.9941323399543762,estudo (fora da dobra)
par-0122,0.1551259756088256,estudo (fora da dobra)
par-0123,0.007201986387372,estudo (fora da dobra)
par-0124,0.0041266991756856,estudo (fora da dobra)
par-0125,0.9942386150360109,estudo (fora da dobra)
par-0126,0.0045006950385868,estudo (fora da dobra)
par-0127,0.0046522407792508,estudo (fora da dobra)
par-0128,0.9356471300125122,estudo (fora da dobra)
par-0129,0.0037880858872085,estudo (fora da dobra)
par-0130,0.3434981405735016,estudo (fora da dobra)
par-0131,0.0234878864139318,estudo (fora da dobra)
par-0132,0.0092588271945714,estudo (fora da dobra)
par-0133,0.0663042739033699,estudo (fora da dobra)
par-0134,0.011490105651319,estudo (fora da dobra)
par-0135,0.0519042760133743,estudo (fora da dobra)
par-0136,0.0043787159956991,estudo (fora da dobra)
par-0137,0.0050028515979647,estudo (fora da dobra)
par-0138,0.1483434736728668,estudo (fora da dobra)
par-0139,0.0390995778143405,estudo (fora da dobra)
par-0140,0.022803546860814,estudo (fora da dobra)
par-0141,0.0045252386480569,estudo (fora da dobra)
par-0142,0.7010168433189392,estudo (fora da dobra)
par-0143,0.9927725195884703,estudo (fora da dobra)
par-0144,0.3892918825149536,estudo (fora da dobra)
par-0145,0.0082034757360816,estudo (fora da dobra)
par-0146,0.0163356140255928,estudo (fora da dobra)
par-0147,0.0149913318455219,estudo (fora da dobra)
par-0148,0.0040926309302449,estudo (fora da dobra)
par-0149,0.0041294414550065,estudo (fora da dobra)
par-0150,0.2482814788818359,estudo (fora da dobra)
par-0151,0.9819053411483764,estudo (fora da dobra)
par-0152,0.0042164968326687,estudo (fora da dobra)
par-0153,0.0041312677785754,estudo (fora da dobra)
par-0154,0.0056571881286799,estudo (fora da dobra)
par-0155,0.0035357803571969,estudo (fora da dobra)
par-0156,0.884459376335144,estudo (fora da dobra)
par-0157,0.9747494459152222,estudo (fora da dobra)
par-0158,0.0038935721386224,estudo (fora da dobra)
par-0159,0.8587803244590759,estudo (fora da dobra)
par-0160,0.9941859245300292,estudo (fora da dobra)
par-0161,0.0061771245673298,estudo (fora da dobra)
par-0162,0.007319136057049,estudo (fora da dobra)
par-0163,0.0045758034102618,estudo (fora da dobra)
par-0164,0.7091864943504333,estudo (fora da dobra)
par-0165,0.0084109688177704,estudo (fora da dobra)
par-0166,0.0080345291644334,estudo (fora da dobra)
par-0167,0.0045638429000973,estudo (fora da dobra)
par-0168,0.0033350775483995,estudo (fora da dobra)
par-0169,0.0217700228095054,estudo (fora da dobra)
par-0170,0.1350569128990173,estudo (fora da dobra)
par-0171,0.0046402662992477,estudo (fora da dobra)
par-0172,0.0041596083901822,estudo (fora da dobra)
par-0173,0.0042839404195547,estudo (fora da dobra)
par-0174,0.9946137070655824,estudo (fora da dobra)
par-0175,0.0055887219496071,estudo (fora da dobra)
par-0176,0.9945666790008544,estudo (fora da dobra)
par-0177,0.0041501419618725,estudo (fora da dobra)
par-0178,0.9362614750862122,estudo (fora da dobra)
par-0179,0.0042544961906969,estudo (fora da dobra)
par-0180,0.9026390314102172,estudo (fora da dobra)
par-0181,0.0056623267009854,estudo (fora da dobra)
par-0182,0.9140955209732056,estudo (fora da dobra)
par-0183,0.9892155528068542,estudo (fora da dobra)
par-0184,0.0051725427620112,estudo (fora da dobra)
par-0185,0.9690225124359132,estudo (fora da dobra)
par-0186,0.006263215560466,estudo (fora da dobra)
par-0187,0.0070439665578305,estudo (fora da dobra)
par-0188,0.0255705248564481,estudo (fora da dobra)
par-0189,0.9881961941719056,estudo (fora da dobra)
par-0190,0.0446144118905067,estudo (fora da dobra)
par-0191,0.0041166683658957,estudo (fora da dobra)
par-0192,0.9458404779434204,estudo (fora da dobra)
par-0193,0.993815302848816,estudo (fora da dobra)
par-0194,0.0044149314053356,estudo (fora da dobra)
par-0195,0.9930739402770996,estudo (fora da dobra)
par-0196,0.0896956771612167,estudo (fora da dobra)
par-0197,0.0679872035980224,estudo (fora da dobra)
par-0198,0.991505205631256,estudo (fora da dobra)
par-0199,0.0064761242829263,estudo (fora da dobra)
par-0200,0.0044587408192455,estudo (fora da dobra)
par-0201,0.9707331657409668,estudo (fora da dobra)
par-0202,0.0051133017987012,estudo (fora da dobra)
par-0203,0.0067320126108825,estudo (fora da dobra)
par-0204,0.020130805671215,estudo (fora da dobra)
par-0205,0.983162522315979,estudo (fora da dobra)
par-0206,0.0032755422871559,estudo (fora da dobra)
par-0207,0.9927156567573548,estudo (fora da dobra)
par-0208,0.7868063449859619,estudo (fora da dobra)
par-0209,0.003577075432986,estudo (fora da dobra)
par-0210,0.1886072754859924,estudo (fora da dobra)
par-0211,0.980408012866974,estudo (fora da dobra)
par-0212,0.046372290700674,estudo (fora da dobra)
par-0213,0.0045478362590074,estudo (fora da dobra)
par-0214,0.0288574900478124,estudo (fora da dobra)
par-0215,0.0038411773275583,estudo (fora da dobra)
par-0216,0.1415532231330871,estudo (fora da dobra)
par-0217,0.0041055520996451,estudo (fora da dobra)
par-0218,0.0032018821220844,estudo (fora da dobra)
par-0219,0.0046934536658227,estudo (fora da dobra)
par-0220,0.9527758359909058,estudo (fora da dobra)
par-0221,0.0042421068064868,estudo (fora da dobra)
par-0222,0.0134409386664628,estudo (fora da dobra)
par-0223,0.9915192723274232,estudo (fora da dobra)
par-0224,0.9939206838607788,estudo (fora da dobra)
par-0225,0.0031589409336447,estudo (fora da dobra)
par-0226,0.08278189599514,estudo (fora da dobra)
par-0227,0.0043177148327231,estudo (fora da dobra)
par-0228,0.0058514224365353,estudo (fora da dobra)
par-0229,0.9944654107093812,estudo (fora da dobra)
par-0230,0.0048955674283206,estudo (fora da dobra)
par-0231,0.1259559839963913,estudo (fora da dobra)
par-0232,0.0044905329123139,estudo (fora da dobra)
par-0233,0.0144357653334736,estudo (fora da dobra)
par-0234,0.0053160921670496,estudo (fora da dobra)
par-0235,0.0695023238658905,estudo (fora da dobra)
par-0236,0.0056871231645345,estudo (fora da dobra)
par-0237,0.9946261048316956,estudo (fora da dobra)
par-0238,0.0364813692867755,estudo (fora da dobra)
par-0239,0.3299784958362579,estudo (fora da dobra)
par-0240,0.0044846637174487,estudo (fora da dobra)
par-0241,0.004833071026951,estudo (fora da dobra)
par-0242,0.007204970344901,estudo (fora da dobra)
par-0243,0.1430933624505996,estudo (fora da dobra)
par-0244,0.0058725997805595,estudo (fora da dobra)
par-0245,0.9711848497390748,estudo (fora da dobra)
par-0246,0.9944016337394714,estudo (fora da dobra)
par-0247,0.0196182038635015,estudo (fora da dobra)
par-0248,0.0031174807809293,estudo (fora da dobra)
par-0249,0.0040352381765842,estudo (fora da dobra)
par-0250,0.0045287953689694,estudo (fora da dobra)
par-0251,0.9872598648071288,estudo (fora da dobra)
par-0252,0.0047995266504585,estudo (fora da dobra)
par-0253,0.0252952296286821,estudo (fora da dobra)
par-0254,0.0146167902275919,estudo (fora da dobra)
par-0255,0.0224102195352315,estudo (fora da dobra)
par-0256,0.066200390458107,estudo (fora da dobra)
par-0257,0.012625453993678,estudo (fora da dobra)
par-0258,0.0081034786999225,estudo (fora da dobra)
par-0259,0.017620725557208,estudo (fora da dobra)
par-0260,0.0041946424171328,estudo (fora da dobra)
par-0261,0.004511987324804,estudo (fora da dobra)
par-0262,0.0043036886490881,estudo (fora da dobra)
par-0263,0.0421005450189113,estudo (fora da dobra)
par-0264,0.0045675444416701,estudo (fora da dobra)
par-0265,0.0176076963543891,estudo (fora da dobra)
par-0266,0.0047640427947044,estudo (fora da dobra)
par-0267,0.9302836060523988,estudo (fora da dobra)
par-0268,0.0032031149603426,estudo (fora da dobra)
par-0269,0.0120207769796252,estudo (fora da dobra)
par-0270,0.7840721607208252,estudo (fora da dobra)
par-0271,0.0036092044319957,estudo (fora da dobra)
par-0272,0.0059428378008306,estudo (fora da dobra)
par-0273,0.0097566898912191,estudo (fora da dobra)
par-0274,0.7123236060142517,estudo (fora da dobra)
par-0275,0.0073235929012298,estudo (fora da dobra)
par-0276,0.0032628078479319,estudo (fora da dobra)
par-0277,0.0040585338138043,estudo (fora da dobra)
par-0278,0.926125943660736,estudo (fora da dobra)
par-0279,0.0058539356105029,estudo (fora da dobra)
par-0280,0.0153700532391667,estudo (fora da dobra)
par-0281,0.0103723658248782,estudo (fora da dobra)
par-0282,0.9904476404190063,estudo (fora da dobra)
par-0283,0.2292912900447845,estudo (fora da dobra)
par-0284,0.007850051857531,estudo (fora da dobra)
par-0285,0.9924039244651794,estudo (fora da dobra)
par-0286,0.0154118258506059,estudo (fora da dobra)
par-0287,0.0130926882848143,estudo (fora da dobra)
par-0288,0.0032952511683106,estudo (fora da dobra)
par-0289,0.3153184950351715,estudo (fora da dobra)
par-0290,0.0056653399951756,estudo (fora da dobra)
par-0291,0.0099394675344228,estudo (fora da dobra)
par-0292,0.8685095310211182,estudo (fora da dobra)
par-0293,0.0046013705432415,estudo (fora da dobra)
par-0294,0.0211893357336521,estudo (fora da dobra)
par-0295,0.0043357261456549,estudo (fora da dobra)
par-0296,0.9938596487045288,estudo (fora da dobra)
par-0297,0.99076509475708,estudo (fora da dobra)
par-0298,0.9874179363250732,estudo (fora da dobra)
par-0299,0.9705731272697448,estudo (fora da dobra)
par-0300,0.9897556900978088,estudo (fora da dobra)
par-0301,0.0044613541103899,estudo (fora da dobra)
par-0302,0.127258226275444,estudo (fora da dobra)
par-0303,0.9763379693031312,estudo (fora da dobra)
par-0304,0.9941562414169312,estudo (fora da dobra)
par-0305,0.0042982306331396,estudo (fora da dobra)
par-0306,0.0043352977372705,estudo (fora da dobra)
par-0307,0.9775131344795228,estudo (fora da dobra)
par-0308,0.005174005869776,estudo (fora da dobra)
par-0309,0.0039525846950709,estudo (fora da dobra)
par-0310,0.9912618398666382,estudo (fora da dobra)
par-0311,0.1205925419926643,estudo (fora da dobra)
par-0312,0.0620960183441638,estudo (fora da dobra)
par-0313,0.4818983674049377,estudo (fora da dobra)
par-0314,0.0058078737929463,estudo (fora da dobra)
par-0315,0.0031581933144479,estudo (fora da dobra)
par-0316,0.9692224860191344,estudo (fora da dobra)
par-0317,0.1805578768253326,estudo (fora da dobra)
par-0318,0.983583390712738,estudo (fora da dobra)
par-0319,0.0079230889678001,estudo (fora da dobra)
par-0320,0.993097722530365,estudo (fora da dobra)
par-0321,0.5319370627403259,estudo (fora da dobra)
par-0322,0.0040790834464132,estudo (fora da dobra)
par-0323,0.1805142611265182,estudo (fora da dobra)
par-0324,0.0045688799582421,estudo (fora da dobra)
par-0325,0.0609284974634647,estudo (fora da dobra)
par-0326,0.836685836315155,estudo (fora da dobra)
par-0327,0.0061787283048033,estudo (fora da dobra)
par-0328,0.7148941159248352,estudo (fora da dobra)
par-0329,0.0048572812229394,estudo (fora da dobra)
par-0330,0.0692745745182037,estudo (fora da dobra)
par-0331,0.0052121160551905,estudo (fora da dobra)
par-0332,0.4704737961292267,estudo (fora da dobra)
par-0333,0.4545359313488006,estudo (fora da dobra)
par-0334,0.0037859412841498,estudo (fora da dobra)
par-0335,0.0379486344754695,estudo (fora da dobra)
par-0336,0.0035015793982893,estudo (fora da dobra)
par-0337,0.004517626017332,estudo (fora da dobra)
par-0338,0.0295498184859752,estudo (fora da dobra)
par-0339,0.030597822740674,estudo (fora da dobra)
par-0340,0.0089386086910963,estudo (fora da dobra)
par-0341,0.0057116127572953,estudo (fora da dobra)
par-0342,0.0208997689187526,estudo (fora da dobra)
par-0343,0.7323298454284668,estudo (fora da dobra)
par-0344,0.0053561986424028,estudo (fora da dobra)
par-0345,0.9701346755027772,estudo (fora da dobra)
par-0346,0.969913125038147,estudo (fora da dobra)
par-0347,0.0053675584495067,estudo (fora da dobra)
par-0348,0.9945053458213806,estudo (fora da dobra)
par-0349,0.0892568901181221,estudo (fora da dobra)
par-0350,0.0050307330675423,estudo (fora da dobra)
par-0351,0.9038233757019044,estudo (fora da dobra)
par-0352,0.994867205619812,estudo (fora da dobra)
par-0353,0.987421989440918,estudo (fora da dobra)
par-0354,0.007689400576055,estudo (fora da dobra)
par-0355,0.0040157004259526,estudo (fora da dobra)
par-0356,0.0814615786075592,estudo (fora da dobra)
par-0357,0.0236979089677333,estudo (fora da dobra)
par-0358,0.9933120608329772,estudo (fora da dobra)
par-0359,0.0143241733312606,estudo (fora da dobra)
par-0360,0.991496443748474,estudo (fora da dobra)
par-0361,0.0043934499844908,estudo (fora da dobra)
par-0362,0.0065001575276255,estudo (fora da dobra)
par-0363,0.0423702299594879,estudo (fora da dobra)
par-0364,0.2588513493537903,estudo (fora da dobra)
par-0365,0.1165059879422187,estudo (fora da dobra)
par-0366,0.9920957684516908,estudo (fora da dobra)
par-0367,0.0032478477805852,estudo (fora da dobra)
par-0368,0.0204985328018665,estudo (fora da dobra)
par-0369,0.0309686008840799,estudo (fora da dobra)
par-0370,0.98628968000412,estudo (fora da dobra)
par-0371,0.9854117035865784,estudo (fora da dobra)
par-0372,0.9906101822853088,estudo (fora da dobra)
par-0373,0.9943501353263856,estudo (fora da dobra)
par-0374,0.0220853220671415,estudo (fora da dobra)
par-0375,0.991476833820343,estudo (fora da dobra)
par-0376,0.1276275664567947,estudo (fora da dobra)
par-0377,0.7709933519363403,estudo (fora da dobra)
par-0378,0.5220281481742859,estudo (fora da dobra)
par-0379,0.0032744575291872,estudo (fora da dobra)
par-0380,0.0073087676428258,estudo (fora da dobra)
par-0381,0.0048787617124617,estudo (fora da dobra)
par-0382,0.0038992241024971,estudo (fora da dobra)
par-0383,0.2294841408729553,estudo (fora da dobra)
par-0384,0.0045020156539976,estudo (fora da dobra)
par-0385,0.0054626800119876,estudo (fora da dobra)
par-0386,0.0041103861294686,estudo (fora da dobra)
par-0387,0.0043024527840316,estudo (fora da dobra)
par-0388,0.0129254907369613,estudo (fora da dobra)
par-0389,0.970805525779724,estudo (fora da dobra)
par-0390,0.9422706961631776,estudo (fora da dobra)
par-0391,0.9920241832733154,estudo (fora da dobra)
par-0392,0.9724323749542236,estudo (fora da dobra)
par-0393,0.3293676078319549,estudo (fora da dobra)
par-0394,0.992557406425476,estudo (fora da dobra)
par-0395,0.9937509894371032,estudo (fora da dobra)
par-0396,0.0040488578379154,estudo (fora da dobra)
par-0397,0.9759266972541808,estudo (fora da dobra)
par-0398,0.0258728899061679,estudo (fora da dobra)
par-0399,0.0451649166643619,estudo (fora da dobra)
par-0400,0.9934723377227784,estudo (fora da dobra)
par-0401,0.0042486861348152,estudo (fora da dobra)
par2-0001,0.0057738102041184,estudo (fora da dobra)
par2-0002,0.003613703418523,estudo (fora da dobra)
par2-0003,0.0059610432945191,estudo (fora da dobra)
par2-0004,0.2459632456302642,estudo (fora da dobra)
par2-0005,0.0250900741666555,estudo (fora da dobra)
par2-0006,0.0080468021333217,estudo (fora da dobra)
par2-0007,0.0320407636463642,estudo (fora da dobra)
par2-0008,0.011836064979434,estudo (fora da dobra)
par2-0009,0.0787200182676315,estudo (fora da dobra)
par2-0010,0.0058173281140625,estudo (fora da dobra)
par2-0011,0.935555636882782,estudo (fora da dobra)
par2-0012,0.0242331977933645,estudo (fora da dobra)
par2-0013,0.0044559179805219,estudo (fora da dobra)
par2-0014,0.0038962007965892,estudo (fora da dobra)
par2-0015,0.9937403202056884,estudo (fora da dobra)
par2-0016,0.7812347412109375,estudo (fora da dobra)
par2-0017,0.4063331186771393,estudo (fora da dobra)
par2-0018,0.8246271014213562,estudo (fora da dobra)
par2-0019,0.0056242058053612,estudo (fora da dobra)
par2-0020,0.0051319701597094,estudo (fora da dobra)
par2-0021,0.9870460033416748,estudo (fora da dobra)
par2-0022,0.0064333491027355,estudo (fora da dobra)
par2-0023,0.0037752983625978,estudo (fora da dobra)
par2-0024,0.0042010406032204,estudo (fora da dobra)
par2-0025,0.0123924249783158,estudo (fora da dobra)
par2-0026,0.0033330365549772,estudo (fora da dobra)
par2-0027,0.0211904179304838,estudo (fora da dobra)
par2-0028,0.0049869352951645,estudo (fora da dobra)
par2-0029,0.0069979075342416,estudo (fora da dobra)
par2-0030,0.050665583461523,estudo (fora da dobra)
par2-0031,0.0077992547303438,estudo (fora da dobra)
par2-0032,0.8124486804008484,estudo (fora da dobra)
par2-0033,0.0446259602904319,estudo (fora da dobra)
par2-0034,0.0441782660782337,estudo (fora da dobra)
par2-0035,0.9934857487678528,estudo (fora da dobra)
par2-0036,0.0080972677096724,estudo (fora da dobra)
par2-0037,0.977888822555542,estudo (fora da dobra)
par2-0038,0.0040607140399515,estudo (fora da dobra)
par2-0039,0.0166464690119028,estudo (fora da dobra)
par2-0040,0.0029654751997441,estudo (fora da dobra)
par2-0041,0.986641764640808,estudo (fora da dobra)
par2-0042,0.9935089945793152,estudo (fora da dobra)
par2-0043,0.0035433720331639,estudo (fora da dobra)
par2-0044,0.0040260194800794,estudo (fora da dobra)
par2-0045,0.99504292011261,estudo (fora da dobra)
par2-0046,0.108626864850521,estudo (fora da dobra)
par2-0047,0.0166259128600358,estudo (fora da dobra)
par2-0048,0.0035957526415586,estudo (fora da dobra)
par2-0049,0.0041005676612257,estudo (fora da dobra)
par2-0050,0.0052802441641688,estudo (fora da dobra)
par2-0051,0.0040102493949234,estudo (fora da dobra)
par2-0052,0.004182887263596,estudo (fora da dobra)
par2-0053,0.0394837483763694,estudo (fora da dobra)
par2-0054,0.0450544841587543,estudo (fora da dobra)
par2-0055,0.8802619576454163,estudo (fora da dobra)
par2-0056,0.9604365825653076,estudo (fora da dobra)
par2-0057,0.0042015179060399,estudo (fora da dobra)
par2-0058,0.0032559265382587,estudo (fora da dobra)
par2-0059,0.0043043019250035,estudo (fora da dobra)
par2-0060,0.0084107462316751,estudo (fora da dobra)
par2-0061,0.994657576084137,estudo (fora da dobra)
par2-0062,0.0059968419373035,estudo (fora da dobra)
par2-0063,0.0029905603732913,estudo (fora da dobra)
par2-0064,0.8750450611114502,estudo (fora da dobra)
par2-0065,0.7274155020713806,estudo (fora da dobra)
par2-0066,0.0089006219059228,estudo (fora da dobra)
par2-0067,0.97181636095047,estudo (fora da dobra)
par2-0068,0.7766069173812866,estudo (fora da dobra)
par2-0069,0.9813599586486816,estudo (fora da dobra)
par2-0070,0.0048330528661608,estudo (fora da dobra)
par2-0071,0.3581676483154297,estudo (fora da dobra)
par2-0072,0.0040409071370959,estudo (fora da dobra)
par2-0073,0.9836205244064332,estudo (fora da dobra)
par2-0074,0.9738529920578004,estudo (fora da dobra)
par2-0075,0.0047325850464403,estudo (fora da dobra)
par2-0076,0.866733729839325,estudo (fora da dobra)
par2-0077,0.7495375871658325,estudo (fora da dobra)
par2-0078,0.0030361860990524,estudo (fora da dobra)
par2-0079,0.0051327664405107,estudo (fora da dobra)
par2-0080,0.0043774810619652,estudo (fora da dobra)
par2-0081,0.003712975885719,estudo (fora da dobra)
par2-0082,0.7935207486152649,estudo (fora da dobra)
par2-0083,0.0050130276940763,estudo (fora da dobra)
par2-0084,0.0062014102004468,estudo (fora da dobra)
par2-0085,0.979192852973938,estudo (fora da dobra)
par2-0086,0.3448286056518554,estudo (fora da dobra)
par2-0087,0.0045045618899166,estudo (fora da dobra)
par2-0088,0.0040394989773631,estudo (fora da dobra)
par2-0089,0.9784502387046814,estudo (fora da dobra)
par2-0090,0.1960239261388778,estudo (fora da dobra)
par2-0091,0.0045753885060548,estudo (fora da dobra)
par2-0092,0.0036544082686305,estudo (fora da dobra)
par2-0093,0.0116814095526933,estudo (fora da dobra)
par2-0094,0.0034916372969746,estudo (fora da dobra)
par2-0095,0.959597647190094,estudo (fora da dobra)
par2-0096,0.0426179282367229,estudo (fora da dobra)
par2-0097,0.0144419530406594,estudo (fora da dobra)
par2-0098,0.0041783889755606,estudo (fora da dobra)
par2-0099,0.0062555861659348,estudo (fora da dobra)
par2-0100,0.9932271838188172,estudo (fora da dobra)
par2-0101,0.9944822788238524,estudo (fora da dobra)
par2-0102,0.991995096206665,estudo (fora da dobra)
par2-0103,0.0062237228266894,estudo (fora da dobra)
par2-0104,0.943283200263977,estudo (fora da dobra)
par2-0105,0.0051546543836593,estudo (fora da dobra)
par2-0106,0.0031367151532322,estudo (fora da dobra)
par2-0107,0.0044333944097161,estudo (fora da dobra)
par2-0108,0.9937570095062256,estudo (fora da dobra)
par2-0109,0.0348826758563518,estudo (fora da dobra)
par2-0110,0.0709336549043655,estudo (fora da dobra)
par2-0111,0.0338522419333457,estudo (fora da dobra)
par2-0112,0.0045068650506436,estudo (fora da dobra)
par2-0113,0.0064740744419395,estudo (fora da dobra)
par2-0114,0.9910513162612916,estudo (fora da dobra)
par2-0115,0.9950416684150696,estudo (fora da dobra)
par2-0116,0.0044387117959558,estudo (fora da dobra)
par2-0117,0.0041893953457474,estudo (fora da dobra)
par2-0118,0.1652367264032364,estudo (fora da dobra)
par2-0119,0.9862581491470336,estudo (fora da dobra)
par2-0120,0.9646887183189392,estudo (fora da dobra)
par2-0121,0.0352118909358978,estudo (fora da dobra)
par2-0122,0.2241432815790176,estudo (fora da dobra)
par2-0123,0.008928800933063,estudo (fora da dobra)
par2-0124,0.9912898540496826,estudo (fora da dobra)
par2-0125,0.0134754618629813,estudo (fora da dobra)
par2-0126,0.0058398833498358,estudo (fora da dobra)
par2-0127,0.0060150711797177,estudo (fora da dobra)
par2-0128,0.0038344210479408,estudo (fora da dobra)
par2-0129,0.994140088558197,estudo (fora da dobra)
par2-0130,0.3792102336883545,estudo (fora da dobra)
par2-0131,0.981455624103546,estudo (fora da dobra)
par2-0132,0.0048847217112779,estudo (fora da dobra)
par2-0133,0.1116116568446159,estudo (fora da dobra)
par2-0134,0.0065116169862449,estudo (fora da dobra)
par2-0135,0.0044268015772104,estudo (fora da dobra)
par2-0136,0.75075763463974,estudo (fora da dobra)
par2-0137,0.0036832988262176,estudo (fora da dobra)
par2-0138,0.0812674239277839,estudo (fora da dobra)
par2-0139,0.993187665939331,estudo (fora da dobra)
par2-0140,0.9890097975730896,estudo (fora da dobra)
par2-0141,0.0491491220891475,estudo (fora da dobra)
par2-0142,0.9622490406036376,estudo (fora da dobra)
par2-0143,0.9107338190078736,estudo (fora da dobra)
par2-0144,0.9830974340438844,estudo (fora da dobra)
par2-0145,0.0047467900440096,estudo (fora da dobra)
par2-0146,0.003962364513427,estudo (fora da dobra)
par2-0147,0.9948114156723022,estudo (fora da dobra)
par2-0148,0.916363000869751,estudo (fora da dobra)
par2-0149,0.0851005986332893,estudo (fora da dobra)
par2-0150,0.4749607145786285,estudo (fora da dobra)
par2-0151,0.086215041577816,estudo (fora da dobra)
par2-0152,0.9894696474075316,estudo (fora da dobra)
par2-0153,0.0900493636727333,estudo (fora da dobra)
par2-0154,0.3542002439498901,estudo (fora da dobra)
par2-0155,0.0145959183573722,estudo (fora da dobra)
par2-0156,0.0056870151311159,estudo (fora da dobra)
par2-0157,0.0061331200413405,estudo (fora da dobra)
par2-0158,0.0036710139829665,estudo (fora da dobra)
par2-0159,0.0263893455266952,estudo (fora da dobra)
par2-0160,0.015456760302186,estudo (fora da dobra)
par2-0161,0.0067222220823168,estudo (fora da dobra)
par2-0162,0.777697741985321,estudo (fora da dobra)
par2-0163,0.003385740565136,estudo (fora da dobra)
par2-0164,0.9936710596084596,estudo (fora da dobra)
par2-0165,0.004851022735238,estudo (fora da dobra)
par2-0166,0.0040569305419921,estudo (fora da dobra)
par2-0167,0.0424296744167804,estudo (fora da dobra)
par2-0168,0.0039296727627515,estudo (fora da dobra)
par2-0169,0.012187534943223,estudo (fora da dobra)
par2-0170,0.003780145663768,estudo (fora da dobra)
par2-0171,0.9693428874015808,estudo (fora da dobra)
par2-0172,0.987027108669281,estudo (fora da dobra)
par2-0173,0.0064471154473721,estudo (fora da dobra)
par2-0174,0.0203452594578266,estudo (fora da dobra)
par2-0175,0.0034323560539633,estudo (fora da dobra)
par2-0176,0.9782904982566832,estudo (fora da dobra)
par2-0177,0.0033408326562494,estudo (fora da dobra)
par2-0178,0.003553413785994,estudo (fora da dobra)
par2-0179,0.0073948157951235,estudo (fora da dobra)
par2-0180,0.0049803578294813,estudo (fora da dobra)
par2-0181,0.0043008681386709,estudo (fora da dobra)
par2-0182,0.9936747550964355,estudo (fora da dobra)
par2-0183,0.0037833128590136,estudo (fora da dobra)
par2-0184,0.0059347222559154,estudo (fora da dobra)
par2-0185,0.0192331578582525,estudo (fora da dobra)
par2-0186,0.0773553028702735,estudo (fora da dobra)
par2-0187,0.0045922524295747,estudo (fora da dobra)
par2-0188,0.0808063820004463,estudo (fora da dobra)
par2-0189,0.0040125316008925,estudo (fora da dobra)
par2-0190,0.0036763865500688,estudo (fora da dobra)
par2-0191,0.9885247349739076,estudo (fora da dobra)
par2-0192,0.097362495958805,estudo (fora da dobra)
par2-0193,0.0034510595723986,estudo (fora da dobra)
par2-0194,0.7960264682769775,estudo (fora da dobra)
par2-0195,0.0040403832681477,estudo (fora da dobra)
par2-0196,0.0054765651002526,estudo (fora da dobra)
par2-0197,0.0055601983331143,estudo (fora da dobra)
par2-0198,0.2790480852127075,estudo (fora da dobra)
par2-0199,0.0036065473686903,estudo (fora da dobra)
par2-0200,0.0107832755893468,estudo (fora da dobra)
par2-0201,0.0037307948805391,estudo (fora da dobra)
par2-0202,0.0179976802319288,estudo (fora da dobra)
par2-0203,0.0057654455304145,estudo (fora da dobra)
par2-0204,0.0163434166461229,estudo (fora da dobra)
par2-0205,0.7891982793807983,estudo (fora da dobra)
par2-0206,0.0067561767064034,estudo (fora da dobra)
par2-0207,0.1128808334469795,estudo (fora da dobra)
par2-0208,0.9659805297851562,estudo (fora da dobra)
par2-0209,0.0031112749129533,estudo (fora da dobra)
par2-0210,0.0679727643728256,estudo (fora da dobra)
par2-0211,0.994778037071228,estudo (fora da dobra)
par2-0212,0.0046681771054863,estudo (fora da dobra)
par2-0213,0.9845656752586364,estudo (fora da dobra)
par2-0214,0.6273974776268005,estudo (fora da dobra)
par2-0215,0.020820029079914,estudo (fora da dobra)
par2-0216,0.6402137279510498,estudo (fora da dobra)
par2-0217,0.0072577632963657,estudo (fora da dobra)
par2-0218,0.3658789992332458,estudo (fora da dobra)
par2-0219,0.0188849214464426,estudo (fora da dobra)
par2-0220,0.0047228117473423,estudo (fora da dobra)
par2-0221,0.6734901666641235,estudo (fora da dobra)
par2-0222,0.004026164766401,estudo (fora da dobra)
par2-0223,0.0068503338843584,estudo (fora da dobra)
par2-0224,0.0043343491852283,estudo (fora da dobra)
par2-0225,0.9828807711601256,estudo (fora da dobra)
par2-0226,0.9787969589233398,estudo (fora da dobra)
par2-0227,0.005125209223479,estudo (fora da dobra)
par2-0228,0.6421952843666077,estudo (fora da dobra)
par2-0229,0.9950205087661744,estudo (fora da dobra)
par2-0230,0.9867204427719116,estudo (fora da dobra)
par2-0231,0.9942427277565002,estudo (fora da dobra)
par2-0232,0.0046802251599729,estudo (fora da dobra)
par2-0233,0.9945817589759828,estudo (fora da dobra)
par2-0234,0.994797706604004,estudo (fora da dobra)
par2-0235,0.0031727205496281,estudo (fora da dobra)
par2-0236,0.9882672429084778,estudo (fora da dobra)
par2-0237,0.0042344592511653,estudo (fora da dobra)
par2-0238,0.9840713739395142,estudo (fora da dobra)
par2-0239,0.0040093162097036,estudo (fora da dobra)
par2-0240,0.0378626510500907,estudo (fora da dobra)
par2-0241,0.0039910459890961,estudo (fora da dobra)
par2-0242,0.0050229537300765,estudo (fora da dobra)
par2-0243,0.1813998520374298,estudo (fora da dobra)
par2-0244,0.0718411803245544,estudo (fora da dobra)
par2-0245,0.0650814697146415,estudo (fora da dobra)
par2-0246,0.0051313792355358,estudo (fora da dobra)
par2-0247,0.3920317590236664,estudo (fora da dobra)
par2-0248,0.0158765483647584,estudo (fora da dobra)
par2-0249,0.0040551852434873,estudo (fora da dobra)
par2-0250,0.0040265666320919,estudo (fora da dobra)
par2-0251,0.9908326268196106,estudo (fora da dobra)
par2-0252,0.004077442921698,estudo (fora da dobra)
par2-0253,0.0053384527564048,estudo (fora da dobra)
par2-0254,0.0054467939771711,estudo (fora da dobra)
par2-0255,0.0047986814752221,estudo (fora da dobra)
par2-0256,0.9934365749359132,estudo (fora da dobra)
par2-0257,0.0084189223125576,estudo (fora da dobra)
par2-0258,0.602327287197113,estudo (fora da dobra)
par2-0259,0.0048544197343289,estudo (fora da dobra)
par2-0260,0.0043022115714848,estudo (fora da dobra)
par2-0261,0.0119544668123126,estudo (fora da dobra)
par2-0262,0.0044401385821402,estudo (fora da dobra)
par2-0263,0.9021536707878112,estudo (fora da dobra)
par2-0264,0.0036806343123316,estudo (fora da dobra)
par2-0265,0.0188021175563335,estudo (fora da dobra)
par2-0266,0.0067675001919269,estudo (fora da dobra)
par2-0267,0.0203342474997043,estudo (fora da dobra)
par2-0268,0.0481565557420253,estudo (fora da dobra)
par2-0269,0.0032737122382968,estudo (fora da dobra)
par2-0270,0.0035431082360446,estudo (fora da dobra)
par2-0271,0.0039344239048659,estudo (fora da dobra)
par2-0272,0.9732605814933776,estudo (fora da dobra)
par2-0273,0.0058240364305675,estudo (fora da dobra)
par2-0274,0.0050663878209888,estudo (fora da dobra)
par2-0275,0.0048746750690042,estudo (fora da dobra)
par2-0276,0.0048051667399704,estudo (fora da dobra)
par2-0277,0.0090665714815258,estudo (fora da dobra)
par2-0278,0.0061977137811481,estudo (fora da dobra)
par2-0279,0.0057588946074247,estudo (fora da dobra)
par2-0280,0.0030537520069628,estudo (fora da dobra)
par2-0281,0.0037725716829299,estudo (fora da dobra)
par2-0282,0.0065257661044597,estudo (fora da dobra)
par2-0283,0.9693278670310974,estudo (fora da dobra)
par2-0284,0.0043690847232937,estudo (fora da dobra)
par2-0285,0.0036793393082916,estudo (fora da dobra)
par2-0286,0.1056780070066452,estudo (fora da dobra)
par2-0287,0.5225628018379211,estudo (fora da dobra)
par2-0288,0.0032203928567469,estudo (fora da dobra)
par2-0289,0.0028958718758076,estudo (fora da dobra)
par2-0290,0.167443960905075,estudo (fora da dobra)
par2-0291,0.0061898306012153,estudo (fora da dobra)
par2-0292,0.0073033650405704,estudo (fora da dobra)
par2-0293,0.0315398387610912,estudo (fora da dobra)
par2-0294,0.0204957295209169,estudo (fora da dobra)
par2-0295,0.0035790456458926,estudo (fora da dobra)
par2-0296,0.0046535064466297,estudo (fora da dobra)
par2-0297,0.0070319669321179,estudo (fora da dobra)
par2-0298,0.0046687400899827,estudo (fora da dobra)
par2-0299,0.0078578107059001,estudo (fora da dobra)
par2-0300,0.0287394914776086,estudo (fora da dobra)
par2-0301,0.0632470622658729,estudo (fora da dobra)
par2-0302,0.0036282818764448,estudo (fora da dobra)
par2-0303,0.0057012857869267,estudo (fora da dobra)
par2-0304,0.0053768609650433,estudo (fora da dobra)
par2-0305,0.0418431460857391,estudo (fora da dobra)
par2-0306,0.0062172547914087,estudo (fora da dobra)
par2-0307,0.0044902744702994,estudo (fora da dobra)
par2-0308,0.0436325147747993,estudo (fora da dobra)
par2-0309,0.9949435591697692,estudo (fora da dobra)
par2-0310,0.0174050703644752,estudo (fora da dobra)
par2-0311,0.0042948643676936,estudo (fora da dobra)
par2-0312,0.0067322491668164,estudo (fora da dobra)
par2-0313,0.0046467944048345,estudo (fora da dobra)
par2-0314,0.0961025431752204,estudo (fora da dobra)
par2-0315,0.0059761307202279,estudo (fora da dobra)
par2-0316,0.963391363620758,estudo (fora da dobra)
par2-0317,0.0061048432253301,estudo (fora da dobra)
par2-0318,0.9944774508476256,estudo (fora da dobra)
par2-0319,0.0448395386338233,estudo (fora da dobra)
par2-0320,0.0037462941836565,estudo (fora da dobra)
par2-0321,0.0035375149454921,estudo (fora da dobra)
par2-0322,0.1491822004318237,estudo (fora da dobra)
par2-0323,0.0036914672236889,estudo (fora da dobra)
par2-0324,0.3434194326400757,estudo (fora da dobra)
par2-0325,0.7846453189849854,estudo (fora da dobra)
par2-0326,0.0242938362061977,estudo (fora da dobra)
par2-0327,0.6656240224838257,estudo (fora da dobra)
par2-0328,0.9917263984680176,estudo (fora da dobra)
par2-0329,0.0095982905477285,estudo (fora da dobra)
par2-0330,0.9806280136108398,estudo (fora da dobra)
par2-0331,0.0056845429353415,estudo (fora da dobra)
par2-0332,0.0040353992953896,estudo (fora da dobra)
par2-0333,0.0057400977239012,estudo (fora da dobra)
par2-0334,0.0045025050640106,estudo (fora da dobra)
par2-0335,0.0077565861865878,estudo (fora da dobra)
par2-0336,0.0053311102092266,estudo (fora da dobra)
par2-0337,0.004370842128992,estudo (fora da dobra)
par2-0338,0.0054255304858088,estudo (fora da dobra)
par2-0339,0.6047560572624207,estudo (fora da dobra)
par2-0340,0.993984878063202,estudo (fora da dobra)
par2-0341,0.0039161308668553,estudo (fora da dobra)
par2-0342,0.0056840875186026,estudo (fora da dobra)
par2-0343,0.0049933730624616,estudo (fora da dobra)
par2-0344,0.0048702750355005,estudo (fora da dobra)
par2-0345,0.012104689143598,estudo (fora da dobra)
par2-0346,0.010380302555859,estudo (fora da dobra)
par2-0347,0.0308596137911081,estudo (fora da dobra)
par2-0348,0.0041244481690227,estudo (fora da dobra)
par2-0349,0.0049497541040182,estudo (fora da dobra)
par2-0350,0.0045807710848748,estudo (fora da dobra)
par2-0351,0.012507414445281,estudo (fora da dobra)
par2-0352,0.0051083392463624,estudo (fora da dobra)
par2-0353,0.0042380220256745,estudo (fora da dobra)
par2-0354,0.0039976020343601,estudo (fora da dobra)
par2-0355,0.0038730374071747,estudo (fora da dobra)
par2-0356,0.98436176776886,estudo (fora da dobra)
par2-0357,0.0032523474656045,estudo (fora da dobra)
par2-0358,0.004353673197329,estudo (fora da dobra)
par2-0359,0.592694103717804,estudo (fora da dobra)
par2-0360,0.0047727571800351,estudo (fora da dobra)
par2-0361,0.9190884828567504,estudo (fora da dobra)
par2-0362,0.0050395908765494,estudo (fora da dobra)
par2-0363,0.9947808384895324,estudo (fora da dobra)
par2-0364,0.0033846418373286,estudo (fora da dobra)
par2-0365,0.0050125834532082,estudo (fora da dobra)
par2-0366,0.0795459598302841,estudo (fora da dobra)
par2-0367,0.0931257158517837,estudo (fora da dobra)
par2-0368,0.0039971978403627,estudo (fora da dobra)
par2-0369,0.0564725399017334,estudo (fora da dobra)
par2-0370,0.9795140027999878,estudo (fora da dobra)
par2-0371,0.0040974360890686,estudo (fora da dobra)
par2-0372,0.0050102886743843,estudo (fora da dobra)
par2-0373,0.0121763562783598,estudo (fora da dobra)
par2-0374,0.0036327166017144,estudo (fora da dobra)
par2-0375,0.3411692678928375,estudo (fora da dobra)
par2-0376,0.9930526614189148,estudo (fora da dobra)
par2-0377,0.5971104502677917,estudo (fora da dobra)
par2-0378,0.0071996957994997,estudo (fora da dobra)
par2-0379,0.0369110107421875,estudo (fora da dobra)
par2-0380,0.0455556288361549,estudo (fora da dobra)
par2-0381,0.98282790184021,estudo (fora da dobra)
par2-0382,0.0039089075289666,estudo (fora da dobra)
par2-0383,0.0053000343032181,estudo (fora da dobra)
par2-0384,0.0041887848637998,estudo (fora da dobra)
par2-0385,0.0066961613483726,estudo (fora da dobra)
par2-0386,0.0050535639747977,estudo (fora da dobra)
par2-0387,0.247793361544609,estudo (fora da dobra)
par2-0388,0.1978657096624374,estudo (fora da dobra)
par2-0389,0.929762363433838,estudo (fora da dobra)
par2-0390,0.9759647250175476,estudo (fora da dobra)
par2-0391,0.0154226701706647,estudo (fora da dobra)
par2-0392,0.950033962726593,estudo (fora da dobra)
par2-0393,0.0046674367040395,estudo (fora da dobra)
par2-0394,0.0085887406021356,estudo (fora da dobra)
par2-0395,0.9949394464492798,estudo (fora da dobra)
par2-0396,0.0335987918078899,estudo (fora da dobra)
par2-0397,0.4356139004230499,estudo (fora da dobra)
par2-0398,0.9920684099197388,estudo (fora da dobra)
par2-0399,0.0064152940176427,estudo (fora da dobra)
par2-0400,0.1669031381607055,estudo (fora da dobra)
par2-0401,0.154276967048645,estudo (fora da dobra)
par2-0402,0.3091627955436706,estudo (fora da dobra)
par2-0403,0.9847391843795776,estudo (fora da dobra)
par2-0404,0.0630957782268524,estudo (fora da dobra)
par2-0405,0.0552065335214138,estudo (fora da dobra)
par2-0406,0.9718785285949708,estudo (fora da dobra)
par2-0407,0.0272415615618228,estudo (fora da dobra)
par2-0408,0.0129734091460704,estudo (fora da dobra)
par2-0409,0.0077107073739171,estudo (fora da dobra)
par2-0410,0.0040798620320856,estudo (fora da dobra)
par2-0411,0.0040199267677962,estudo (fora da dobra)
par2-0412,0.0050242454744875,estudo (fora da dobra)
par2-0413,0.0539314225316047,estudo (fora da dobra)
par2-0414,0.0438410602509975,estudo (fora da dobra)
par2-0415,0.0141426241025328,estudo (fora da dobra)
par2-0416,0.003716362407431,estudo (fora da dobra)
par2-0417,0.0036999369040131,estudo (fora da dobra)
par2-0418,0.700412392616272,estudo (fora da dobra)
par2-0419,0.0041406555101275,estudo (fora da dobra)
par2-0420,0.0057467822916805,estudo (fora da dobra)
par2-0421,0.0037416401319205,estudo (fora da dobra)
par2-0422,0.1613600403070449,estudo (fora da dobra)
par2-0423,0.0043599968776106,estudo (fora da dobra)
par2-0424,0.3021359741687774,estudo (fora da dobra)
par2-0425,0.0757222026586532,estudo (fora da dobra)
par2-0426,0.0039222273044288,estudo (fora da dobra)
par2-0427,0.0039223856292665,estudo (fora da dobra)
par2-0428,0.015753736719489,estudo (fora da dobra)
par2-0429,0.9735363125801086,estudo (fora da dobra)
par2-0430,0.9650358557701112,estudo (fora da dobra)
par2-0431,0.9935433864593506,estudo (fora da dobra)
par2-0432,0.0894115790724754,estudo (fora da dobra)
par2-0433,0.0044375890865921,estudo (fora da dobra)
par2-0434,0.9186044931411744,estudo (fora da dobra)
par2-0435,0.994810938835144,estudo (fora da dobra)
par2-0436,0.0035411741118878,estudo (fora da dobra)
par2-0437,0.5808387398719788,estudo (fora da dobra)
par2-0438,0.0041137859225273,estudo (fora da dobra)
par2-0439,0.010750338435173,estudo (fora da dobra)
par2-0440,0.0497713945806026,estudo (fora da dobra)
par2-0441,0.993769109249115,estudo (fora da dobra)
par2-0442,0.0543921664357185,estudo (fora da dobra)
par2-0443,0.0052624591626226,estudo (fora da dobra)
par2-0444,0.003466825466603,estudo (fora da dobra)
par2-0445,0.0050751734524965,estudo (fora da dobra)
par2-0446,0.0050586205907166,estudo (fora da dobra)
par2-0447,0.3307514786720276,estudo (fora da dobra)
par2-0448,0.9741522073745728,estudo (fora da dobra)
par2-0449,0.0106356237083673,estudo (fora da dobra)
par2-0450,0.2378808706998825,estudo (fora da dobra)
par2-0451,0.9811916947364808,estudo (fora da dobra)
par2-0452,0.0052528781816363,estudo (fora da dobra)
par2-0453,0.0045079286210238,estudo (fora da dobra)
par2-0454,0.913057267665863,estudo (fora da dobra)
par2-0455,0.2970414161682129,estudo (fora da dobra)
par2-0456,0.0115285627543926,estudo (fora da dobra)
par2-0457,0.5830192565917969,estudo (fora da dobra)
par2-0458,0.0051878597587347,estudo (fora da dobra)
par2-0459,0.003689831122756,estudo (fora da dobra)
par2-0460,0.0152117414399981,estudo (fora da dobra)
par2-0461,0.9873861074447632,estudo (fora da dobra)
par2-0462,0.035876490175724,estudo (fora da dobra)
par2-0463,0.0256574936211109,estudo (fora da dobra)
par2-0464,0.0039548310451209,estudo (fora da dobra)
par2-0465,0.0043784040026366,estudo (fora da dobra)
par2-0466,0.9527443051338196,estudo (fora da dobra)
par2-0467,0.0050673251971602,estudo (fora da dobra)
par2-0468,0.0040710265748202,estudo (fora da dobra)
par2-0469,0.0051030032336711,estudo (fora da dobra)
par2-0470,0.0043915105052292,estudo (fora da dobra)
par2-0471,0.0669935643672943,estudo (fora da dobra)
par2-0472,0.0505595281720161,estudo (fora da dobra)
par2-0473,0.0071536689065396,estudo (fora da dobra)
par2-0474,0.0057115177623927,estudo (fora da dobra)
par2-0475,0.0341081470251083,estudo (fora da dobra)
par2-0476,0.9933761954307556,estudo (fora da dobra)
par2-0477,0.7419906258583069,estudo (fora da dobra)
par2-0478,0.9758970141410828,estudo (fora da dobra)
par2-0479,0.004068664740771,estudo (fora da dobra)
par2-0480,0.0268385950475931,estudo (fora da dobra)
par2-0481,0.0049411868676543,estudo (fora da dobra)
par2-0482,0.0038476835470646,estudo (fora da dobra)
par2-0483,0.0111003639176487,estudo (fora da dobra)
par2-0484,0.0042672432027757,estudo (fora da dobra)
par2-0485,0.0267007388174533,estudo (fora da dobra)
par2-0486,0.0043571204878389,estudo (fora da dobra)
par2-0487,0.2523412108421325,estudo (fora da dobra)
par2-0488,0.1094829812645912,estudo (fora da dobra)
par2-0489,0.0055860541760921,estudo (fora da dobra)
par2-0490,0.1130896285176277,estudo (fora da dobra)
par2-0491,0.1614248007535934,estudo (fora da dobra)
par2-0492,0.020570520311594,estudo (fora da dobra)
par2-0493,0.0031873369589447,estudo (fora da dobra)
par2-0494,0.0914025604724884,estudo (fora da dobra)
par2-0495,0.4125929772853851,estudo (fora da dobra)
par2-0496,0.003611022606492,estudo (fora da dobra)
par2-0497,0.005111975595355,estudo (fora da dobra)
par2-0498,0.4731620252132416,estudo (fora da dobra)
par2-0499,0.0043703420087695,estudo (fora da dobra)
par2-0500,0.0042103789746761,estudo (fora da dobra)
par2-0501,0.0256680659949779,estudo (fora da dobra)
par2-0502,0.9832043647766112,estudo (fora da dobra)
par2-0503,0.0052238632924854,estudo (fora da dobra)
par2-0504,0.974518656730652,estudo (fora da dobra)
par2-0505,0.004257935564965,estudo (fora da dobra)
par2-0506,0.0055090780369937,estudo (fora da dobra)
par2-0507,0.0072655761614441,estudo (fora da dobra)
par2-0508,0.0039925230666995,estudo (fora da dobra)
par2-0509,0.0034173098392784,estudo (fora da dobra)
par2-0510,0.1668397188186645,estudo (fora da dobra)
par2-0511,0.6548888683319092,estudo (fora da dobra)
par2-0512,0.993779957294464,estudo (fora da dobra)
par2-0513,0.0046120560728013,estudo (fora da dobra)
par2-0514,0.0045856460928916,estudo (fora da dobra)
par2-0515,0.0043504852801561,estudo (fora da dobra)
par2-0516,0.1340872794389724,estudo (fora da dobra)
par2-0517,0.0079864533618092,estudo (fora da dobra)
par2-0518,0.0034900016617029,estudo (fora da dobra)
par2-0519,0.0032889642752707,estudo (fora da dobra)
par2-0520,0.0039465236477553,estudo (fora da dobra)
par2-0521,0.0350784659385681,estudo (fora da dobra)
par2-0522,0.0034917236771434,estudo (fora da dobra)
par2-0523,0.0046867621131241,estudo (fora da dobra)
par2-0524,0.0192337557673454,estudo (fora da dobra)
par2-0525,0.9509482383728028,estudo (fora da dobra)
par2-0526,0.0105205057188868,estudo (fora da dobra)
par2-0527,0.1779180914163589,estudo (fora da dobra)
par2-0528,0.4187512397766113,estudo (fora da dobra)
par2-0529,0.9526270627975464,estudo (fora da dobra)
par2-0530,0.0059749973006546,estudo (fora da dobra)
par2-0531,0.0059977481141686,estudo (fora da dobra)
par2-0532,0.9933429956436156,estudo (fora da dobra)
par2-0533,0.0036772021558135,estudo (fora da dobra)
par2-0534,0.0110702449455857,estudo (fora da dobra)
par2-0535,0.0389613471925258,estudo (fora da dobra)
par2-0536,0.005556012969464,estudo (fora da dobra)
par2-0537,0.9831086993217468,estudo (fora da dobra)
par2-0538,0.0859336629509925,estudo (fora da dobra)
par2-0539,0.9874372482299804,estudo (fora da dobra)
par2-0540,0.0548357889056205,estudo (fora da dobra)
par2-0541,0.2196571230888366,estudo (fora da dobra)
par2-0542,0.8093106150627136,estudo (fora da dobra)
par2-0543,0.0053067123517394,estudo (fora da dobra)
par2-0544,0.993208110332489,estudo (fora da dobra)
par2-0545,0.9884090423583984,estudo (fora da dobra)
par2-0546,0.968995213508606,estudo (fora da dobra)
par2-0547,0.0049981400370597,estudo (fora da dobra)
par2-0548,0.6618127822875977,estudo (fora da dobra)
par2-0549,0.004198926500976,estudo (fora da dobra)
par2-0550,0.9778501987457277,estudo (fora da dobra)
par2-0551,0.0035492731258273,estudo (fora da dobra)
par2-0552,0.007727179210633,estudo (fora da dobra)
par2-0553,0.0277398321777582,estudo (fora da dobra)
par2-0554,0.9883946180343628,estudo (fora da dobra)
par2-0555,0.0039817099459469,estudo (fora da dobra)
par2-0556,0.0222676824778318,estudo (fora da dobra)
par2-0557,0.0044541163370013,estudo (fora da dobra)
par2-0558,0.0044013308361172,estudo (fora da dobra)
par2-0559,0.9863722920417786,estudo (fora da dobra)
par2-0560,0.9885558485984802,estudo (fora da dobra)
par2-0561,0.2561290860176086,estudo (fora da dobra)
par2-0562,0.6636483669281006,estudo (fora da dobra)
par2-0563,0.1088693141937255,estudo (fora da dobra)
par2-0564,0.0037616970948874,estudo (fora da dobra)
par2-0565,0.0289086867123842,estudo (fora da dobra)
par2-0566,0.0520127452909946,estudo (fora da dobra)
par2-0567,0.0056339078582823,estudo (fora da dobra)
par2-0568,0.0032924334518611,estudo (fora da dobra)
par2-0569,0.0051289452239871,estudo (fora da dobra)
par2-0570,0.1090907827019691,estudo (fora da dobra)
par2-0571,0.765978991985321,estudo (fora da dobra)
par2-0572,0.988938808441162,estudo (fora da dobra)
par2-0573,0.0073518962599337,estudo (fora da dobra)
par2-0574,0.9230486750602722,estudo (fora da dobra)
par2-0575,0.0048597641289234,estudo (fora da dobra)
par2-0576,0.0092974593862891,estudo (fora da dobra)
par2-0577,0.0032398568000644,estudo (fora da dobra)
par2-0578,0.7887053489685059,estudo (fora da dobra)
par2-0579,0.0046716765500605,estudo (fora da dobra)
par2-0580,0.0047323158942162,estudo (fora da dobra)
par2-0581,0.053451657295227,estudo (fora da dobra)
par2-0582,0.0054171280935406,estudo (fora da dobra)
par2-0583,0.0040304693393409,estudo (fora da dobra)
par2-0584,0.0032816396560519,estudo (fora da dobra)
par2-0585,0.0196226965636014,estudo (fora da dobra)
par2-0586,0.9934032559394836,estudo (fora da dobra)
par2-0587,0.988334894180298,estudo (fora da dobra)
par2-0588,0.8854906558990479,estudo (fora da dobra)
par2-0589,0.9881837964057922,estudo (fora da dobra)
par2-0590,0.0041002971120178,estudo (fora da dobra)
par2-0591,0.9802929759025574,estudo (fora da dobra)
par2-0592,0.0042882408015429,estudo (fora da dobra)
par2-0593,0.006861038506031,estudo (fora da dobra)
par2-0594,0.9521045088768004,estudo (fora da dobra)
par2-0595,0.9936568140983582,estudo (fora da dobra)
par2-0596,0.916167378425598,estudo (fora da dobra)
par2-0597,0.985636591911316,estudo (fora da dobra)
par2-0598,0.0584510713815689,estudo (fora da dobra)
par2-0599,0.0452694669365882,estudo (fora da dobra)
par2-0600,0.991707980632782,estudo (fora da dobra)
par2-0601,0.0033787407446652,estudo (fora da dobra)
par2-0602,0.0065349545329809,estudo (fora da dobra)
par2-0603,0.0274734050035476,estudo (fora da dobra)
par2-0604,0.0090936655178666,estudo (fora da dobra)
par2-0605,0.3810511529445648,estudo (fora da dobra)
par2-0606,0.004209283273667,estudo (fora da dobra)
par2-0607,0.9886171221733092,estudo (fora da dobra)
par2-0608,0.0041398610919713,estudo (fora da dobra)
par2-0609,0.108053833246231,estudo (fora da dobra)
par2-0610,0.4967968165874481,estudo (fora da dobra)
par2-0611,0.0079322615638375,estudo (fora da dobra)
par2-0612,0.8316369652748108,estudo (fora da dobra)
par2-0613,0.0034402923192828,estudo (fora da dobra)
par2-0614,0.0039934348315,estudo (fora da dobra)
par2-0615,0.9902399778366088,estudo (fora da dobra)
par2-0616,0.9917097687721252,estudo (fora da dobra)
par2-0617,0.0034645113628357,estudo (fora da dobra)
par2-0618,0.0626180917024612,estudo (fora da dobra)
par2-0619,0.9678551554679872,estudo (fora da dobra)
par2-0620,0.0053423815406858,estudo (fora da dobra)
par2-0621,0.7101449966430664,estudo (fora da dobra)
par2-0622,0.0791520699858665,estudo (fora da dobra)
par2-0623,0.0042264126241207,estudo (fora da dobra)
par2-0624,0.9903578162193298,estudo (fora da dobra)
par2-0625,0.012942524626851,estudo (fora da dobra)
par2-0626,0.9869165420532228,estudo (fora da dobra)
par2-0627,0.915554702281952,estudo (fora da dobra)
par2-0628,0.0070270607247948,estudo (fora da dobra)
par2-0629,0.031367540359497,estudo (fora da dobra)
par2-0630,0.0879731997847557,estudo (fora da dobra)
par2-0631,0.0040675736963748,estudo (fora da dobra)
par2-0632,0.0045584156177937,estudo (fora da dobra)
par2-0633,0.9905479550361632,estudo (fora da dobra)
par2-0634,0.1237569749355316,estudo (fora da dobra)
par2-0635,0.511489748954773,estudo (fora da dobra)
par2-0636,0.0039225439541041,estudo (fora da dobra)
par2-0637,0.0051373075693845,estudo (fora da dobra)
par2-0638,0.0139506254345178,estudo (fora da dobra)
par2-0639,0.9922424554824828,estudo (fora da dobra)
par2-0640,0.9947611689567566,estudo (fora da dobra)
par2-0641,0.0089447535574436,estudo (fora da dobra)
par2-0642,0.9857075810432434,estudo (fora da dobra)
par2-0643,0.0060622608289122,estudo (fora da dobra)
par2-0644,0.0054791835136711,estudo (fora da dobra)
par2-0645,0.015580590814352,estudo (fora da dobra)
par2-0646,0.0190343540161848,estudo (fora da dobra)
par2-0647,0.0049185059033334,estudo (fora da dobra)
par2-0648,0.004260653629899,estudo (fora da dobra)
par2-0649,0.0043092626146972,estudo (fora da dobra)
par2-0650,0.0178577695041894,estudo (fora da dobra)
par2-0651,0.0072159338742494,estudo (fora da dobra)
par2-0652,0.1794586032629013,estudo (fora da dobra)
par2-0653,0.0060988860204815,estudo (fora da dobra)
par2-0654,0.0041057472117245,estudo (fora da dobra)
par2-0655,0.994141161441803,estudo (fora da dobra)
par2-0656,0.989210844039917,estudo (fora da dobra)
par2-0657,0.9867560863494872,estudo (fora da dobra)
par2-0658,0.0040412871167063,estudo (fora da dobra)
par2-0659,0.0059848986566066,estudo (fora da dobra)
par2-0660,0.0349638275802135,estudo (fora da dobra)
par2-0661,0.0045743891969323,estudo (fora da dobra)
par2-0662,0.2096941620111465,estudo (fora da dobra)
par2-0663,0.0707234591245651,estudo (fora da dobra)
par2-0664,0.0036117827985435,estudo (fora da dobra)
par2-0665,0.8556249737739563,estudo (fora da dobra)
par2-0666,0.0043160994537174,estudo (fora da dobra)
par2-0667,0.9907839298248292,estudo (fora da dobra)
par2-0668,0.9708462953567504,estudo (fora da dobra)
par2-0669,0.0041695511899888,estudo (fora da dobra)
par2-0670,0.0056785843335092,estudo (fora da dobra)
par2-0671,0.6273444890975952,estudo (fora da dobra)
par2-0672,0.0106491902843117,estudo (fora da dobra)
par2-0673,0.0523115657269954,estudo (fora da dobra)
par2-0674,0.0112851355224847,estudo (fora da dobra)
par2-0675,0.0039152735844254,estudo (fora da dobra)
par2-0676,0.0037198509089648,estudo (fora da dobra)
par2-0677,0.0150159681215882,estudo (fora da dobra)
par2-0678,0.0041653644293546,estudo (fora da dobra)
par2-0679,0.9356729984283448,estudo (fora da dobra)
par2-0680,0.0370761752128601,estudo (fora da dobra)
par2-0681,0.0390242040157318,estudo (fora da dobra)
par2-0682,0.0051836431957781,estudo (fora da dobra)
par2-0683,0.0330508723855018,estudo (fora da dobra)
par2-0684,0.0845383554697036,estudo (fora da dobra)
par2-0685,0.0881893932819366,estudo (fora da dobra)
par2-0686,0.0704646855592727,estudo (fora da dobra)
par2-0687,0.0141030801460146,estudo (fora da dobra)
par2-0688,0.0462578386068344,estudo (fora da dobra)
par2-0689,0.9917370676994324,estudo (fora da dobra)
par2-0690,0.0036362095270305,estudo (fora da dobra)
par2-0691,0.004067838191986,estudo (fora da dobra)
par2-0692,0.0045313299633562,estudo (fora da dobra)
par2-0693,0.0050005307421088,estudo (fora da dobra)
par2-0694,0.7889663577079773,estudo (fora da dobra)
par2-0695,0.0078128278255462,estudo (fora da dobra)
par2-0696,0.9949853420257568,estudo (fora da dobra)
par2-0697,0.0058401767164468,estudo (fora da dobra)
par2-0698,0.003754329169169,estudo (fora da dobra)
par2-0699,0.0086861299350857,estudo (fora da dobra)
par2-0700,0.0620439350605011,estudo (fora da dobra)
par2-0701,0.0741199553012847,estudo (fora da dobra)
par2-0702,0.0071644675917923,estudo (fora da dobra)
par2-0703,0.0045695090666413,estudo (fora da dobra)
par2-0704,0.0050012851133942,estudo (fora da dobra)
par2-0705,0.0035352981649339,estudo (fora da dobra)
par2-0706,0.9847565293312072,estudo (fora da dobra)
par2-0707,0.0066286269575357,estudo (fora da dobra)
par2-0708,0.47158282995224,estudo (fora da dobra)
par2-0709,0.9319140911102296,estudo (fora da dobra)
par2-0710,0.0055906591005623,estudo (fora da dobra)
par2-0711,0.0138325924053788,estudo (fora da dobra)
par2-0712,0.0037904130294919,estudo (fora da dobra)
par2-0713,0.9753453731536864,estudo (fora da dobra)
par2-0714,0.0078098373487591,estudo (fora da dobra)
par2-0715,0.0040451637469232,estudo (fora da dobra)
par2-0716,0.0048532681539654,estudo (fora da dobra)
par2-0717,0.9891918301582336,estudo (fora da dobra)
par2-0718,0.0071933390572667,estudo (fora da dobra)
par2-0719,0.0045554130338132,estudo (fora da dobra)
par2-0720,0.9752315282821656,estudo (fora da dobra)
par2-0721,0.0032064053229987,estudo (fora da dobra)
par2-0722,0.0037215708289295,estudo (fora da dobra)
par2-0723,0.980316698551178,estudo (fora da dobra)
par2-0724,0.0200651530176401,estudo (fora da dobra)
par2-0725,0.994572937488556,estudo (fora da dobra)
par2-0726,0.0370044186711311,estudo (fora da dobra)
par2-0727,0.994521141052246,estudo (fora da dobra)
par2-0728,0.9787598252296448,estudo (fora da dobra)
par2-0729,0.9912508726119996,estudo (fora da dobra)
par2-0730,0.0090516321361064,estudo (fora da dobra)
par2-0731,0.8611482381820679,estudo (fora da dobra)
par2-0732,0.0033217016607522,estudo (fora da dobra)
par2-0733,0.006653023418039,estudo (fora da dobra)
par2-0734,0.9741859436035156,estudo (fora da dobra)
par2-0735,0.0035834340378642,estudo (fora da dobra)
par2-0736,0.0349586494266986,estudo (fora da dobra)
par2-0737,0.9416322112083436,estudo (fora da dobra)
par2-0738,0.0039349906146526,estudo (fora da dobra)
par2-0739,0.0038532544858753,estudo (fora da dobra)
par2-0740,0.6387149691581726,estudo (fora da dobra)
par2-0741,0.0541544295847415,estudo (fora da dobra)
par2-0742,0.0056498511694371,estudo (fora da dobra)
par2-0743,0.0055616116151213,estudo (fora da dobra)
par2-0744,0.0035941833630204,estudo (fora da dobra)
par2-0745,0.990231454372406,estudo (fora da dobra)
par2-0746,0.004086245317012,estudo (fora da dobra)
par2-0747,0.0028372569940984,estudo (fora da dobra)
par2-0748,0.9594735503196716,estudo (fora da dobra)
par2-0749,0.0035214952658861,estudo (fora da dobra)
par2-0750,0.0097595509141683,estudo (fora da dobra)
par2-0751,0.007899148389697,estudo (fora da dobra)
par2-0752,0.0057646450586616,estudo (fora da dobra)
par2-0753,0.8655781745910645,estudo (fora da dobra)
par2-0754,0.9286905527114868,estudo (fora da dobra)
par2-0755,0.8227442502975464,estudo (fora da dobra)
par2-0756,0.007721375208348,estudo (fora da dobra)
par2-0757,0.0348029322922229,estudo (fora da dobra)
par2-0758,0.0049721696414053,estudo (fora da dobra)
par2-0759,0.0126576712355017,estudo (fora da dobra)
par2-0760,0.9270047545433044,estudo (fora da dobra)
par2-0761,0.9762914776802064,estudo (fora da dobra)
par2-0762,0.0033440173137933,estudo (fora da dobra)
par2-0763,0.0047816601581871,estudo (fora da dobra)
par2-0764,0.0124370027333498,estudo (fora da dobra)
par2-0765,0.0077646565623581,estudo (fora da dobra)
par2-0766,0.0055422112345695,estudo (fora da dobra)
par2-0767,0.0270047225058078,estudo (fora da dobra)
par2-0768,0.0041296007111668,estudo (fora da dobra)
par2-0769,0.003466090420261,estudo (fora da dobra)
par2-0770,0.994544506072998,estudo (fora da dobra)
par2-0771,0.0148435961455106,estudo (fora da dobra)
par2-0772,0.994014322757721,estudo (fora da dobra)
par2-0773,0.0061837024986743,estudo (fora da dobra)
par2-0774,0.0459906086325645,estudo (fora da dobra)
par2-0775,0.0078717889264225,estudo (fora da dobra)
par2-0776,0.9883281588554382,estudo (fora da dobra)
par2-0777,0.0090873772278428,estudo (fora da dobra)
par2-0778,0.965160310268402,estudo (fora da dobra)
par2-0779,0.0044973911717534,estudo (fora da dobra)
par2-0780,0.1038953736424446,estudo (fora da dobra)
par2-0781,0.9896396398544312,estudo (fora da dobra)
par2-0782,0.0037360128480941,estudo (fora da dobra)
par2-0783,0.0047649834305047,estudo (fora da dobra)
par2-0784,0.7714040875434875,estudo (fora da dobra)
par2-0785,0.0033549005165696,estudo (fora da dobra)
par2-0786,0.0032809707336127,estudo (fora da dobra)
par2-0787,0.0032709063962101,estudo (fora da dobra)
par2-0788,0.0041984063573181,estudo (fora da dobra)
par2-0789,0.004491054918617,estudo (fora da dobra)
par2-0790,0.982163429260254,estudo (fora da dobra)
par2-0791,0.2202182412147522,estudo (fora da dobra)
par2-0792,0.995005428791046,estudo (fora da dobra)
par2-0793,0.9853013157844543,estudo (fora da dobra)
par2-0794,0.0039763846434652,estudo (fora da dobra)
par2-0795,0.574642539024353,estudo (fora da dobra)
par2-0796,0.0052742464467883,estudo (fora da dobra)
par2-0797,0.0059073576703667,estudo (fora da dobra)
par2-0798,0.0268186945468187,estudo (fora da dobra)
par2-0799,0.0278391037136316,estudo (fora da dobra)
par2-0800,0.0093927755951881,estudo (fora da dobra)
par2-0801,0.9778649806976318,estudo (fora da dobra)
par2-0802,0.0469641052186489,estudo (fora da dobra)
par2-0803,0.004654939752072,estudo (fora da dobra)
par2-0804,0.9858340620994568,estudo (fora da dobra)
par2-0805,0.0079121114686131,estudo (fora da dobra)
par2-0806,0.0038689807988703,estudo (fora da dobra)
par2-0807,0.0067472676746547,estudo (fora da dobra)
par2-0808,0.9532015323638916,estudo (fora da dobra)
par2-0809,0.0336060635745525,estudo (fora da dobra)
par2-0810,0.0035312338732182,estudo (fora da dobra)
par2-0811,0.0093685910105705,estudo (fora da dobra)
par2-0812,0.0046871518716216,estudo (fora da dobra)
par2-0813,0.1107452362775802,estudo (fora da dobra)
par2-0814,0.004815359134227,estudo (fora da dobra)
par2-0815,0.1832433342933654,estudo (fora da dobra)
par2-0816,0.0106311840936541,estudo (fora da dobra)
par2-0817,0.0044032577425241,estudo (fora da dobra)
par2-0818,0.0039876052178442,estudo (fora da dobra)
par2-0819,0.1773287057876587,estudo (fora da dobra)
par2-0820,0.0044261454604566,estudo (fora da dobra)
par2-0821,0.0061977435834705,estudo (fora da dobra)
par2-0822,0.0056179659441113,estudo (fora da dobra)
par2-0823,0.7402710318565369,estudo (fora da dobra)
par2-0824,0.0039318422786891,estudo (fora da dobra)
par2-0825,0.0041315737180411,estudo (fora da dobra)
par2-0826,0.0345149263739585,estudo (fora da dobra)
par2-0827,0.2249056845903396,estudo (fora da dobra)
par2-0828,0.0055536609143018,estudo (fora da dobra)
par2-0829,0.0052783014252781,estudo (fora da dobra)
par2-0830,0.1070907711982727,estudo (fora da dobra)
par2-0831,0.0741081833839416,estudo (fora da dobra)
par2-0832,0.0029956349171698,estudo (fora da dobra)
par2-0833,0.9950207471847534,estudo (fora da dobra)
par2-0834,0.0033974305260926,estudo (fora da dobra)
par2-0835,0.9648234248161316,estudo (fora da dobra)
par2-0836,0.1652917563915252,estudo (fora da dobra)
par2-0837,0.9369381666183472,estudo (fora da dobra)
par2-0838,0.003346596378833,estudo (fora da dobra)
par2-0839,0.4491497278213501,estudo (fora da dobra)
par2-0840,0.0053480654023587,estudo (fora da dobra)
par2-0841,0.994195282459259,estudo (fora da dobra)
par2-0842,0.0039881053380668,estudo (fora da dobra)
par2-0843,0.0067914980463683,estudo (fora da dobra)
par2-0844,0.0168410670012235,estudo (fora da dobra)
par2-0845,0.0032543502748012,estudo (fora da dobra)
par2-0846,0.9567566514015198,estudo (fora da dobra)
par2-0847,0.0055271624587476,estudo (fora da dobra)
par2-0848,0.0364418514072895,estudo (fora da dobra)
par2-0849,0.0149235567077994,estudo (fora da dobra)
par2-0850,0.0049612517468631,estudo (fora da dobra)
par2-0851,0.9193519949913024,estudo (fora da dobra)
par2-0852,0.0072044925764203,estudo (fora da dobra)
par2-0853,0.0035269712097942,estudo (fora da dobra)
par2-0854,0.006012802477926,estudo (fora da dobra)
par2-0855,0.046235229820013,estudo (fora da dobra)
par2-0856,0.0044864355586469,estudo (fora da dobra)
par2-0857,0.5632049441337585,estudo (fora da dobra)
par2-0858,0.0048763640224933,estudo (fora da dobra)
par2-0859,0.1129075437784195,estudo (fora da dobra)
par2-0860,0.0038545341230928,estudo (fora da dobra)
par2-0861,0.0038345246575772,estudo (fora da dobra)
par2-0862,0.8475489616394043,estudo (fora da dobra)
par2-0863,0.922623574733734,estudo (fora da dobra)
par2-0864,0.0045515396632254,estudo (fora da dobra)
par2-0865,0.0372333005070686,estudo (fora da dobra)
par2-0866,0.2420481294393539,estudo (fora da dobra)
par2-0867,0.0051851999014616,estudo (fora da dobra)
par2-0868,0.9845750331878662,estudo (fora da dobra)
par2-0869,0.054725956171751,estudo (fora da dobra)
par2-0870,0.0142554752528667,estudo (fora da dobra)
par2-0871,0.0832048952579498,estudo (fora da dobra)
par2-0872,0.9205957055091858,estudo (fora da dobra)
par2-0873,0.9858239889144896,estudo (fora da dobra)
par2-0874,0.0041747796349227,estudo (fora da dobra)
par2-0875,0.9875096678733826,estudo (fora da dobra)
par2-0876,0.0543339252471923,estudo (fora da dobra)
par2-0877,0.142348438501358,estudo (fora da dobra)
par2-0878,0.984367311000824,estudo (fora da dobra)
par2-0879,0.9948914051055908,estudo (fora da dobra)
par2-0880,0.0062053697183728,estudo (fora da dobra)
par2-0881,0.0039285626262426,estudo (fora da dobra)
par2-0882,0.0871705412864685,estudo (fora da dobra)
par2-0883,0.0049367127940058,estudo (fora da dobra)
par2-0884,0.993876039981842,estudo (fora da dobra)
par2-0885,0.0053352126851677,estudo (fora da dobra)
par2-0886,0.0090124951675534,estudo (fora da dobra)
par2-0887,0.9933023452758788,estudo (fora da dobra)
par2-0888,0.0035835360176861,estudo (fora da dobra)
par2-0889,0.0711797550320625,estudo (fora da dobra)
par2-0890,0.0052917823195457,estudo (fora da dobra)
par2-0891,0.0324907600879669,estudo (fora da dobra)
par2-0892,0.1447765231132507,estudo (fora da dobra)
par2-0893,0.003918879199773,estudo (fora da dobra)
par2-0894,0.0130437724292278,estudo (fora da dobra)
par2-0895,0.1009689792990684,estudo (fora da dobra)
par2-0896,0.858883261680603,estudo (fora da dobra)
par2-0897,0.0040006847120821,estudo (fora da dobra)
par2-0898,0.0042333840392529,estudo (fora da dobra)
par2-0899,0.9916774034500122,estudo (fora da dobra)
par2-0900,0.9795113801956176,estudo (fora da dobra)
par2-0901,0.9930735230445862,estudo (fora da dobra)
par2-0902,0.9498176574707032,estudo (fora da dobra)
par2-0903,0.0059153349138796,estudo (fora da dobra)
par2-0904,0.1129964664578437,estudo (fora da dobra)
par2-0905,0.0248423870652914,estudo (fora da dobra)
par2-0906,0.3301911950111389,estudo (fora da dobra)
par2-0907,0.2866246402263641,estudo (fora da dobra)
par2-0908,0.0046325642615556,estudo (fora da dobra)
par2-0909,0.0043688006699085,estudo (fora da dobra)
par2-0910,0.0858004838228225,estudo (fora da dobra)
par2-0911,0.0071322764270007,estudo (fora da dobra)
par2-0912,0.0042247474193573,estudo (fora da dobra)
par2-0913,0.3722692430019378,estudo (fora da dobra)
par2-0914,0.0038725056219846,estudo (fora da dobra)
par2-0915,0.957366943359375,estudo (fora da dobra)
par2-0916,0.1514042764902115,estudo (fora da dobra)
par2-0917,0.004776713438332,estudo (fora da dobra)
par2-0918,0.0041248789057135,estudo (fora da dobra)
par2-0919,0.9510226249694824,estudo (fora da dobra)
par2-0920,0.9934595823287964,estudo (fora da dobra)
par2-0921,0.0050412793643772,estudo (fora da dobra)
par2-0922,0.0050556524656713,estudo (fora da dobra)
par2-0923,0.0065883514471352,estudo (fora da dobra)
par2-0924,0.006445912644267,estudo (fora da dobra)
par2-0925,0.0066907932050526,estudo (fora da dobra)
par2-0926,0.9786706566810608,estudo (fora da dobra)
par2-0927,0.07244423776865,estudo (fora da dobra)
par2-0928,0.0106323985382914,estudo (fora da dobra)
par2-0929,0.0146188763901591,estudo (fora da dobra)
par2-0930,0.9837290644645692,estudo (fora da dobra)
par2-0931,0.0047821798361837,estudo (fora da dobra)
par2-0932,0.9949681162834167,estudo (fora da dobra)
par2-0933,0.0041599739342927,estudo (fora da dobra)
par2-0934,0.2667034268379211,estudo (fora da dobra)
par2-0935,0.0187104400247335,estudo (fora da dobra)
par2-0936,0.98725825548172,estudo (fora da dobra)
par2-0937,0.7212290167808533,estudo (fora da dobra)
par2-0938,0.0039321822114288,estudo (fora da dobra)
par2-0939,0.072695106267929,estudo (fora da dobra)
par2-0940,0.0030674065928906,estudo (fora da dobra)
par2-0941,0.0159502271562814,estudo (fora da dobra)
par2-0942,0.0633115172386169,estudo (fora da dobra)
par2-0943,0.907463312149048,estudo (fora da dobra)
par2-0944,0.9935976266860962,estudo (fora da dobra)
par2-0945,0.988125205039978,estudo (fora da dobra)
par2-0946,0.9779622554779052,estudo (fora da dobra)
par2-0947,0.9739044308662416,estudo (fora da dobra)
par2-0948,0.9741001725196838,estudo (fora da dobra)
par2-0949,0.9468767046928406,estudo (fora da dobra)
par2-0950,0.0030691481661051,estudo (fora da dobra)
par2-0951,0.0054608178324997,estudo (fora da dobra)
par2-0952,0.9931477904319764,estudo (fora da dobra)
par2-0953,0.994581401348114,estudo (fora da dobra)
par2-0954,0.0049111931584775,estudo (fora da dobra)
par2-0955,0.8671962022781372,estudo (fora da dobra)
par2-0956,0.0043428582139313,estudo (fora da dobra)
par2-0957,0.064952552318573,estudo (fora da dobra)
par2-0958,0.0047295070253312,estudo (fora da dobra)
par2-0959,0.8670213222503662,estudo (fora da dobra)
par2-0960,0.004126320593059,estudo (fora da dobra)
par2-0961,0.9926456212997437,estudo (fora da dobra)
par2-0962,0.0227028224617242,estudo (fora da dobra)
par2-0963,0.0124741531908512,estudo (fora da dobra)
par2-0964,0.9467691779136658,estudo (fora da dobra)
par2-0965,0.0043705371208488,estudo (fora da dobra)
par2-0966,0.5679011344909668,estudo (fora da dobra)
par2-0967,0.0049943258054554,estudo (fora da dobra)
par2-0968,0.0032818580511957,estudo (fora da dobra)
par2-0969,0.0040167700499296,estudo (fora da dobra)
par2-0970,0.0039052388165146,estudo (fora da dobra)
par2-0971,0.4151523411273956,estudo (fora da dobra)
par2-0972,0.5500003695487976,estudo (fora da dobra)
par2-0973,0.9870686531066896,estudo (fora da dobra)
par2-0974,0.009700090624392,estudo (fora da dobra)
par2-0975,0.0570803023874759,estudo (fora da dobra)
par2-0976,0.0047894362360239,estudo (fora da dobra)
par2-0977,0.9949657320976256,estudo (fora da dobra)
par2-0978,0.0038269881624728,estudo (fora da dobra)
par2-0979,0.0040236972272396,estudo (fora da dobra)
par2-0980,0.2193797975778579,estudo (fora da dobra)
par2-0981,0.1157694086432457,estudo (fora da dobra)
par2-0982,0.0038949726149439,estudo (fora da dobra)
par2-0983,0.004710687790066,estudo (fora da dobra)
par3-0001,0.0122613795101642,estudo (fora da dobra)
par3-0002,0.003463752567768,estudo (fora da dobra)
par3-0003,0.991289496421814,estudo (fora da dobra)
par3-0004,0.0109648397192358,estudo (fora da dobra)
par3-0005,0.8409684896469116,estudo (fora da dobra)
par3-0006,0.9856629967689514,estudo (fora da dobra)
par3-0007,0.0045376583002507,estudo (fora da dobra)
par3-0010,0.0209541171789169,estudo (fora da dobra)
par3-0011,0.1137445271015167,estudo (fora da dobra)
par3-0013,0.0044257193803787,estudo (fora da dobra)
par3-0014,0.00636169873178,estudo (fora da dobra)
par3-0016,0.9892714023590088,estudo (fora da dobra)
par3-0018,0.9950513243675232,estudo (fora da dobra)
par3-0021,0.0032180992420762,estudo (fora da dobra)
par3-0022,0.9564908146858216,estudo (fora da dobra)
par3-0023,0.0049766586162149,estudo (fora da dobra)
par3-0024,0.1216575056314468,estudo (fora da dobra)
par3-0025,0.0069921547546982,estudo (fora da dobra)
par3-0026,0.0133512336760759,estudo (fora da dobra)
par3-0028,0.1894771009683609,estudo (fora da dobra)
par3-0029,0.0051692216657102,estudo (fora da dobra)
par3-0031,0.9873028993606568,estudo (fora da dobra)
par3-0032,0.0056819100864231,estudo (fora da dobra)
par3-0034,0.0043575051240623,estudo (fora da dobra)
par3-0035,0.0338940992951393,estudo (fora da dobra)
par3-0036,0.0705447271466255,estudo (fora da dobra)
par3-0038,0.0050960471853613,estudo (fora da dobra)
par3-0040,0.0062054665759205,estudo (fora da dobra)
par3-0041,0.0029432605952024,estudo (fora da dobra)
par3-0042,0.0068913442082703,estudo (fora da dobra)
par3-0043,0.9723597764968872,estudo (fora da dobra)
par3-0044,0.1285416036844253,estudo (fora da dobra)
par3-0045,0.004187474027276,estudo (fora da dobra)
par3-0048,0.5589628219604492,estudo (fora da dobra)
par3-0049,0.0744229331612587,estudo (fora da dobra)
par3-0051,0.0047123739495873,estudo (fora da dobra)
par3-0052,0.0035021402873098,estudo (fora da dobra)
par3-0054,0.9650806188583374,estudo (fora da dobra)
par3-0055,0.0074457507580518,estudo (fora da dobra)
par3-0056,0.0964454635977745,estudo (fora da dobra)
par3-0059,0.2524298727512359,estudo (fora da dobra)
par3-0060,0.0058011813089251,estudo (fora da dobra)
par3-0061,0.0381627604365348,estudo (fora da dobra)
par3-0062,0.0069975303485989,estudo (fora da dobra)
par3-0063,0.9880380630493164,estudo (fora da dobra)
par3-0065,0.0051986542530357,estudo (fora da dobra)
par3-0066,0.0044646970927715,estudo (fora da dobra)
par3-0068,0.0047959862276911,estudo (fora da dobra)
par3-0069,0.9875484704971312,estudo (fora da dobra)
par3-0070,0.0051822415553033,estudo (fora da dobra)
par3-0072,0.020798759534955,estudo (fora da dobra)
par3-0074,0.0057543804869055,estudo (fora da dobra)
par3-0076,0.0134057458490133,estudo (fora da dobra)
par3-0077,0.0106401359662413,estudo (fora da dobra)
par3-0078,0.0056834514252841,estudo (fora da dobra)
par3-0079,0.0047646281309425,estudo (fora da dobra)
par3-0080,0.0041485456749796,estudo (fora da dobra)
par3-0081,0.0955549404025077,estudo (fora da dobra)
par3-0082,0.0038765619974583,estudo (fora da dobra)
par3-0083,0.0047883493825793,estudo (fora da dobra)
par3-0085,0.0037115879822522,estudo (fora da dobra)
par3-0086,0.0036345014814287,estudo (fora da dobra)
par3-0087,0.0050619766116142,estudo (fora da dobra)
par3-0088,0.0054787364788353,estudo (fora da dobra)
par3-0089,0.0048058535903692,estudo (fora da dobra)
par3-0090,0.0048344545066356,estudo (fora da dobra)
par3-0093,0.0059617329388856,estudo (fora da dobra)
par3-0094,0.0220537893474102,estudo (fora da dobra)
par3-0095,0.0033579629380255,estudo (fora da dobra)
par3-0096,0.0042758951894938,estudo (fora da dobra)
par3-0099,0.0036082237493246,estudo (fora da dobra)
par3-0100,0.0212321318686008,estudo (fora da dobra)
par3-0101,0.006199687719345,estudo (fora da dobra)
par3-0103,0.0051613464020192,estudo (fora da dobra)
par3-0104,0.9905142784118652,estudo (fora da dobra)
par3-0105,0.1409554481506347,estudo (fora da dobra)
par3-0106,0.0087067075073719,estudo (fora da dobra)
par3-0107,0.0140582518652081,estudo (fora da dobra)
par3-0110,0.8970601558685303,estudo (fora da dobra)
par3-0111,0.9329946637153624,estudo (fora da dobra)
par3-0112,0.0035796631127595,estudo (fora da dobra)
par3-0113,0.0702365711331367,estudo (fora da dobra)
par3-0114,0.0056408895179629,estudo (fora da dobra)
par3-0115,0.0166478026658296,estudo (fora da dobra)
par3-0116,0.0076476256363093,estudo (fora da dobra)
par3-0117,0.0134893571957945,estudo (fora da dobra)
par3-0118,0.0057786791585385,estudo (fora da dobra)
par3-0121,0.0046526915393769,estudo (fora da dobra)
par3-0122,0.0039950511418282,estudo (fora da dobra)
par3-0123,0.0113515574485063,estudo (fora da dobra)
par3-0124,0.0039721340872347,estudo (fora da dobra)
par3-0125,0.0047205775044858,estudo (fora da dobra)
par3-0126,0.0035623803269118,estudo (fora da dobra)
par3-0127,0.0041178921237587,estudo (fora da dobra)
par3-0128,0.0074639632366597,estudo (fora da dobra)
par3-0129,0.994647204875946,estudo (fora da dobra)
par3-0130,0.221064805984497,estudo (fora da dobra)
par3-0131,0.0036270874552428,estudo (fora da dobra)
par3-0137,0.0032685133628547,estudo (fora da dobra)
par3-0140,0.0039370600134134,estudo (fora da dobra)
par3-0141,0.005072770640254,estudo (fora da dobra)
par3-0142,0.0191600900143384,estudo (fora da dobra)
par3-0143,0.0063892258331179,estudo (fora da dobra)
par3-0145,0.6175190806388855,estudo (fora da dobra)
par3-0146,0.0030260190833359,estudo (fora da dobra)
par3-0147,0.9937198162078856,estudo (fora da dobra)
par3-0148,0.8443750739097595,estudo (fora da dobra)
par3-0149,0.0737318769097328,estudo (fora da dobra)
par3-0150,0.99504292011261,estudo (fora da dobra)
par3-0152,0.0054074102081358,estudo (fora da dobra)
par3-0153,0.0570176914334297,estudo (fora da dobra)
par3-0154,0.0055325143039226,estudo (fora da dobra)
par3-0156,0.0066761970520019,estudo (fora da dobra)
par3-0157,0.0091973822563886,estudo (fora da dobra)
par3-0158,0.0054375366307795,estudo (fora da dobra)
par3-0159,0.0051021850667893,estudo (fora da dobra)
par3-0161,0.0108184842392802,estudo (fora da dobra)
par3-0162,0.0034884086344391,estudo (fora da dobra)
par3-0163,0.0035417042672634,estudo (fora da dobra)
par3-0164,0.0270649958401918,estudo (fora da dobra)
par3-0165,0.0040078619495034,estudo (fora da dobra)
par3-0166,0.694416880607605,estudo (fora da dobra)
par3-0168,0.0056781908497214,estudo (fora da dobra)
par3-0170,0.988892138004303,estudo (fora da dobra)
par3-0171,0.0056123058311641,estudo (fora da dobra)
par3-0174,0.0483813285827636,estudo (fora da dobra)
par3-0176,0.0081672305241227,estudo (fora da dobra)
par3-0179,0.037653662264347,estudo (fora da dobra)
par3-0180,0.0080023659393191,estudo (fora da dobra)
par3-0182,0.9582758545875548,estudo (fora da dobra)
par3-0184,0.0049880524165928,estudo (fora da dobra)
par3-0186,0.0045759812928736,estudo (fora da dobra)
par3-0187,0.98123437166214,estudo (fora da dobra)
par3-0188,0.2119562923908233,estudo (fora da dobra)
par3-0189,0.0763358548283577,estudo (fora da dobra)
par3-0190,0.003452563425526,estudo (fora da dobra)
par3-0191,0.0053221848793327,estudo (fora da dobra)
par3-0192,0.0042639826424419,estudo (fora da dobra)
par3-0194,0.0029302949551492,estudo (fora da dobra)
par3-0195,0.007942046970129,estudo (fora da dobra)
par3-0199,0.0053593846969306,estudo (fora da dobra)
par3-0200,0.003804859239608,estudo (fora da dobra)
par3-0202,0.0042491666972637,estudo (fora da dobra)
par3-0203,0.0269941054284572,estudo (fora da dobra)
par3-0204,0.0056483671069145,estudo (fora da dobra)
par3-0205,0.0049957479350268,estudo (fora da dobra)
par3-0207,0.044128380715847,estudo (fora da dobra)
par3-0209,0.0037270216271281,estudo (fora da dobra)
par3-0211,0.0220468379557132,estudo (fora da dobra)
par3-0212,0.0903616398572921,estudo (fora da dobra)
par3-0213,0.0042214831337332,estudo (fora da dobra)
par3-0214,0.0048987949267029,estudo (fora da dobra)
par3-0215,0.5797277688980103,estudo (fora da dobra)
par3-0216,0.6134554147720337,estudo (fora da dobra)
par3-0217,0.0794525668025016,estudo (fora da dobra)
par3-0218,0.0937004536390304,estudo (fora da dobra)
par3-0220,0.0046432162635028,estudo (fora da dobra)
par3-0221,0.9910661578178406,estudo (fora da dobra)
par3-0222,0.5448164939880371,estudo (fora da dobra)
par3-0223,0.0032884611282497,estudo (fora da dobra)
par3-0224,0.97899329662323,estudo (fora da dobra)
par3-0227,0.9834467768669128,estudo (fora da dobra)
par3-0228,0.0042734500020742,estudo (fora da dobra)
par3-0231,0.0215767491608858,estudo (fora da dobra)
par3-0234,0.0033155772835016,estudo (fora da dobra)
par3-0236,0.9940827488899232,estudo (fora da dobra)
par3-0237,0.004736409522593,estudo (fora da dobra)
par3-0238,0.063888318836689,estudo (fora da dobra)
par3-0239,0.9935917258262634,estudo (fora da dobra)
par3-0240,0.0099119339138269,estudo (fora da dobra)
par3-0241,0.0036100258585065,estudo (fora da dobra)
par3-0242,0.0040270159952342,estudo (fora da dobra)
par3-0244,0.992137610912323,estudo (fora da dobra)
par3-0245,0.7642163634300232,estudo (fora da dobra)
par3-0246,0.0046848696656525,estudo (fora da dobra)
par3-0247,0.5633686780929565,estudo (fora da dobra)
par3-0248,0.0046528726816177,estudo (fora da dobra)
par3-0251,0.0065552406013011,estudo (fora da dobra)
par3-0252,0.1382875442504882,estudo (fora da dobra)
par3-0253,0.0042211064137518,estudo (fora da dobra)
par3-0256,0.0046419934369623,estudo (fora da dobra)
par3-0257,0.0057127750478684,estudo (fora da dobra)
par3-0258,0.004077979363501,estudo (fora da dobra)
par3-0259,0.0050994721241295,estudo (fora da dobra)
par3-0261,0.008475680835545,estudo (fora da dobra)
par3-0262,0.082457385957241,estudo (fora da dobra)
par3-0263,0.0054747108370065,estudo (fora da dobra)
par3-0264,0.0045397006906569,estudo (fora da dobra)
par3-0267,0.0051375054754316,estudo (fora da dobra)
par3-0269,0.7745193243026733,estudo (fora da dobra)
par3-0270,0.0124810105189681,estudo (fora da dobra)
par3-0274,0.0059441504999995,estudo (fora da dobra)
par3-0275,0.0047625512816011,estudo (fora da dobra)
par3-0276,0.0047903838567435,estudo (fora da dobra)
par3-0277,0.4980741739273071,estudo (fora da dobra)
par3-0278,0.0032595621887594,estudo (fora da dobra)
par3-0279,0.2055129110813141,estudo (fora da dobra)
par3-0280,0.1794586032629013,estudo (fora da dobra)
par3-0281,0.0036630507092922,estudo (fora da dobra)
par3-0282,0.0069442428648471,estudo (fora da dobra)
par3-0283,0.9399762153625488,estudo (fora da dobra)
par3-0284,0.9901825785636902,estudo (fora da dobra)
par3-0285,0.0197211820632219,estudo (fora da dobra)
par3-0286,0.0051361084915697,estudo (fora da dobra)
par3-0287,0.034915167838335,estudo (fora da dobra)
par3-0288,0.0475081428885459,estudo (fora da dobra)
par3-0289,0.0091587118804454,estudo (fora da dobra)
par3-0290,0.0135615682229399,estudo (fora da dobra)
par3-0292,0.044121790677309,estudo (fora da dobra)
par3-0293,0.0068184114061295,estudo (fora da dobra)
par3-0294,0.0058947782963514,estudo (fora da dobra)
par3-0295,0.0154258990660309,estudo (fora da dobra)
par3-0296,0.0035729866940528,estudo (fora da dobra)
par3-0297,0.0902163386344909,estudo (fora da dobra)
par3-0298,0.0192413982003927,estudo (fora da dobra)
par3-0299,0.0072766728699207,estudo (fora da dobra)
par3-0300,0.0375799387693405,estudo (fora da dobra)
par3-0302,0.934338390827179,estudo (fora da dobra)
par3-0304,0.0082330014556646,estudo (fora da dobra)
par3-0305,0.0099241361021995,estudo (fora da dobra)
par3-0307,0.480387419462204,estudo (fora da dobra)
par3-0308,0.0040001259185373,estudo (fora da dobra)
par3-0309,0.020280372351408,estudo (fora da dobra)
par3-0311,0.1041489094495773,estudo (fora da dobra)
par3-0312,0.0031389051582664,estudo (fora da dobra)
par3-0313,0.0036991124507039,estudo (fora da dobra)
par3-0314,0.0109845176339149,estudo (fora da dobra)
par3-0316,0.8725544214248657,estudo (fora da dobra)
par3-0318,0.281871885061264,estudo (fora da dobra)
par3-0319,0.0048265326768159,estudo (fora da dobra)
par3-0320,0.9858104586601256,estudo (fora da dobra)
par3-0321,0.0035891882143914,estudo (fora da dobra)
par3-0322,0.0036331014707684,estudo (fora da dobra)
par3-0323,0.0640304908156395,estudo (fora da dobra)
par3-0324,0.0034621530212461,estudo (fora da dobra)
par3-0325,0.0114642074331641,estudo (fora da dobra)
par3-0326,0.0333499386906623,estudo (fora da dobra)
par3-0328,0.5868102312088013,estudo (fora da dobra)
par3-0329,0.0036392633337527,estudo (fora da dobra)
par3-0330,0.0042020380496978,estudo (fora da dobra)
par3-0331,0.0431953407824039,estudo (fora da dobra)
par3-0332,0.013926769606769,estudo (fora da dobra)
par3-0333,0.9590391516685486,estudo (fora da dobra)
par3-0334,0.0047111082822084,estudo (fora da dobra)
par3-0335,0.0040791858918964,estudo (fora da dobra)
par3-0336,0.0042067556641995,estudo (fora da dobra)
par3-0337,0.0040520317852497,estudo (fora da dobra)
par3-0338,0.0035126595757901,estudo (fora da dobra)
par3-0339,0.0228871889412403,estudo (fora da dobra)
par3-0341,0.9765573143959044,estudo (fora da dobra)
par3-0342,0.0036570322699844,estudo (fora da dobra)
par3-0344,0.9762910604476928,estudo (fora da dobra)
par3-0345,0.0035593942739069,estudo (fora da dobra)
par3-0346,0.8866405487060547,estudo (fora da dobra)
par3-0347,0.6179023385047913,estudo (fora da dobra)
par3-0348,0.0045096748508512,estudo (fora da dobra)
par3-0349,0.1208750158548355,estudo (fora da dobra)
par3-0350,0.0083432625979185,estudo (fora da dobra)
par3-0351,0.0035797546152025,estudo (fora da dobra)
par3-0352,0.8474737405776978,estudo (fora da dobra)
par3-0353,0.0050011477433145,estudo (fora da dobra)
par3-0356,0.0503815412521362,estudo (fora da dobra)
par3-0357,0.0702327117323875,estudo (fora da dobra)
par3-0360,0.0039611053653061,estudo (fora da dobra)
par3-0361,0.0027834807988256,estudo (fora da dobra)
par3-0362,0.0062338993884623,estudo (fora da dobra)
par3-0363,0.0233035236597061,estudo (fora da dobra)
par3-0364,0.0594992786645889,estudo (fora da dobra)
par3-0366,0.0040566185489296,estudo (fora da dobra)
par3-0367,0.0045837638899683,estudo (fora da dobra)
par3-0368,0.9849568009376526,estudo (fora da dobra)
par3-0369,0.9704519510269164,estudo (fora da dobra)
par3-0370,0.3144142627716064,estudo (fora da dobra)
par3-0371,0.0145482877269387,estudo (fora da dobra)
par3-0372,0.0044179800897836,estudo (fora da dobra)
par3-0374,0.0035974821075797,estudo (fora da dobra)
par3-0377,0.0041780835017561,estudo (fora da dobra)
par3-0378,0.9935786724090576,estudo (fora da dobra)
par3-0379,0.0056138653308153,estudo (fora da dobra)
par3-0380,0.8981581926345825,estudo (fora da dobra)
par3-0381,0.0032861938234418,estudo (fora da dobra)
par3-0382,0.0061234137974679,estudo (fora da dobra)
par3-0383,0.0043989471159875,estudo (fora da dobra)
par3-0385,0.0033274402376264,estudo (fora da dobra)
par3-0386,0.0383889526128768,estudo (fora da dobra)
par3-0387,0.898495078086853,estudo (fora da dobra)
par3-0389,0.0042818253859877,estudo (fora da dobra)
par3-0390,0.9231135845184326,estudo (fora da dobra)
par3-0392,0.0044123893603682,estudo (fora da dobra)
par3-0394,0.9892796874046326,estudo (fora da dobra)
par3-0395,0.0035175853408873,estudo (fora da dobra)
par3-0396,0.0411425232887268,estudo (fora da dobra)
par3-0397,0.9125126004219056,estudo (fora da dobra)
par3-0400,0.0957825779914856,estudo (fora da dobra)
par3-0402,0.0041376720182597,estudo (fora da dobra)
par3-0403,0.0057327956892549,estudo (fora da dobra)
par3-0404,0.0047747828066349,estudo (fora da dobra)
par3-0405,0.0077501703053712,estudo (fora da dobra)
par3-0406,0.0342531092464923,estudo (fora da dobra)
par3-0407,0.0231534466147422,estudo (fora da dobra)
par3-0408,0.0035639093257486,estudo (fora da dobra)
par3-0409,0.004658774472773,estudo (fora da dobra)
par3-0413,0.004086235538125,estudo (fora da dobra)
par3-0414,0.0058219102211296,estudo (fora da dobra)
par3-0415,0.0489346720278263,estudo (fora da dobra)
par3-0416,0.0228557437658309,estudo (fora da dobra)
par3-0418,0.987177848815918,estudo (fora da dobra)
par3-0420,0.0525830276310443,estudo (fora da dobra)
par3-0421,0.0035743042826652,estudo (fora da dobra)
par3-0422,0.0081600146368145,estudo (fora da dobra)
par3-0423,0.0047501251101493,estudo (fora da dobra)
par3-0425,0.0052162809297442,estudo (fora da dobra)
par3-0426,0.0033503214363008,estudo (fora da dobra)
par3-0428,0.0055168215185403,estudo (fora da dobra)
par3-0429,0.9877990484237672,estudo (fora da dobra)
par3-0430,0.0036831779871135,estudo (fora da dobra)
par3-0431,0.0032736312132328,estudo (fora da dobra)
par3-0432,0.8823674917221069,estudo (fora da dobra)
par3-0433,0.0047684176824986,estudo (fora da dobra)
par3-0434,0.0204933304339647,estudo (fora da dobra)
par3-0435,0.9861609935760498,estudo (fora da dobra)
par3-0436,0.0051750633865594,estudo (fora da dobra)
par3-0438,0.0081448620185256,estudo (fora da dobra)
par3-0439,0.0040343930013477,estudo (fora da dobra)
par3-0440,0.0041199694387614,estudo (fora da dobra)
par3-0442,0.0063488679006695,estudo (fora da dobra)
par3-0443,0.0034559578634798,estudo (fora da dobra)
par3-0444,0.0053351703099906,estudo (fora da dobra)
par3-0445,0.1129224747419357,estudo (fora da dobra)
par3-0446,0.003499237820506,estudo (fora da dobra)
par3-0447,0.1707335263490677,estudo (fora da dobra)
par3-0448,0.0243148505687713,estudo (fora da dobra)
par3-0449,0.5267136096954346,estudo (fora da dobra)
par3-0451,0.005003476049751,estudo (fora da dobra)
par3-0452,0.015196762047708,estudo (fora da dobra)
par3-0453,0.0030463330913335,estudo (fora da dobra)
par3-0454,0.0042101666331291,estudo (fora da dobra)
par3-0455,0.7490001916885376,estudo (fora da dobra)
par3-0456,0.0074671572074294,estudo (fora da dobra)
par3-0460,0.0057083345018327,estudo (fora da dobra)
par3-0461,0.9884358644485474,estudo (fora da dobra)
par3-0462,0.0042960657738149,estudo (fora da dobra)
par3-0464,0.0047046663239598,estudo (fora da dobra)
par3-0465,0.0058891642838716,estudo (fora da dobra)
par3-0466,0.0062200045213103,estudo (fora da dobra)
par3-0470,0.0056039057672023,estudo (fora da dobra)
par3-0471,0.0042215310968458,estudo (fora da dobra)
par3-0474,0.9700259566307068,estudo (fora da dobra)
par3-0475,0.0062674609944224,estudo (fora da dobra)
par3-0476,0.1244569271802902,estudo (fora da dobra)
par3-0477,0.0034748688340187,estudo (fora da dobra)
par3-0478,0.003378705587238,estudo (fora da dobra)
par3-0480,0.0045568556524813,estudo (fora da dobra)
par3-0481,0.0052890670485794,estudo (fora da dobra)
par3-0482,0.927911937236786,estudo (fora da dobra)
par3-0483,0.0033893499057739,estudo (fora da dobra)
par3-0484,0.005167877767235,estudo (fora da dobra)
par3-0486,0.6183216571807861,estudo (fora da dobra)
par3-0488,0.0731061846017837,estudo (fora da dobra)
par3-0489,0.0036616413854062,estudo (fora da dobra)
par3-0490,0.9866674542427064,estudo (fora da dobra)
par3-0491,0.0174094345420599,estudo (fora da dobra)
par3-0492,0.0036956365220248,estudo (fora da dobra)
par3-0493,0.0050216596573591,estudo (fora da dobra)
par3-0494,0.0041977884247899,estudo (fora da dobra)
par3-0495,0.0037512558046728,estudo (fora da dobra)
par3-0496,0.0045855264179408,estudo (fora da dobra)
par3-0497,0.004588134586811,estudo (fora da dobra)
par3-0500,0.0044721849262714,estudo (fora da dobra)
par3-0503,0.0049826642498373,estudo (fora da dobra)
par3-0504,0.0640503242611885,estudo (fora da dobra)
par3-0505,0.0622492469847202,estudo (fora da dobra)
par3-0508,0.004473921842873,estudo (fora da dobra)
par3-0509,0.0039172209799289,estudo (fora da dobra)
par3-0510,0.0054204585030674,estudo (fora da dobra)
par3-0511,0.006545590236783,estudo (fora da dobra)
par3-0512,0.0060389470309019,estudo (fora da dobra)
par3-0513,0.0040582409128546,estudo (fora da dobra)
par3-0514,0.0033596793655306,estudo (fora da dobra)
par3-0515,0.0038362904451787,estudo (fora da dobra)
par3-0517,0.0047586066648364,estudo (fora da dobra)
par3-0519,0.003578336443752,estudo (fora da dobra)
par3-0520,0.5707293152809143,estudo (fora da dobra)
par3-0521,0.0038277588319033,estudo (fora da dobra)
par3-0522,0.0457492209970951,estudo (fora da dobra)
par3-0524,0.0721759274601936,estudo (fora da dobra)
par3-0526,0.0294219255447387,estudo (fora da dobra)
par3-0527,0.003799257101491,estudo (fora da dobra)
par3-0528,0.0722350776195526,estudo (fora da dobra)
par3-0529,0.0043867160566151,estudo (fora da dobra)
par3-0530,0.0776265114545822,estudo (fora da dobra)
par3-0531,0.9913397431373596,estudo (fora da dobra)
par3-0532,0.0110829472541809,estudo (fora da dobra)
par3-0534,0.0047012292779982,estudo (fora da dobra)
par3-0536,0.0034137796610593,estudo (fora da dobra)
par3-0537,0.0055087804794311,estudo (fora da dobra)
par3-0538,0.1135286688804626,estudo (fora da dobra)
par3-0539,0.0048614805564284,estudo (fora da dobra)
par3-0540,0.0178655125200748,estudo (fora da dobra)
par3-0541,0.0033256744500249,estudo (fora da dobra)
par3-0542,0.975300133228302,estudo (fora da dobra)
par3-0544,0.0044855987653136,estudo (fora da dobra)
par3-0545,0.0043816771358251,estudo (fora da dobra)
par3-0546,0.0037022458855062,estudo (fora da dobra)
par3-0547,0.0112887294963002,estudo (fora da dobra)
par3-0548,0.0427390486001968,estudo (fora da dobra)
par3-0550,0.115679495036602,estudo (fora da dobra)
par3-0551,0.003870120504871,estudo (fora da dobra)
par3-0552,0.003506562905386,estudo (fora da dobra)
par3-0553,0.0033384140115231,estudo (fora da dobra)
par3-0554,0.0625621899962425,estudo (fora da dobra)
par3-0556,0.0049612517468631,estudo (fora da dobra)
par3-0557,0.9662277698516846,estudo (fora da dobra)
par3-0558,0.0038261828012764,estudo (fora da dobra)
par3-0559,0.0090891765430569,estudo (fora da dobra)
par3-0560,0.0069662425667047,estudo (fora da dobra)
par3-0561,0.0163993705064058,estudo (fora da dobra)
par3-0562,0.0031962061766535,estudo (fora da dobra)
par3-0563,0.0040020244196057,estudo (fora da dobra)
par3-0564,0.1139059960842132,estudo (fora da dobra)
par3-0566,0.0063473246991634,estudo (fora da dobra)
par3-0567,0.9264457821846008,estudo (fora da dobra)
par3-0570,0.0506579354405403,estudo (fora da dobra)
par3-0571,0.004229393787682,estudo (fora da dobra)
par3-0572,0.0061293886974453,estudo (fora da dobra)
par3-0573,0.0055629881098866,estudo (fora da dobra)
par3-0574,0.6124578714370728,estudo (fora da dobra)
par3-0575,0.0056561338715255,estudo (fora da dobra)
par3-0576,0.0039435275830328,estudo (fora da dobra)
par3-0577,0.004377766046673,estudo (fora da dobra)
par3-0578,0.5768658518791199,estudo (fora da dobra)
par3-0580,0.0039905798621475,estudo (fora da dobra)
par3-0581,0.0029101907275617,estudo (fora da dobra)
par3-0582,0.1232485100626945,estudo (fora da dobra)
par3-0584,0.0064306007698178,estudo (fora da dobra)
par3-0586,0.0037820998113602,estudo (fora da dobra)
par3-0587,0.9941605925559998,estudo (fora da dobra)
par3-0590,0.0059072258882224,estudo (fora da dobra)
par3-0591,0.0064791007898747,estudo (fora da dobra)
par3-0593,0.0046363701112568,estudo (fora da dobra)
par3-0594,0.9598552584648132,estudo (fora da dobra)
par3-0596,0.0039033752400428,estudo (fora da dobra)
par3-0598,0.4706411361694336,estudo (fora da dobra)
par3-0600,0.9939481019973756,estudo (fora da dobra)
par3-0601,0.0038572556804865,estudo (fora da dobra)
par3-0603,0.0053226109594106,estudo (fora da dobra)
par3-0604,0.0354728959500789,estudo (fora da dobra)
par3-0605,0.0152288069948554,estudo (fora da dobra)
par3-0607,0.1935205161571502,estudo (fora da dobra)
par3-0608,0.0032638686243444,estudo (fora da dobra)
par3-0610,0.0040816217660903,estudo (fora da dobra)
par3-0611,0.9798164963722228,estudo (fora da dobra)
par3-0612,0.0050903358496725,estudo (fora da dobra)
par3-0613,0.0472857989370822,estudo (fora da dobra)
par3-0614,0.0044243726879358,estudo (fora da dobra)
par3-0615,0.0058422512374818,estudo (fora da dobra)
par3-0616,0.0658831596374511,estudo (fora da dobra)
par3-0619,0.0269023049622774,estudo (fora da dobra)
par3-0620,0.0034335860982537,estudo (fora da dobra)
par3-0621,0.0038118695374578,estudo (fora da dobra)
par3-0623,0.044895950704813,estudo (fora da dobra)
par3-0624,0.0045918687246739,estudo (fora da dobra)
par3-0625,0.0384225212037563,estudo (fora da dobra)
par3-0626,0.0059831910766661,estudo (fora da dobra)
par3-0628,0.0093251187354326,estudo (fora da dobra)
par3-0632,0.0277839507907629,estudo (fora da dobra)
par3-0633,0.0312361400574445,estudo (fora da dobra)
par3-0634,0.0402249097824096,estudo (fora da dobra)
par3-0636,0.0059898137114942,estudo (fora da dobra)
par3-0637,0.0048863631673157,estudo (fora da dobra)
par3-0638,0.0039120260626077,estudo (fora da dobra)
par3-0642,0.0049432176165282,estudo (fora da dobra)
par3-0643,0.0230415891855955,estudo (fora da dobra)
par3-0645,0.0057073710486292,estudo (fora da dobra)
par3-0646,0.0046121329069137,estudo (fora da dobra)
par3-0648,0.0680063664913177,estudo (fora da dobra)
par3-0649,0.9949681162834167,estudo (fora da dobra)
par3-0650,0.0043073808774352,estudo (fora da dobra)
par3-0651,0.003579574637115,estudo (fora da dobra)
par3-0652,0.0054392567835748,estudo (fora da dobra)
par3-0654,0.0048028482124209,estudo (fora da dobra)
par3-0655,0.0345873236656188,estudo (fora da dobra)
par3-0656,0.0417670682072639,estudo (fora da dobra)
par3-0657,0.0036726903636008,estudo (fora da dobra)
par3-0658,0.0110927876085042,estudo (fora da dobra)
par3-0660,0.0118193952366709,estudo (fora da dobra)
par3-0661,0.1734587103128433,estudo (fora da dobra)
par3-0662,0.0044348197989165,estudo (fora da dobra)
par3-0663,0.0052755549550056,estudo (fora da dobra)
par3-0664,0.0044152792543172,estudo (fora da dobra)
par3-0665,0.0050567486323416,estudo (fora da dobra)
par3-0666,0.298006147146225,estudo (fora da dobra)
par3-0667,0.0253377817571163,estudo (fora da dobra)
par3-0668,0.0309618711471557,estudo (fora da dobra)
par3-0669,0.5252792835235596,estudo (fora da dobra)
par3-0672,0.0136265316978096,estudo (fora da dobra)
par3-0673,0.0031835213303565,estudo (fora da dobra)
par3-0675,0.959011733531952,estudo (fora da dobra)
par3-0677,0.0113378288224339,estudo (fora da dobra)
par3-0679,0.0718269273638725,estudo (fora da dobra)
par3-0680,0.9257466793060304,estudo (fora da dobra)
par3-0681,0.0046646269038319,estudo (fora da dobra)
par3-0683,0.0097998268902301,estudo (fora da dobra)
par3-0684,0.3891230821609497,estudo (fora da dobra)
par3-0685,0.0045900298282504,estudo (fora da dobra)
par3-0686,0.4553026854991913,estudo (fora da dobra)
par3-0687,0.1161494925618171,estudo (fora da dobra)
par3-0688,0.990098774433136,estudo (fora da dobra)
par3-0690,0.4973029792308807,estudo (fora da dobra)
par3-0691,0.0035538026131689,estudo (fora da dobra)
par3-0692,0.0065461699850857,estudo (fora da dobra)
par3-0695,0.7028129696846008,estudo (fora da dobra)
par3-0696,0.0059202327392995,estudo (fora da dobra)
par3-0697,0.0034027723595499,estudo (fora da dobra)
par3-0698,0.038655336946249,estudo (fora da dobra)
par3-0700,0.0565550252795219,estudo (fora da dobra)
par3-0701,0.0058101434260606,estudo (fora da dobra)
par3-0703,0.0057205371558666,estudo (fora da dobra)
par3-0704,0.003527452237904,estudo (fora da dobra)
par3-0705,0.9934518337249756,estudo (fora da dobra)
par3-0706,0.9937671422958374,estudo (fora da dobra)
par3-0707,0.0086007183417677,estudo (fora da dobra)
par3-0708,0.9871706366539,estudo (fora da dobra)
par3-0709,0.0068361917510628,estudo (fora da dobra)
par3-0710,0.0058645820245146,estudo (fora da dobra)
par3-0711,0.0088056335225701,estudo (fora da dobra)
par3-0713,0.0035563476849347,estudo (fora da dobra)
par3-0715,0.0041420087218284,estudo (fora da dobra)
par3-0717,0.0042737014591693,estudo (fora da dobra)
par3-0718,0.0475339069962501,estudo (fora da dobra)
par3-0720,0.0052526365034282,estudo (fora da dobra)
par3-0721,0.9075282216072084,estudo (fora da dobra)
par3-0722,0.011821667663753,estudo (fora da dobra)
par3-0725,0.0031504295766353,estudo (fora da dobra)
par3-0726,0.1618339270353317,estudo (fora da dobra)
par3-0727,0.6604822278022766,estudo (fora da dobra)
par3-0729,0.0053917686454951,estudo (fora da dobra)
par3-0731,0.981334924697876,estudo (fora da dobra)
par3-0732,0.9885558485984802,estudo (fora da dobra)
par3-0733,0.0065844925120472,estudo (fora da dobra)
par3-0734,0.0032496929634362,estudo (fora da dobra)
par3-0735,0.004646626766771,estudo (fora da dobra)
par3-0736,0.9834998846054076,estudo (fora da dobra)
par3-0737,0.0047064218670129,estudo (fora da dobra)
par3-0738,0.0051732887513935,estudo (fora da dobra)
par3-0739,0.0035677088890224,estudo (fora da dobra)
par3-0740,0.0051153958775103,estudo (fora da dobra)
par3-0741,0.003461355343461,estudo (fora da dobra)
par3-0743,0.0059952046722173,estudo (fora da dobra)
par3-0744,0.0655542314052581,estudo (fora da dobra)
par3-0745,0.9922256469726562,estudo (fora da dobra)
par3-0747,0.0044816439040005,estudo (fora da dobra)
par3-0751,0.0326526500284671,estudo (fora da dobra)
par3-0752,0.0039868424646556,estudo (fora da dobra)
par3-0753,0.3746165931224823,estudo (fora da dobra)
par3-0754,0.0083733713254332,estudo (fora da dobra)
par3-0755,0.0053583071567118,estudo (fora da dobra)
par3-0756,0.0043959077447652,estudo (fora da dobra)
par3-0758,0.0182352475821971,estudo (fora da dobra)
par3-0759,0.0169999580830335,estudo (fora da dobra)
par3-0761,0.0040034656412899,estudo (fora da dobra)
par3-0762,0.0044027562253177,estudo (fora da dobra)
par3-0763,0.0036248529795557,estudo (fora da dobra)
par3-0764,0.1393170803785324,estudo (fora da dobra)
par3-0765,0.0062461858615279,estudo (fora da dobra)
par3-0766,0.0045281583443284,estudo (fora da dobra)
par3-0767,0.1222426891326904,estudo (fora da dobra)
par3-0769,0.9906717538833618,estudo (fora da dobra)
par3-0770,0.950378715991974,estudo (fora da dobra)
par3-0771,0.0044586691074073,estudo (fora da dobra)
par3-0773,0.0050114393234252,estudo (fora da dobra)
par3-0774,0.0406904146075248,estudo (fora da dobra)
par3-0776,0.004921889398247,estudo (fora da dobra)
par3-0777,0.0041967523284256,estudo (fora da dobra)
par3-0778,0.2342356443405151,estudo (fora da dobra)
par3-0779,0.0042533283121883,estudo (fora da dobra)
par3-0781,0.0044150361791253,estudo (fora da dobra)
par3-0782,0.019185721874237,estudo (fora da dobra)
par3-0783,0.4507719874382019,estudo (fora da dobra)
par3-0784,0.0041393795982003,estudo (fora da dobra)
par3-0785,0.1989421099424362,estudo (fora da dobra)
par3-0786,0.0081204399466514,estudo (fora da dobra)
par3-0788,0.0034622964449226,estudo (fora da dobra)
par3-0789,0.0444157533347606,estudo (fora da dobra)
par3-0790,0.0034707991871982,estudo (fora da dobra)
par3-0791,0.0443493574857711,estudo (fora da dobra)
par3-0792,0.0279724467545747,estudo (fora da dobra)
par3-0793,0.0068443221971392,estudo (fora da dobra)
par3-0796,0.0042276815511286,estudo (fora da dobra)
par3-0797,0.0050445571541786,estudo (fora da dobra)
par3-0798,0.0030253226868808,estudo (fora da dobra)
par3-0801,0.0041228206828236,estudo (fora da dobra)
par3-0802,0.9724953770637512,estudo (fora da dobra)
par3-0803,0.0038355723954737,estudo (fora da dobra)
par3-0805,0.0502358935773372,estudo (fora da dobra)
par3-0806,0.0050311484374105,estudo (fora da dobra)
par3-0807,0.0050279321148991,estudo (fora da dobra)
par3-0808,0.9702473282814026,estudo (fora da dobra)
par3-0810,0.0041374694555997,estudo (fora da dobra)
par3-0811,0.0048787361010909,estudo (fora da dobra)
par3-0813,0.0049188961274921,estudo (fora da dobra)
par3-0814,0.1155075430870056,estudo (fora da dobra)
par3-0815,0.0035523704718798,estudo (fora da dobra)
par3-0817,0.0060354243032634,estudo (fora da dobra)
par3-0818,0.0093643041327595,estudo (fora da dobra)
par3-0820,0.6111202239990234,estudo (fora da dobra)
par3-0821,0.977994740009308,estudo (fora da dobra)
par3-0822,0.0041518430225551,estudo (fora da dobra)
par3-0823,0.9021582007408142,estudo (fora da dobra)
par3-0824,0.00582010531798,estudo (fora da dobra)
par3-0825,0.9787524342536926,estudo (fora da dobra)
par3-0826,0.0422089807689189,estudo (fora da dobra)
par3-0829,0.9877158999443054,estudo (fora da dobra)
par3-0830,0.0050630499608814,estudo (fora da dobra)
par3-0831,0.017691470682621,estudo (fora da dobra)
par3-0832,0.0137511566281318,estudo (fora da dobra)
par3-0833,0.0048259370960295,estudo (fora da dobra)
par3-0834,0.010055192746222,estudo (fora da dobra)
par3-0835,0.0047400160692632,estudo (fora da dobra)
par3-0836,0.3088730275630951,estudo (fora da dobra)
par3-0837,0.0141631877049803,estudo (fora da dobra)
par3-0838,0.2079947292804718,estudo (fora da dobra)
par3-0839,0.0043656160123646,estudo (fora da dobra)
par3-0840,0.3654599487781524,estudo (fora da dobra)
par3-0841,0.9937570095062256,estudo (fora da dobra)
par3-0842,0.9446624517440796,estudo (fora da dobra)
par3-0843,0.6904516816139221,estudo (fora da dobra)
par3-0844,0.2935473620891571,estudo (fora da dobra)
par3-0848,0.0041726534254848,estudo (fora da dobra)
par3-0853,0.0045004109852015,estudo (fora da dobra)
par3-0854,0.0054103545844554,estudo (fora da dobra)
par3-0856,0.0069421119987964,estudo (fora da dobra)
par3-0857,0.0040326383896172,estudo (fora da dobra)
par3-0858,0.0038670466747134,estudo (fora da dobra)
par3-0860,0.0036169462837278,estudo (fora da dobra)
par3-0862,0.0048445998691022,estudo (fora da dobra)
par3-0863,0.0043059517629444,estudo (fora da dobra)
par3-0864,0.0039949314668774,estudo (fora da dobra)
par3-0865,0.0038861043285578,estudo (fora da dobra)
par3-0867,0.0290058050304651,estudo (fora da dobra)
par3-0868,0.0034287825692445,estudo (fora da dobra)
par3-0869,0.6061877012252808,estudo (fora da dobra)
par3-0871,0.0820062905550003,estudo (fora da dobra)
par3-0872,0.0039526750333607,estudo (fora da dobra)
par3-0874,0.7830173969268799,estudo (fora da dobra)
par3-0875,0.0062326909974217,estudo (fora da dobra)
par3-0877,0.0035338622983545,estudo (fora da dobra)
par3-0878,0.4806080162525177,estudo (fora da dobra)
par3-0879,0.0047852373681962,estudo (fora da dobra)
par3-0880,0.2040050774812698,estudo (fora da dobra)
par3-0881,0.4709471762180328,estudo (fora da dobra)
par3-0882,0.0284880548715591,estudo (fora da dobra)
par3-0883,0.0052322107367217,estudo (fora da dobra)
par3-0884,0.9414421319961548,estudo (fora da dobra)
par3-0885,0.9401493668556212,estudo (fora da dobra)
par3-0887,0.005126186646521,estudo (fora da dobra)
par3-0891,0.0058188340626657,estudo (fora da dobra)
par3-0893,0.9938402771949768,estudo (fora da dobra)
par3-0894,0.1693498790264129,estudo (fora da dobra)
par3-0895,0.0044790878891944,estudo (fora da dobra)
par3-0897,0.0069683506153523,estudo (fora da dobra)
par3-0898,0.0045643844641745,estudo (fora da dobra)
par3-0899,0.0061522922478616,estudo (fora da dobra)
par3-0901,0.0293904654681682,estudo (fora da dobra)
par3-0904,0.0055315750651061,estudo (fora da dobra)
par3-0905,0.0175805799663066,estudo (fora da dobra)
par3-0906,0.8387377858161926,estudo (fora da dobra)
par3-0907,0.9238942861557008,estudo (fora da dobra)
par3-0908,0.0047807684168219,estudo (fora da dobra)
par3-0909,0.0033821079414337,estudo (fora da dobra)
par3-0910,0.0048807249404489,estudo (fora da dobra)
par3-0911,0.8134661912918091,estudo (fora da dobra)
par3-0912,0.4241409003734588,estudo (fora da dobra)
par3-0914,0.0080472659319639,estudo (fora da dobra)
par3-0916,0.0658865645527839,estudo (fora da dobra)
par3-0917,0.9233437776565552,estudo (fora da dobra)
par3-0919,0.0065844203345477,estudo (fora da dobra)
par3-0922,0.9919651746749878,estudo (fora da dobra)
par3-0923,0.005801583174616,estudo (fora da dobra)
par3-0924,0.0719182193279266,estudo (fora da dobra)
par3-0926,0.9948114156723022,estudo (fora da dobra)
par3-0927,0.0867969617247581,estudo (fora da dobra)
par3-0929,0.0050086751580238,estudo (fora da dobra)
par3-0930,0.992693305015564,estudo (fora da dobra)
par3-0931,0.004773695487529,estudo (fora da dobra)
par3-0932,0.0240249745547771,estudo (fora da dobra)
par3-0934,0.0037522842176258,estudo (fora da dobra)
par3-0936,0.974766194820404,estudo (fora da dobra)
par3-0937,0.0087586212903261,estudo (fora da dobra)
par3-0938,0.0035144344437867,estudo (fora da dobra)
par3-0939,0.0039936532266438,estudo (fora da dobra)
par3-0940,0.9652546048164368,estudo (fora da dobra)
par3-0941,0.0046931975521147,estudo (fora da dobra)
par3-0942,0.0108223678544163,estudo (fora da dobra)
par3-0944,0.0041332808323204,estudo (fora da dobra)
par3-0945,0.986263394355774,estudo (fora da dobra)
par3-0946,0.0128188794478774,estudo (fora da dobra)
par3-0947,0.8423736095428467,estudo (fora da dobra)
par3-0948,0.3922223150730133,estudo (fora da dobra)
par3-0951,0.0069339675828814,estudo (fora da dobra)
par3-0952,0.0454254522919654,estudo (fora da dobra)
par3-0953,0.0495173558592796,estudo (fora da dobra)
par3-0954,0.02890095859766,estudo (fora da dobra)
par3-0955,0.0059329476207494,estudo (fora da dobra)
par3-0956,0.0727097317576408,estudo (fora da dobra)
par3-0957,0.0234490390866994,estudo (fora da dobra)
par3-0958,0.2667281329631805,estudo (fora da dobra)
par3-0960,0.0032567779999226,estudo (fora da dobra)
par3-0961,0.01280078291893,estudo (fora da dobra)
par3-0963,0.0036666495725512,estudo (fora da dobra)
par3-0964,0.0040344912558794,estudo (fora da dobra)
par3-0965,0.0040458440780639,estudo (fora da dobra)
par3-0966,0.0270838178694248,estudo (fora da dobra)
par3-0967,0.9671962261199952,estudo (fora da dobra)
par3-0968,0.0053103836253285,estudo (fora da dobra)
par3-0969,0.003999822307378,estudo (fora da dobra)
par3-0970,0.0033487647306174,estudo (fora da dobra)
par3-0971,0.0201822835952043,estudo (fora da dobra)
par3-0972,0.9424082636833192,estudo (fora da dobra)
par3-0974,0.0063131465576589,estudo (fora da dobra)
par3-0975,0.0117092039436101,estudo (fora da dobra)
par3-0976,0.0042096553370356,estudo (fora da dobra)
par3-0977,0.9936583638191224,estudo (fora da dobra)
par3-0978,0.0074373893439769,estudo (fora da dobra)
par3-0979,0.0232224650681018,estudo (fora da dobra)
par3-0982,0.0040011936798691,estudo (fora da dobra)
par3-0983,0.0039171003736555,estudo (fora da dobra)
par3-0987,0.0046013765968382,estudo (fora da dobra)
par3-0988,0.7232834696769714,estudo (fora da dobra)
par3-0989,0.0036481595598161,estudo (fora da dobra)
par3-0990,0.0107244774699211,estudo (fora da dobra)
par3-0992,0.0031845960766077,estudo (fora da dobra)
par3-0993,0.0036379066295921,estudo (fora da dobra)
par3-0994,0.0039348560385406,estudo (fora da dobra)
par3-0995,0.944288432598114,estudo (fora da dobra)
par3-0996,0.0083654364570975,estudo (fora da dobra)
par3-0997,0.0789166465401649,estudo (fora da dobra)
par3-0998,0.0126415621489286,estudo (fora da dobra)
par3-0999,0.9867560863494872,estudo (fora da dobra)
par3-1000,0.0938071906566619,estudo (fora da dobra)
par3-1003,0.0311967004090547,estudo (fora da dobra)
par3-1005,0.9925110340118408,estudo (fora da dobra)
par3-1006,0.0156663544476032,estudo (fora da dobra)
par3-1007,0.0037568106781691,estudo (fora da dobra)
par3-1008,0.004395340103656,estudo (fora da dobra)
par3-1009,0.597105860710144,estudo (fora da dobra)
par3-1010,0.1465135216712951,estudo (fora da dobra)
par3-1011,0.004236118402332,estudo (fora da dobra)
par3-1012,0.0048468629829585,estudo (fora da dobra)
par3-1015,0.003994679544121,estudo (fora da dobra)
par3-1017,0.9947808384895324,estudo (fora da dobra)
par3-1018,0.9889512658119202,estudo (fora da dobra)
par3-1019,0.0037179621867835,estudo (fora da dobra)
par3-1020,0.0046961028128862,estudo (fora da dobra)
par3-1022,0.0033948016352951,estudo (fora da dobra)
par3-1023,0.0040395315736532,estudo (fora da dobra)
par3-1024,0.0042457017116248,estudo (fora da dobra)
par3-1025,0.0362098440527915,estudo (fora da dobra)
par3-1026,0.0083557507023215,estudo (fora da dobra)
par3-1027,0.0052587739191949,estudo (fora da dobra)
par3-1028,0.0205869972705841,estudo (fora da dobra)
par3-1029,0.0035073095932602,estudo (fora da dobra)
par3-1031,0.9489789009094238,estudo (fora da dobra)
par3-1034,0.0166144799441099,estudo (fora da dobra)
par3-1035,0.0044172895140945,estudo (fora da dobra)
par3-1040,0.0061962455511093,estudo (fora da dobra)
par3-1041,0.0042075389064848,estudo (fora da dobra)
par3-1042,0.9844365119934082,estudo (fora da dobra)
par3-1043,0.0042325179092586,estudo (fora da dobra)
par3-1044,0.0053318487480282,estudo (fora da dobra)
par3-1045,0.0033975052647292,estudo (fora da dobra)
par3-1047,0.0037372624501585,estudo (fora da dobra)
par3-1049,0.0044271838851273,estudo (fora da dobra)
par3-1050,0.0069151101633906,estudo (fora da dobra)
par3-1052,0.9921757578849792,estudo (fora da dobra)
par3-1054,0.005832452327013,estudo (fora da dobra)
par3-1055,0.9544943571090698,estudo (fora da dobra)
par3-1057,0.0639815255999565,estudo (fora da dobra)
par3-1058,0.0067590279504656,estudo (fora da dobra)
par3-1059,0.0034764774609357,estudo (fora da dobra)
par3-1060,0.0103095071390271,estudo (fora da dobra)
par3-1061,0.0044143735431134,estudo (fora da dobra)
par3-1062,0.0054933079518377,estudo (fora da dobra)
par3-1064,0.9837678074836732,estudo (fora da dobra)
par3-1065,0.0035485159605741,estudo (fora da dobra)
par3-1066,0.0042136004194617,estudo (fora da dobra)
par3-1067,0.9862045049667358,estudo (fora da dobra)
par3-1068,0.9868669509887696,estudo (fora da dobra)
par3-1069,0.0041357800364494,estudo (fora da dobra)
par3-1071,0.0047029834240674,estudo (fora da dobra)
par3-1073,0.0031558701302856,estudo (fora da dobra)
par3-1076,0.7320845127105713,estudo (fora da dobra)
par3-1078,0.0051037897355854,estudo (fora da dobra)
par3-1079,0.0082208355888724,estudo (fora da dobra)
par3-1080,0.7824422717094421,estudo (fora da dobra)
par3-1081,0.0044377828016877,estudo (fora da dobra)
par3-1083,0.0553612299263477,estudo (fora da dobra)
par3-1085,0.0055468599312007,estudo (fora da dobra)
par3-1086,0.0038481678348034,estudo (fora da dobra)
par3-1087,0.0088981697335839,estudo (fora da dobra)
par3-1088,0.0031426192726939,estudo (fora da dobra)
par3-1089,0.0036730049178004,estudo (fora da dobra)
par3-1091,0.0033228686079382,estudo (fora da dobra)
par3-1092,0.2784172892570495,estudo (fora da dobra)
par3-1097,0.0047813854180276,estudo (fora da dobra)
par3-1098,0.0052089253440499,estudo (fora da dobra)
par3-1100,0.0036024935543537,estudo (fora da dobra)
par3-1101,0.0141533585265278,estudo (fora da dobra)
par3-1103,0.0047343373298645,estudo (fora da dobra)
par3-1104,0.0125861633569002,estudo (fora da dobra)
par3-1105,0.0046573621220886,estudo (fora da dobra)
par3-1106,0.0058944425545632,estudo (fora da dobra)
par3-1107,0.0047605354338884,estudo (fora da dobra)
par3-1109,0.0073166522197425,estudo (fora da dobra)
par3-1110,0.0076114437542855,estudo (fora da dobra)
par3-1112,0.0510276965796947,estudo (fora da dobra)
par3-1113,0.0071318848058581,estudo (fora da dobra)
par3-1114,0.9916495084762572,estudo (fora da dobra)
par3-1115,0.008239303715527,estudo (fora da dobra)
par3-1116,0.0045672473497688,estudo (fora da dobra)
par3-1119,0.4652175307273865,estudo (fora da dobra)
par3-1120,0.0036653224378824,estudo (fora da dobra)
par3-1121,0.0048640603199601,estudo (fora da dobra)
par3-1122,0.0046912869438529,estudo (fora da dobra)
par3-1123,0.1768782138824463,estudo (fora da dobra)
par3-1125,0.0054470421746373,estudo (fora da dobra)
par3-1126,0.0040306909941136,estudo (fora da dobra)
par3-1127,0.0153057072311639,estudo (fora da dobra)
par3-1128,0.0705875903367996,estudo (fora da dobra)
par3-1130,0.8845827579498291,estudo (fora da dobra)
par3-1131,0.8388593196868896,estudo (fora da dobra)
par3-1132,0.4926319718360901,estudo (fora da dobra)
par3-1133,0.003587404731661,estudo (fora da dobra)
par3-1134,0.0040940926410257,estudo (fora da dobra)
par3-1135,0.0050581474788486,estudo (fora da dobra)
par3-1137,0.004953134804964,estudo (fora da dobra)
par3-1138,0.0037613969761878,estudo (fora da dobra)
par3-1139,0.2169433683156967,estudo (fora da dobra)
par3-1141,0.0263246204704046,estudo (fora da dobra)
par3-1142,0.9878026843070984,estudo (fora da dobra)
par3-1143,0.004267537035048,estudo (fora da dobra)
par3-1145,0.0062725711613893,estudo (fora da dobra)
par3-1146,0.0047574997879564,estudo (fora da dobra)
par3-1147,0.0035661025904119,estudo (fora da dobra)
par3-1149,0.0258588716387748,estudo (fora da dobra)
par3-1151,0.0033109115902334,estudo (fora da dobra)
par3-1153,0.0038108502048999,estudo (fora da dobra)
par3-1154,0.0057886596769094,estudo (fora da dobra)
par3-1155,0.0033037001267075,estudo (fora da dobra)
par3-1156,0.00367509922944,estudo (fora da dobra)
par3-1159,0.0080005684867501,estudo (fora da dobra)
par3-1160,0.0054804049432277,estudo (fora da dobra)
par3-1163,0.8113932609558105,estudo (fora da dobra)
par3-1164,0.0059776748530566,estudo (fora da dobra)
par3-1166,0.0040454366244375,estudo (fora da dobra)
par3-1168,0.0052489480003714,estudo (fora da dobra)
par3-1171,0.0044329524971544,estudo (fora da dobra)
par3-1172,0.0043084505014121,estudo (fora da dobra)
par3-1173,0.0590427331626415,estudo (fora da dobra)
par3-1178,0.0252157691866159,estudo (fora da dobra)
par3-1179,0.0281159970909357,estudo (fora da dobra)
par3-1180,0.0040105390362441,estudo (fora da dobra)
par3-1181,0.0034431789536029,estudo (fora da dobra)
par3-1182,0.3471145033836365,estudo (fora da dobra)
par3-1183,0.0037945746444165,estudo (fora da dobra)
par3-1184,0.0600033178925514,estudo (fora da dobra)
par3-1185,0.0124139320105314,estudo (fora da dobra)
par3-1187,0.0185341481119394,estudo (fora da dobra)
par3-1188,0.0079696774482727,estudo (fora da dobra)
par3-1189,0.0043239570222795,estudo (fora da dobra)
par3-1190,0.0609308183193206,estudo (fora da dobra)
par3-1191,0.0042136986739933,estudo (fora da dobra)
par3-1192,0.9909654855728148,estudo (fora da dobra)
par3-1193,0.0068140183575451,estudo (fora da dobra)
par3-1195,0.0031800067517906,estudo (fora da dobra)
par3-1196,0.9939205646514891,estudo (fora da dobra)
par3-1197,0.0044606165029108,estudo (fora da dobra)
par3-1198,0.0031714225187897,estudo (fora da dobra)
par3-1199,0.0066772950813174,estudo (fora da dobra)
par3-1201,0.0041354149580001,estudo (fora da dobra)
par3-1202,0.0049384236335754,estudo (fora da dobra)
par3-1203,0.0071402564644813,estudo (fora da dobra)
par3-1204,0.014535741880536,estudo (fora da dobra)
par3-1205,0.0040776557289063,estudo (fora da dobra)
par3-1206,0.0051676328293979,estudo (fora da dobra)
par3-1207,0.2391496896743774,estudo (fora da dobra)
par3-1208,0.0045390846207737,estudo (fora da dobra)
par3-1209,0.0039991689845919,estudo (fora da dobra)
par3-1212,0.1423284113407135,estudo (fora da dobra)
par3-1213,0.0037259934470057,estudo (fora da dobra)
par3-1214,0.1118463426828384,estudo (fora da dobra)
par3-1215,0.0040723532438278,estudo (fora da dobra)
par3-1216,0.0128005659207701,estudo (fora da dobra)
par3-1218,0.0078410552814602,estudo (fora da dobra)
par3-1221,0.011029121465981,estudo (fora da dobra)
par3-1222,0.005045342259109,estudo (fora da dobra)
par3-1223,0.005502060521394,estudo (fora da dobra)
par3-1224,0.9098476767539978,estudo (fora da dobra)
par3-1225,0.2709090411663055,estudo (fora da dobra)
par3-1226,0.0147008020430803,estudo (fora da dobra)
par3-1227,0.0037595226895064,estudo (fora da dobra)
par3-1229,0.1957612037658691,estudo (fora da dobra)
par3-1230,0.0034722196869552,estudo (fora da dobra)
par3-1232,0.9886232614517212,estudo (fora da dobra)
par3-1233,0.9895977973937988,estudo (fora da dobra)
par3-1235,0.0045476029627025,estudo (fora da dobra)
par3-1237,0.053194835782051,estudo (fora da dobra)
par3-1238,0.0033592081163078,estudo (fora da dobra)
par3-1240,0.0164645295590162,estudo (fora da dobra)
par3-1241,0.0468052960932254,estudo (fora da dobra)
par3-1242,0.0054225465282797,estudo (fora da dobra)
par3-1243,0.00420593470335,estudo (fora da dobra)
par3-1247,0.0069737904705107,estudo (fora da dobra)
par3-1248,0.005803145468235,estudo (fora da dobra)
par3-1250,0.0063710040412843,estudo (fora da dobra)
par3-1251,0.0041755964048206,estudo (fora da dobra)
par3-1252,0.004228837788105,estudo (fora da dobra)
par3-1253,0.0040139914490282,estudo (fora da dobra)
par3-1254,0.0038819939363747,estudo (fora da dobra)
par3-1255,0.5251676440238953,estudo (fora da dobra)
par3-1256,0.0207078568637371,estudo (fora da dobra)
par3-1257,0.2609132826328277,estudo (fora da dobra)
par3-1259,0.0039857267402112,estudo (fora da dobra)
par3-1260,0.0039355680346488,estudo (fora da dobra)
par3-1261,0.0042664734646677,estudo (fora da dobra)
par3-1265,0.0049620172940194,estudo (fora da dobra)
par3-1266,0.0106995664536952,estudo (fora da dobra)
par3-1268,0.4332863688468933,estudo (fora da dobra)
par3-1271,0.004248478449881,estudo (fora da dobra)
par3-1272,0.0042208158411085,estudo (fora da dobra)
par3-1273,0.0044071120209991,estudo (fora da dobra)
par3-1275,0.0037146767135709,estudo (fora da dobra)
par3-1277,0.003967042081058,estudo (fora da dobra)
par3-1279,0.0100315026938915,estudo (fora da dobra)
par3-1280,0.0083454251289367,estudo (fora da dobra)
par3-1281,0.9438781142234802,estudo (fora da dobra)
par3-1282,0.0417964197695255,estudo (fora da dobra)
par3-1283,0.003228644374758,estudo (fora da dobra)
par3-1284,0.0037276097573339,estudo (fora da dobra)
par3-1286,0.0282646380364894,estudo (fora da dobra)
par3-1287,0.0052948333323001,estudo (fora da dobra)
par3-1288,0.0043952339328825,estudo (fora da dobra)
par3-1289,0.8205897808074951,estudo (fora da dobra)
par3-1291,0.9526938796043396,estudo (fora da dobra)
par3-1292,0.1802983731031417,estudo (fora da dobra)
par3-1293,0.0049215084873139,estudo (fora da dobra)
par3-1295,0.9541221857070924,estudo (fora da dobra)
par3-1296,0.978905439376831,estudo (fora da dobra)
par3-1297,0.0041582374833524,estudo (fora da dobra)
par3-1298,0.721394419670105,estudo (fora da dobra)
par3-1299,0.0064331083558499,estudo (fora da dobra)
par3-1301,0.9866740703582764,estudo (fora da dobra)
par3-1302,0.0036426433362066,estudo (fora da dobra)
par3-1303,0.0046065910719335,estudo (fora da dobra)
par3-1304,0.062921293079853,estudo (fora da dobra)
par3-1305,0.069364957511425,estudo (fora da dobra)
par3-1306,0.3712442219257355,estudo (fora da dobra)
par3-1307,0.012212349101901,estudo (fora da dobra)
par3-1308,0.0036207751836627,estudo (fora da dobra)
par3-1309,0.0108321215957403,estudo (fora da dobra)
par3-1310,0.0046401564031839,estudo (fora da dobra)
par3-1312,0.0042333700694143,estudo (fora da dobra)
par3-1313,0.00589015847072,estudo (fora da dobra)
par3-1314,0.004762499127537,estudo (fora da dobra)
par3-1315,0.0032316336873918,estudo (fora da dobra)
par3-1317,0.0053181117400527,estudo (fora da dobra)
par3-1318,0.983173131942749,estudo (fora da dobra)
par3-1319,0.003456522943452,estudo (fora da dobra)
par3-1320,0.0046126735396683,estudo (fora da dobra)
par3-1321,0.0044121067039668,estudo (fora da dobra)
par3-1322,0.0034329465124756,estudo (fora da dobra)
par3-1323,0.003716362407431,estudo (fora da dobra)
par3-1325,0.0032547630835324,estudo (fora da dobra)
par3-1326,0.003820267971605,estudo (fora da dobra)
par3-1330,0.0038613800425082,estudo (fora da dobra)
par3-1333,0.0152156418189406,estudo (fora da dobra)
par3-1334,0.0035532163456082,estudo (fora da dobra)
par3-1339,0.0043488163501024,estudo (fora da dobra)
par3-1340,0.0043733436614274,estudo (fora da dobra)
par3-1341,0.029178399592638,estudo (fora da dobra)
par3-1343,0.0052804565057158,estudo (fora da dobra)
par3-1344,0.2335575968027115,estudo (fora da dobra)
par3-1345,0.0034820938017219,estudo (fora da dobra)
par3-1348,0.0055847615003585,estudo (fora da dobra)
par3-1351,0.0036593805998563,estudo (fora da dobra)
par3-1353,0.0137382633984088,estudo (fora da dobra)
par3-1355,0.0093531236052513,estudo (fora da dobra)
par3-1356,0.0036597854923456,estudo (fora da dobra)
par3-1357,0.0043955259025096,estudo (fora da dobra)
par3-1358,0.0042880023829638,estudo (fora da dobra)
par3-1359,0.0091293537989258,estudo (fora da dobra)
par3-1360,0.0048072701320052,estudo (fora da dobra)
par3-1361,0.0228543970733881,estudo (fora da dobra)
par3-1363,0.8367394804954529,estudo (fora da dobra)
par3-1367,0.0045671216212213,estudo (fora da dobra)
par3-1368,0.0262995101511478,estudo (fora da dobra)
par3-1369,0.3268587291240692,estudo (fora da dobra)
par3-1371,0.0047197332605719,estudo (fora da dobra)
par3-1373,0.9864967465400696,estudo (fora da dobra)
par3-1374,0.0134654249995946,estudo (fora da dobra)
par3-1375,0.0068688145838677,estudo (fora da dobra)
par3-1376,0.0042629237286746,estudo (fora da dobra)
par3-1379,0.9788236618041992,estudo (fora da dobra)
par3-1382,0.0124233001843094,estudo (fora da dobra)
par3-1383,0.8449808359146118,estudo (fora da dobra)
par3-1385,0.9854074120521544,estudo (fora da dobra)
par3-1386,0.0067341015674173,estudo (fora da dobra)
par3-1387,0.0049670413136482,estudo (fora da dobra)
par3-1388,0.0043312036432325,estudo (fora da dobra)
par3-1389,0.9821146130561828,estudo (fora da dobra)
par3-1390,0.9815628528594972,estudo (fora da dobra)
par3-1391,0.1655438691377639,estudo (fora da dobra)
par3-1392,0.006176474969834,estudo (fora da dobra)
par3-1394,0.0044020013883709,estudo (fora da dobra)
par3-1395,0.0030382322147488,estudo (fora da dobra)
par3-1396,0.007016166113317,estudo (fora da dobra)
par3-1397,0.0063405288383364,estudo (fora da dobra)
par3-1399,0.0041932342574,estudo (fora da dobra)
par3-1400,0.0042766323313117,estudo (fora da dobra)
par3-1401,0.0070319231599569,estudo (fora da dobra)
par3-1402,0.0071003302000463,estudo (fora da dobra)
par3-1403,0.0554863549768924,estudo (fora da dobra)
par3-1404,0.120719626545906,estudo (fora da dobra)
par3-1407,0.6623700857162476,estudo (fora da dobra)
par3-1408,0.0317443162202835,estudo (fora da dobra)
par3-1409,0.0042465445585548,estudo (fora da dobra)
par3-1410,0.0042839874513447,estudo (fora da dobra)
par3-1411,0.0055309510789811,estudo (fora da dobra)
par3-1414,0.0071838060393929,estudo (fora da dobra)
par3-1415,0.230207085609436,estudo (fora da dobra)
par3-1417,0.0068988082930445,estudo (fora da dobra)
par3-1418,0.0038932743482291,estudo (fora da dobra)
par3-1419,0.0047888676635921,estudo (fora da dobra)
par3-1421,0.0033690305426716,estudo (fora da dobra)
par3-1422,0.0044626924209296,estudo (fora da dobra)
par3-1423,0.003337841015309,estudo (fora da dobra)
par3-1425,0.0137512478977441,estudo (fora da dobra)
par3-1426,0.0053138355724513,estudo (fora da dobra)
par3-1427,0.9431570768356324,estudo (fora da dobra)
par3-1428,0.0839975699782371,estudo (fora da dobra)
par3-1429,0.0036316742189228,estudo (fora da dobra)
par3-1430,0.0086884004995226,estudo (fora da dobra)
par3-1432,0.0077106999233365,estudo (fora da dobra)
par3-1433,0.003491376992315,estudo (fora da dobra)
par3-1434,0.0313355959951877,estudo (fora da dobra)
par3-1435,0.6642561554908752,estudo (fora da dobra)
par3-1436,0.0150704830884933,estudo (fora da dobra)
par3-1438,0.0162592157721519,estudo (fora da dobra)
par3-1441,0.0043438812717795,estudo (fora da dobra)
par3-1444,0.9739251136779784,estudo (fora da dobra)
par3-1445,0.0080340802669525,estudo (fora da dobra)
par3-1446,0.0143008567392826,estudo (fora da dobra)
par3-1447,0.0497451201081275,estudo (fora da dobra)
par3-1448,0.020731508731842,estudo (fora da dobra)
par3-1449,0.9498176574707032,estudo (fora da dobra)
par3-1451,0.0040693143382668,estudo (fora da dobra)
par3-1453,0.5423425436019897,estudo (fora da dobra)
par3-1454,0.0086415261030197,estudo (fora da dobra)
par3-1455,0.0062016681768,estudo (fora da dobra)
par3-1456,0.1515791267156601,estudo (fora da dobra)
par3-1457,0.0944535359740257,estudo (fora da dobra)
par3-1458,0.0037360021378844,estudo (fora da dobra)
par3-1459,0.005732053425163,estudo (fora da dobra)
par3-1461,0.0115406159311532,estudo (fora da dobra)
par3-1463,0.0034027628134936,estudo (fora da dobra)
par3-1465,0.9525349140167236,estudo (fora da dobra)
par3-1466,0.0036418216768652,estudo (fora da dobra)
par3-1467,0.0057328282855451,estudo (fora da dobra)
par3-1468,0.0042657097801566,estudo (fora da dobra)
par3-1470,0.0165244955569505,estudo (fora da dobra)
par3-1471,0.0076974602416157,estudo (fora da dobra)
par3-1472,0.0128679452463984,estudo (fora da dobra)
par3-1473,0.0557557083666324,estudo (fora da dobra)
par3-1475,0.0044305608607828,estudo (fora da dobra)
par3-1476,0.004497752059251,estudo (fora da dobra)
par3-1478,0.0038708213251084,estudo (fora da dobra)
par3-1479,0.0090079568326473,estudo (fora da dobra)
par3-1480,0.0071425014175474,estudo (fora da dobra)
par3-1481,0.014325295574963,estudo (fora da dobra)
par3-1482,0.0043780924752354,estudo (fora da dobra)
par3-1484,0.0317262411117553,estudo (fora da dobra)
par3-1488,0.0046698143705725,estudo (fora da dobra)
par3-1490,0.0170522294938564,estudo (fora da dobra)
par3-1491,0.0365443080663681,estudo (fora da dobra)
par3-1492,0.0039542987942695,estudo (fora da dobra)
par3-1494,0.0034337739925831,estudo (fora da dobra)
par3-1495,0.0051222443580627,estudo (fora da dobra)
par3-1497,0.005267041735351,estudo (fora da dobra)
par3-1498,0.993077278137207,estudo (fora da dobra)
par3-1501,0.1507569551467895,estudo (fora da dobra)
par3-1502,0.0047760922461748,estudo (fora da dobra)
par3-1503,0.0064300093799829,estudo (fora da dobra)
par3-1505,0.6839823722839355,estudo (fora da dobra)
par3-1507,0.0055918577127158,estudo (fora da dobra)
par3-1509,0.0149382501840591,estudo (fora da dobra)
par3-1511,0.6901359558105469,estudo (fora da dobra)
par3-1512,0.0560384131968021,estudo (fora da dobra)
par3-1514,0.0601228661835193,estudo (fora da dobra)
par3-1516,0.0068503338843584,estudo (fora da dobra)
par3-1517,0.0302963722497224,estudo (fora da dobra)
par3-1518,0.0040087033994495,estudo (fora da dobra)
par3-1519,0.0043866764754056,estudo (fora da dobra)
par3-1521,0.006147276610136,estudo (fora da dobra)
par3-1522,0.006944709457457,estudo (fora da dobra)
par3-1523,0.0038000203203409,estudo (fora da dobra)
par3-1524,0.3166746497154236,estudo (fora da dobra)
par3-1525,0.005333490204066,estudo (fora da dobra)
par3-1526,0.0054153967648744,estudo (fora da dobra)
par3-1527,0.7284038066864014,estudo (fora da dobra)
par3-1529,0.0038690324872732,estudo (fora da dobra)
par3-1531,0.0053895749151706,estudo (fora da dobra)
par3-1532,0.0041704205796122,estudo (fora da dobra)
par3-1533,0.0035585132427513,estudo (fora da dobra)
par3-1534,0.0065937247127294,estudo (fora da dobra)
par3-1535,0.4080182909965515,estudo (fora da dobra)
par3-1537,0.0172608960419893,estudo (fora da dobra)
par3-1539,0.2596651315689087,estudo (fora da dobra)
par3-1540,0.0049002016894519,estudo (fora da dobra)
par3-1541,0.4488370418548584,estudo (fora da dobra)
par3-1542,0.0292562153190374,estudo (fora da dobra)
par3-1543,0.0034548428375273,estudo (fora da dobra)
par3-1544,0.0128929112106561,estudo (fora da dobra)
par3-1545,0.0049086888320744,estudo (fora da dobra)
par3-1547,0.0044538881629705,estudo (fora da dobra)
par3-1548,0.7829304337501526,estudo (fora da dobra)
par3-1549,0.9650846123695374,estudo (fora da dobra)
par3-1551,0.0065947053954005,estudo (fora da dobra)
par3-1552,0.0038010692223906,estudo (fora da dobra)
par3-1554,0.0052084070630371,estudo (fora da dobra)
par3-1556,0.0481661073863506,estudo (fora da dobra)
par3-1557,0.0053172693587839,estudo (fora da dobra)
par3-1558,0.0936936140060424,estudo (fora da dobra)
par3-1559,0.0211187787353992,estudo (fora da dobra)
par3-1560,0.4914046823978424,estudo (fora da dobra)
par3-1562,0.0041057472117245,estudo (fora da dobra)
par3-1563,0.0040310607291758,estudo (fora da dobra)
par3-1564,0.0419709123671054,estudo (fora da dobra)
par3-1565,0.697622537612915,estudo (fora da dobra)
par3-1566,0.005129313096404,estudo (fora da dobra)
par3-1567,0.0043718945235013,estudo (fora da dobra)
par3-1569,0.0036985888145864,estudo (fora da dobra)
par3-1572,0.0043628108687698,estudo (fora da dobra)
par3-1574,0.0041142352856695,estudo (fora da dobra)
par3-1575,0.0041979877278208,estudo (fora da dobra)
par3-1576,0.9629698991775512,estudo (fora da dobra)
par3-1577,0.0882787331938743,estudo (fora da dobra)
par3-1578,0.030368423089385,estudo (fora da dobra)
par3-1579,0.0033379285596311,estudo (fora da dobra)
par3-1582,0.0083089740946888,estudo (fora da dobra)
par3-1583,0.0370967090129852,estudo (fora da dobra)
par3-1584,0.0038334687706083,estudo (fora da dobra)
par3-1585,0.9786014556884766,estudo (fora da dobra)
par3-1587,0.0050192344933748,estudo (fora da dobra)
par3-1590,0.9445512890815736,estudo (fora da dobra)
par3-1591,0.0042668948881328,estudo (fora da dobra)
par3-1592,0.0087362034246325,estudo (fora da dobra)
par3-1594,0.0184555388987064,estudo (fora da dobra)
par3-1595,0.0072549399919807,estudo (fora da dobra)
par3-1596,0.005808369256556,estudo (fora da dobra)
par3-1597,0.0093437219038605,estudo (fora da dobra)
par3-1598,0.0057983328588306,estudo (fora da dobra)
par3-1599,0.0051201935857534,estudo (fora da dobra)
par3-1602,0.8349100947380066,estudo (fora da dobra)
par3-1603,0.6271189451217651,estudo (fora da dobra)
par3-1604,0.0069506377913057,estudo (fora da dobra)
par3-1605,0.9869707822799684,estudo (fora da dobra)
par3-1606,0.0247515495866537,estudo (fora da dobra)
par3-1607,0.0087194507941603,estudo (fora da dobra)
par3-1608,0.9947675466537476,estudo (fora da dobra)
par3-1609,0.2498780488967895,estudo (fora da dobra)
par3-1610,0.004831301048398,estudo (fora da dobra)
par3-1611,0.0055870446376502,estudo (fora da dobra)
par3-1612,0.0065967300906777,estudo (fora da dobra)
par3-1614,0.1511857807636261,estudo (fora da dobra)
par3-1615,0.0155821982771158,estudo (fora da dobra)
par3-1616,0.0043300199322402,estudo (fora da dobra)
par3-1617,0.0050754956901073,estudo (fora da dobra)
par3-1619,0.0215890444815158,estudo (fora da dobra)
par3-1620,0.2544442117214203,estudo (fora da dobra)
par3-1621,0.0045342436060309,estudo (fora da dobra)
par3-1623,0.005120575428009,estudo (fora da dobra)
par3-1625,0.2823156416416168,estudo (fora da dobra)
par3-1626,0.0709154307842254,estudo (fora da dobra)
par3-1627,0.0568076781928539,estudo (fora da dobra)
par3-1628,0.0067853410728275,estudo (fora da dobra)
par3-1629,0.0057896585203707,estudo (fora da dobra)
par3-1630,0.0037844865582883,estudo (fora da dobra)
par3-1631,0.9455503821372986,estudo (fora da dobra)
par3-1632,0.9730495810508728,estudo (fora da dobra)
par3-1633,0.0050401771441102,estudo (fora da dobra)
par3-1634,0.008885096758604,estudo (fora da dobra)
par3-1635,0.0049527259543538,estudo (fora da dobra)
par3-1636,0.0032847104594111,estudo (fora da dobra)
par3-1637,0.0037936880253255,estudo (fora da dobra)
par3-1638,0.0401980839669704,estudo (fora da dobra)
par3-1639,0.0358275100588798,estudo (fora da dobra)
par3-1640,0.0219643972814083,estudo (fora da dobra)
par3-1641,0.0049136453308165,estudo (fora da dobra)
par3-1642,0.0046428726054728,estudo (fora da dobra)
par3-1643,0.0043589286506175,estudo (fora da dobra)
par3-1644,0.0035798603203147,estudo (fora da dobra)
par3-1646,0.0036512047518044,estudo (fora da dobra)
par3-1650,0.0036193034611642,estudo (fora da dobra)
par3-1651,0.0051204413175582,estudo (fora da dobra)
par3-1652,0.0576760061085224,estudo (fora da dobra)
par3-1655,0.0059888763353228,estudo (fora da dobra)
par3-1657,0.0109914252534508,estudo (fora da dobra)
par3-1658,0.0040426403284072,estudo (fora da dobra)
par3-1660,0.0049201166257262,estudo (fora da dobra)
par3-1661,0.0048028253950178,estudo (fora da dobra)
par3-1662,0.0239514149725437,estudo (fora da dobra)
par3-1663,0.0100706350058317,estudo (fora da dobra)
par3-1665,0.464376151561737,estudo (fora da dobra)
par3-1667,0.0431454442441463,estudo (fora da dobra)
par3-1668,0.0107141872867941,estudo (fora da dobra)
par3-1669,0.6510616540908813,estudo (fora da dobra)
par3-1670,0.004654939752072,estudo (fora da dobra)
par3-1671,0.0032225823961198,estudo (fora da dobra)
par3-1672,0.0034977232571691,estudo (fora da dobra)
par3-1673,0.0038217105902731,estudo (fora da dobra)
par3-1674,0.9454445242881776,estudo (fora da dobra)
par3-1675,0.0452293343842029,estudo (fora da dobra)
par3-1677,0.9062227606773376,estudo (fora da dobra)
par3-1678,0.0033405423164367,estudo (fora da dobra)
par3-1681,0.0066340793855488,estudo (fora da dobra)
par3-1684,0.003763860091567,estudo (fora da dobra)
par3-1686,0.0050597484223544,estudo (fora da dobra)
par3-1687,0.003057672875002,estudo (fora da dobra)
par3-1688,0.0035198007244616,estudo (fora da dobra)
par3-1689,0.0052725910209119,estudo (fora da dobra)
par3-1690,0.2083610445261001,estudo (fora da dobra)
par3-1691,0.0072780270129442,estudo (fora da dobra)
par3-1692,0.0042019607499241,estudo (fora da dobra)
par3-1694,0.0058968267403542,estudo (fora da dobra)
par3-1695,0.0053827008232474,estudo (fora da dobra)
par3-1696,0.7836277484893799,estudo (fora da dobra)
par3-1697,0.9944635033607484,estudo (fora da dobra)
par3-1699,0.0049248677678406,estudo (fora da dobra)
par3-1700,0.0040009850636124,estudo (fora da dobra)
par3-1701,0.0060968631878495,estudo (fora da dobra)
par3-1705,0.0033583557233214,estudo (fora da dobra)
par3-1706,0.0055697374045848,estudo (fora da dobra)
par3-1707,0.8695839047431946,estudo (fora da dobra)
par3-1708,0.026211904361844,estudo (fora da dobra)
par3-1710,0.0035899966023862,estudo (fora da dobra)
par3-1711,0.0053075379692018,estudo (fora da dobra)
par3-1712,0.0046041775494813,estudo (fora da dobra)
par3-1713,0.9607059955596924,estudo (fora da dobra)
par3-1714,0.0034653281327337,estudo (fora da dobra)
par3-1715,0.0053202868439257,estudo (fora da dobra)
par3-1716,0.0059173121117055,estudo (fora da dobra)
par3-1717,0.947511911392212,estudo (fora da dobra)
par3-1718,0.8747154474258423,estudo (fora da dobra)
par3-1719,0.0036306644324213,estudo (fora da dobra)
par3-1721,0.0037758778780698,estudo (fora da dobra)
par3-1722,0.0033864760771393,estudo (fora da dobra)
par3-1723,0.9855586290359496,estudo (fora da dobra)
par3-1724,0.0051160124130547,estudo (fora da dobra)
par3-1725,0.022456832230091,estudo (fora da dobra)
par3-1726,0.0063159777782857,estudo (fora da dobra)
par3-1727,0.003553413785994,estudo (fora da dobra)
par3-1728,0.0140175595879554,estudo (fora da dobra)
par3-1729,0.035639863461256,estudo (fora da dobra)
par3-1732,0.0052144704386591,estudo (fora da dobra)
par3-1733,0.0050454116426408,estudo (fora da dobra)
par3-1736,0.0050217765383422,estudo (fora da dobra)
par3-1737,0.004697645548731,estudo (fora da dobra)
par3-1738,0.013009512796998,estudo (fora da dobra)
par3-1739,0.9847870469093324,estudo (fora da dobra)
par3-1740,0.2683233320713043,estudo (fora da dobra)
par3-1741,0.9838885068893432,estudo (fora da dobra)
par3-1742,0.0034752185456454,estudo (fora da dobra)
par3-1743,0.9916171431541444,estudo (fora da dobra)
par3-1744,0.0048835910856723,estudo (fora da dobra)
par3-1746,0.0067350072786211,estudo (fora da dobra)
par3-1747,0.1934217512607574,estudo (fora da dobra)
par3-1748,0.0437843464314937,estudo (fora da dobra)
par3-1749,0.4329956471920013,estudo (fora da dobra)
par3-1750,0.004363871179521,estudo (fora da dobra)
par3-1753,0.0372924730181694,estudo (fora da dobra)
par3-1754,0.0078313751146197,estudo (fora da dobra)
par3-1756,0.0032869877759367,estudo (fora da dobra)
par3-1757,0.0036983517929911,estudo (fora da dobra)
par3-1758,0.0407337844371795,estudo (fora da dobra)
par3-1759,0.1695069372653961,estudo (fora da dobra)
par3-1761,0.0043389960192143,estudo (fora da dobra)
par3-1764,0.0085090743377804,estudo (fora da dobra)
par3-1766,0.00768509414047,estudo (fora da dobra)
par3-1767,0.0257244892418384,estudo (fora da dobra)
par3-1768,0.0063969404436647,estudo (fora da dobra)
par3-1769,0.3064752519130707,estudo (fora da dobra)
par3-1770,0.0054222219623625,estudo (fora da dobra)
par3-1771,0.0696387067437172,estudo (fora da dobra)
par3-1772,0.0037321937270462,estudo (fora da dobra)
par3-1773,0.004001101013273,estudo (fora da dobra)
par3-1774,0.0036935128737241,estudo (fora da dobra)
par3-1775,0.018861249089241,estudo (fora da dobra)
par3-1777,0.0427512340247631,estudo (fora da dobra)
par3-1778,0.0038658692501485,estudo (fora da dobra)
par3-1779,0.0037130184937268,estudo (fora da dobra)
par3-1781,0.0365206114947795,estudo (fora da dobra)
par3-1782,0.0280384439975023,estudo (fora da dobra)
par3-1786,0.0373807623982429,estudo (fora da dobra)
par3-1787,0.3537740409374237,estudo (fora da dobra)
par3-1790,0.0040543051436543,estudo (fora da dobra)
par3-1793,0.0040488597005605,estudo (fora da dobra)
par3-1795,0.0054801916703581,estudo (fora da dobra)
par3-1797,0.0044644935987889,estudo (fora da dobra)
par3-1800,0.0056761130690574,estudo (fora da dobra)
par3-1801,0.9857511520385742,estudo (fora da dobra)
par3-1803,0.0664879158139228,estudo (fora da dobra)
par3-1804,0.0054383100941777,estudo (fora da dobra)
par3-1805,0.0515546537935733,estudo (fora da dobra)
par3-1807,0.083692729473114,estudo (fora da dobra)
par3-1808,0.0103812338784337,estudo (fora da dobra)
par3-1809,0.0037061455659568,estudo (fora da dobra)
par3-1810,0.0036601386964321,estudo (fora da dobra)
par3-1811,0.0051795574836432,estudo (fora da dobra)
par3-1812,0.0035444092936813,estudo (fora da dobra)
par3-1813,0.0066909021697938,estudo (fora da dobra)
par3-1814,0.0046703196130692,estudo (fora da dobra)
par3-1815,0.0501543022692203,estudo (fora da dobra)
par3-1816,0.0288276430219411,estudo (fora da dobra)
par3-1817,0.0046519138850271,estudo (fora da dobra)
par3-1818,0.0054637370631098,estudo (fora da dobra)
par3-1819,0.006173706613481,estudo (fora da dobra)
par3-1820,0.9819577932357788,estudo (fora da dobra)
par3-1821,0.0376815944910049,estudo (fora da dobra)
par3-1825,0.0579554997384548,estudo (fora da dobra)
par3-1826,0.0043747904710471,estudo (fora da dobra)
par3-1828,0.0047126556746661,estudo (fora da dobra)
par3-1829,0.0043931705877184,estudo (fora da dobra)
par3-1830,0.0157020073384046,estudo (fora da dobra)
par3-1831,0.0138925043866038,estudo (fora da dobra)
par3-1832,0.0037230791058391,estudo (fora da dobra)
par3-1833,0.0141793107613921,estudo (fora da dobra)
par3-1834,0.0040691751055419,estudo (fora da dobra)
par3-1836,0.0039552873931825,estudo (fora da dobra)
par3-1837,0.6999043226242065,estudo (fora da dobra)
par3-1838,0.0682708323001861,estudo (fora da dobra)
par3-1840,0.0669591724872589,estudo (fora da dobra)
par3-1841,0.007435776758939,estudo (fora da dobra)
par3-1842,0.0058177500031888,estudo (fora da dobra)
par3-1843,0.0485159717500209,estudo (fora da dobra)
par3-1846,0.005608145147562,estudo (fora da dobra)
par3-1847,0.6777998208999634,estudo (fora da dobra)
par3-1848,0.0044472627341747,estudo (fora da dobra)
par3-1850,0.0048442347906529,estudo (fora da dobra)
par3-1851,0.0054039438255131,estudo (fora da dobra)
par3-1852,0.005222694016993,estudo (fora da dobra)
par3-1853,0.0090819988399744,estudo (fora da dobra)
par3-1854,0.0042911833152174,estudo (fora da dobra)
par3-1855,0.0046100933104753,estudo (fora da dobra)
par3-1856,0.0083931153640151,estudo (fora da dobra)
par3-1857,0.9510716795921326,estudo (fora da dobra)
par3-1858,0.0042226556688547,estudo (fora da dobra)
par3-1859,0.0039100311696529,estudo (fora da dobra)
par3-1860,0.0033613496925681,estudo (fora da dobra)
par3-1861,0.045823585242033,estudo (fora da dobra)
par3-1862,0.0054504089057445,estudo (fora da dobra)
par3-1863,0.005198149010539,estudo (fora da dobra)
par3-1865,0.1376435309648513,estudo (fora da dobra)
par3-1866,0.0041613965295255,estudo (fora da dobra)
par3-1867,0.0045442818664014,estudo (fora da dobra)
par3-1869,0.0032104174606502,estudo (fora da dobra)
par3-1870,0.0054567530751228,estudo (fora da dobra)
par3-1871,0.9900757670402528,estudo (fora da dobra)
par3-1872,0.0058799562975764,estudo (fora da dobra)
par3-1874,0.0559308528900146,estudo (fora da dobra)
par3-1875,0.0040548481047153,estudo (fora da dobra)
par3-1878,0.742123544216156,estudo (fora da dobra)
par3-1879,0.0079528437927365,estudo (fora da dobra)
par3-1881,0.0054048970341682,estudo (fora da dobra)
par3-1882,0.0069457124918699,estudo (fora da dobra)
par3-1883,0.2649519145488739,estudo (fora da dobra)
par3-1884,0.0047613237984478,estudo (fora da dobra)
par3-1886,0.9944581985473632,estudo (fora da dobra)
par3-1888,0.0138706574216485,estudo (fora da dobra)
par3-1889,0.9879468083381652,estudo (fora da dobra)
par3-1891,0.9829474091529846,estudo (fora da dobra)
par3-1892,0.0053028529509902,estudo (fora da dobra)
par3-1893,0.1179844811558723,estudo (fora da dobra)
par3-1894,0.9661735892295836,estudo (fora da dobra)
par3-1896,0.005635991692543,estudo (fora da dobra)
par3-1897,0.0042835441417992,estudo (fora da dobra)
par3-1898,0.9732123613357544,estudo (fora da dobra)
par3-1899,0.2805537581443786,estudo (fora da dobra)
par3-1901,0.0066666598431766,estudo (fora da dobra)
par3-1905,0.0042130146175622,estudo (fora da dobra)
par3-1906,0.0071807974018156,estudo (fora da dobra)
par3-1907,0.0032388377003371,estudo (fora da dobra)
par3-1908,0.9947905540466307,estudo (fora da dobra)
par3-1909,0.0054530850611627,estudo (fora da dobra)
par3-1910,0.023035455495119,estudo (fora da dobra)
par3-1912,0.0052289357408881,estudo (fora da dobra)
par3-1914,0.988381564617157,estudo (fora da dobra)
par3-1915,0.0749718248844146,estudo (fora da dobra)
par3-1916,0.2744332551956177,estudo (fora da dobra)
par3-1917,0.1807188987731933,estudo (fora da dobra)
par3-1918,0.0035183508880436,estudo (fora da dobra)
par3-1919,0.0136178387328982,estudo (fora da dobra)
par3-1920,0.0111514935269951,estudo (fora da dobra)
par3-1921,0.0040809237398207,estudo (fora da dobra)
par3-1923,0.0037294127978384,estudo (fora da dobra)
par3-1924,0.0046321270056068,estudo (fora da dobra)
par3-1925,0.9172182083129884,estudo (fora da dobra)
par3-1926,0.4601678550243377,estudo (fora da dobra)
par3-1928,0.0046544051729142,estudo (fora da dobra)
par3-1929,0.0047799311578273,estudo (fora da dobra)
par3-1930,0.5955531001091003,estudo (fora da dobra)
par3-1931,0.9951057434082032,estudo (fora da dobra)
par3-1932,0.9910649061203004,estudo (fora da dobra)
par3-1937,0.0040472256951034,estudo (fora da dobra)
par3-1940,0.0036780862137675,estudo (fora da dobra)
par3-1942,0.0051186392083764,estudo (fora da dobra)
par3-1943,0.0057249623350799,estudo (fora da dobra)
par3-1944,0.0062342421151697,estudo (fora da dobra)
par3-1946,0.005596054252237,estudo (fora da dobra)
par3-1947,0.0037859447766095,estudo (fora da dobra)
par3-1948,0.0039231851696968,estudo (fora da dobra)
par3-1951,0.0037356205284595,estudo (fora da dobra)
par3-1952,0.0050209090113639,estudo (fora da dobra)
par3-1953,0.0068248440511524,estudo (fora da dobra)
par3-1954,0.0248243436217308,estudo (fora da dobra)
par3-1955,0.0473170652985572,estudo (fora da dobra)
par3-1957,0.0033562129829078,estudo (fora da dobra)
par3-1958,0.0057318932376801,estudo (fora da dobra)
par3-1959,0.0101240593940019,estudo (fora da dobra)
par3-1960,0.0046915132552385,estudo (fora da dobra)
par3-1963,0.004460057709366,estudo (fora da dobra)
par3-1964,0.0037008775398135,estudo (fora da dobra)
par3-1966,0.007753144018352,estudo (fora da dobra)
par3-1968,0.0040903342887759,estudo (fora da dobra)
par3-1969,0.0321394279599189,estudo (fora da dobra)
par3-1970,0.0061350767500698,estudo (fora da dobra)
par3-1972,0.2326163947582245,estudo (fora da dobra)
par3-1973,0.0174966100603342,estudo (fora da dobra)
par3-1974,0.0249646361917257,estudo (fora da dobra)
par3-1975,0.0040460880845785,estudo (fora da dobra)
par3-1976,0.1019064486026763,estudo (fora da dobra)
par3-1977,0.0317259095609188,estudo (fora da dobra)
par3-1978,0.0076711834408342,estudo (fora da dobra)
par3-1980,0.0381289795041084,estudo (fora da dobra)
par3-1983,0.0137455519288778,estudo (fora da dobra)
par3-1985,0.0046028583310544,estudo (fora da dobra)
par3-1986,0.0178282298147678,estudo (fora da dobra)
par3-1987,0.175662487745285,estudo (fora da dobra)
par3-1988,0.01112652849406,estudo (fora da dobra)
par3-1989,0.1067155301570892,estudo (fora da dobra)
par3-1991,0.0037975336890667,estudo (fora da dobra)
par3-1992,0.2877281010150909,estudo (fora da dobra)
par3-1993,0.0036618164740502,estudo (fora da dobra)
par3-1994,0.0281804427504539,estudo (fora da dobra)
par3-1996,0.0107086542993783,estudo (fora da dobra)
par3-1997,0.0040410915389657,estudo (fora da dobra)
par3-1998,0.0059343930333852,estudo (fora da dobra)
par3-2001,0.0039959675632417,estudo (fora da dobra)
par3-2002,0.0675441324710846,estudo (fora da dobra)
par3-2004,0.0097533045336604,estudo (fora da dobra)
par3-2006,0.0041602263227105,estudo (fora da dobra)
par3-2007,0.0051498273387551,estudo (fora da dobra)
par3-2008,0.010802524164319,estudo (fora da dobra)
par3-2010,0.0044606062583625,estudo (fora da dobra)
par3-2011,0.01047108694911,estudo (fora da dobra)
par3-2012,0.0033245950471609,estudo (fora da dobra)
par3-2013,0.024490837007761,estudo (fora da dobra)
par3-2016,0.0047351419925689,estudo (fora da dobra)
par3-2017,0.0359425954520702,estudo (fora da dobra)
par3-2020,0.0037640635855495,estudo (fora da dobra)
par3-2022,0.0051001203246414,estudo (fora da dobra)
par3-2023,0.0058993878774344,estudo (fora da dobra)
par3-2024,0.3276956081390381,estudo (fora da dobra)
par3-2026,0.0574528016149997,estudo (fora da dobra)
par3-2027,0.1409638971090316,estudo (fora da dobra)
par3-2028,0.0069464887492358,estudo (fora da dobra)
par3-2029,0.0061339833773672,estudo (fora da dobra)
par3-2034,0.0605369135737419,estudo (fora da dobra)
par3-2037,0.9898766875267028,estudo (fora da dobra)
par3-2038,0.0635255426168441,estudo (fora da dobra)
par3-2040,0.0054926960729062,estudo (fora da dobra)
par3-2041,0.8732591867446899,estudo (fora da dobra)
par3-2042,0.9717528820037842,estudo (fora da dobra)
par3-2043,0.0039291339926421,estudo (fora da dobra)
par3-2044,0.0274813305586576,estudo (fora da dobra)
par3-2045,0.0030929599888622,estudo (fora da dobra)
par3-2046,0.0070881377905607,estudo (fora da dobra)
par3-2047,0.0122822616249322,estudo (fora da dobra)
par3-2048,0.0300410334020853,estudo (fora da dobra)
par3-2049,0.9857075810432434,estudo (fora da dobra)
par3-2051,0.0959547087550163,estudo (fora da dobra)
par3-2052,0.0042161205783486,estudo (fora da dobra)
par3-2054,0.6123307347297668,estudo (fora da dobra)
par3-2055,0.0038614810910075,estudo (fora da dobra)
par3-2056,0.0044415616430342,estudo (fora da dobra)
par3-2057,0.004251854494214,estudo (fora da dobra)
par3-2060,0.0036626085638999,estudo (fora da dobra)
par3-2061,0.0038719833828508,estudo (fora da dobra)
par3-2063,0.953557550907135,estudo (fora da dobra)
par3-2064,0.0040370956994593,estudo (fora da dobra)
par3-2066,0.0043703252449631,estudo (fora da dobra)
par3-2067,0.0524972602725029,estudo (fora da dobra)
par3-2068,0.0051520899869501,estudo (fora da dobra)
par3-2069,0.0053534684702754,estudo (fora da dobra)
par3-2070,0.9945582151412964,estudo (fora da dobra)
par3-2072,0.0031476472504436,estudo (fora da dobra)
par3-2074,0.0045744525268673,estudo (fora da dobra)
par3-2075,0.0048725754022598,estudo (fora da dobra)
par3-2076,0.9912238121032716,estudo (fora da dobra)
par3-2077,0.0040745199657976,estudo (fora da dobra)
par3-2078,0.0083191497251391,estudo (fora da dobra)
par3-2079,0.0163136161863803,estudo (fora da dobra)
par3-2080,0.0047747986391186,estudo (fora da dobra)
par3-2082,0.9906883239746094,estudo (fora da dobra)
par3-2083,0.0046549751423299,estudo (fora da dobra)
par3-2085,0.0045836293138563,estudo (fora da dobra)
par3-2086,0.0051399641670286,estudo (fora da dobra)
par3-2087,0.8860704302787781,estudo (fora da dobra)
par3-2088,0.0054466701112687,estudo (fora da dobra)
par3-2090,0.003313036635518,estudo (fora da dobra)
par3-2095,0.0041015241295099,estudo (fora da dobra)
par3-2097,0.0034789827186614,estudo (fora da dobra)
par3-2099,0.4637261629104614,estudo (fora da dobra)
par3-2100,0.0058817961253225,estudo (fora da dobra)
par3-2101,0.004159000236541,estudo (fora da dobra)
par3-2103,0.9927915334701538,estudo (fora da dobra)
par3-2104,0.0043754260987043,estudo (fora da dobra)
par3-2105,0.0179359633475542,estudo (fora da dobra)
par3-2106,0.0031737806275486,estudo (fora da dobra)
par3-2107,0.6697692275047302,estudo (fora da dobra)
par3-2108,0.0034103470388799,estudo (fora da dobra)
par3-2111,0.0045693009160459,estudo (fora da dobra)
par3-2112,0.8649591207504272,estudo (fora da dobra)
par3-2114,0.5850303769111633,estudo (fora da dobra)
par3-2115,0.0031317539978772,estudo (fora da dobra)
par3-2116,0.9863929152488708,estudo (fora da dobra)
par3-2117,0.0998437479138374,estudo (fora da dobra)
par3-2118,0.0039206533692777,estudo (fora da dobra)
par3-2119,0.003940453287214,estudo (fora da dobra)
par3-2120,0.0054292934946715,estudo (fora da dobra)
par3-2121,0.003776645520702,estudo (fora da dobra)
par3-2124,0.0057191047817468,estudo (fora da dobra)
par3-2125,0.0043099191971123,estudo (fora da dobra)
par3-2127,0.0042693042196333,estudo (fora da dobra)
par3-2128,0.0030659621115773,estudo (fora da dobra)
par3-2129,0.0287233628332614,estudo (fora da dobra)
par3-2130,0.9203673601150512,estudo (fora da dobra)
par3-2131,0.7365099191665649,estudo (fora da dobra)
par3-2132,0.0038961581885814,estudo (fora da dobra)
par3-2133,0.1163828000426292,estudo (fora da dobra)
par3-2134,0.0056362533941864,estudo (fora da dobra)
par3-2137,0.0137182148173451,estudo (fora da dobra)
par3-2139,0.8332306742668152,estudo (fora da dobra)
par3-2140,0.0448856465518474,estudo (fora da dobra)
par3-2143,0.0308571197092533,estudo (fora da dobra)
par3-2144,0.9936111569404602,estudo (fora da dobra)
par3-2145,0.0055322861298918,estudo (fora da dobra)
par3-2146,0.2834025621414184,estudo (fora da dobra)
par3-2147,0.005023022647947,estudo (fora da dobra)
par3-2151,0.1620633155107498,estudo (fora da dobra)
par3-2152,0.9910441637039183,estudo (fora da dobra)
par3-2154,0.0054229940287768,estudo (fora da dobra)
par3-2156,0.1442366242408752,estudo (fora da dobra)
par3-2157,0.0076702064834535,estudo (fora da dobra)
par3-2158,0.0060939630493521,estudo (fora da dobra)
par3-2159,0.0059135011397302,estudo (fora da dobra)
par3-2160,0.5328002572059631,estudo (fora da dobra)
par3-2161,0.0033265296369791,estudo (fora da dobra)
par3-2162,0.8092790842056274,estudo (fora da dobra)
par3-2163,0.0042799357324838,estudo (fora da dobra)
par3-2164,0.005899220239371,estudo (fora da dobra)
par3-2165,0.0603836849331855,estudo (fora da dobra)
par3-2166,0.3875696957111358,estudo (fora da dobra)
par3-2168,0.0090494640171527,estudo (fora da dobra)
par3-2169,0.1438382565975189,estudo (fora da dobra)
par3-2170,0.203154057264328,estudo (fora da dobra)
par3-2172,0.0041449619457125,estudo (fora da dobra)
par3-2173,0.0037605231627821,estudo (fora da dobra)
par3-2174,0.6820545196533203,estudo (fora da dobra)
par3-2176,0.0055752312764525,estudo (fora da dobra)
par3-2177,0.006350633688271,estudo (fora da dobra)
par3-2178,0.9867858290672302,estudo (fora da dobra)
par3-2179,0.0031757487449795,estudo (fora da dobra)
par3-2180,0.0039467508904635,estudo (fora da dobra)
par3-2183,0.0051197195425629,estudo (fora da dobra)
par3-2184,0.0051505016162991,estudo (fora da dobra)
par3-2185,0.0066789649426937,estudo (fora da dobra)
par3-2187,0.225938931107521,estudo (fora da dobra)
par3-2188,0.973487138748169,estudo (fora da dobra)
par3-2189,0.0310774259269237,estudo (fora da dobra)
par3-2190,0.0573229044675827,estudo (fora da dobra)
par3-2191,0.0035062478855252,estudo (fora da dobra)
par3-2192,0.0081270337104797,estudo (fora da dobra)
par3-2193,0.5531371235847473,estudo (fora da dobra)
par3-2195,0.933207392692566,estudo (fora da dobra)
par3-2196,0.0051137870177626,estudo (fora da dobra)
par3-2197,0.0069984188303351,estudo (fora da dobra)
par3-2198,0.0988988727331161,estudo (fora da dobra)
par3-2200,0.0163605567067861,estudo (fora da dobra)
par3-2201,0.0046979798935353,estudo (fora da dobra)
par3-2204,0.0042601660825312,estudo (fora da dobra)
par3-2205,0.003292066976428,estudo (fora da dobra)
par3-2207,0.0051149884238839,estudo (fora da dobra)
par3-2209,0.0081835938617587,estudo (fora da dobra)
par3-2210,0.9906185269355774,estudo (fora da dobra)
par3-2211,0.0048533049412071,estudo (fora da dobra)
par3-2212,0.0043522766791284,estudo (fora da dobra)
par3-2213,0.0390144102275371,estudo (fora da dobra)
par3-2214,0.0811589956283569,estudo (fora da dobra)
par3-2215,0.0041789785027503,estudo (fora da dobra)
par3-2216,0.0050604594871401,estudo (fora da dobra)
par3-2217,0.1653410345315933,estudo (fora da dobra)
par3-2218,0.252930611371994,estudo (fora da dobra)
par3-2219,0.9930596351623536,estudo (fora da dobra)
par3-2221,0.0051513421349227,estudo (fora da dobra)
par3-2222,0.0052589061670005,estudo (fora da dobra)
par3-2225,0.0037658575456589,estudo (fora da dobra)
par3-2226,0.0103669827803969,estudo (fora da dobra)
par3-2228,0.1295890212059021,estudo (fora da dobra)
par3-2229,0.0170433204621076,estudo (fora da dobra)
par3-2231,0.0050163706764578,estudo (fora da dobra)
par3-2232,0.3900423347949981,estudo (fora da dobra)
par3-2233,0.7092589139938354,estudo (fora da dobra)
par3-2234,0.0297494735568761,estudo (fora da dobra)
par3-2235,0.2961153090000152,estudo (fora da dobra)
par3-2236,0.0037249841261655,estudo (fora da dobra)
par3-2237,0.0033315289765596,estudo (fora da dobra)
par3-2239,0.0038177624810487,estudo (fora da dobra)
par3-2240,0.2109027504920959,estudo (fora da dobra)
par3-2241,0.0041702799499034,estudo (fora da dobra)
par3-2242,0.0053993253968656,estudo (fora da dobra)
par3-2244,0.9921674132347108,estudo (fora da dobra)
par3-2246,0.0038942862302064,estudo (fora da dobra)
par3-2248,0.0048696072772145,estudo (fora da dobra)
par3-2249,0.9522303938865662,estudo (fora da dobra)
par3-2250,0.0051506161689758,estudo (fora da dobra)
par3-2251,0.0056545007973909,estudo (fora da dobra)
par3-2253,0.4141269326210022,estudo (fora da dobra)
par3-2254,0.0033557121641933,estudo (fora da dobra)
par3-2256,0.0044794087298214,estudo (fora da dobra)
par3-2257,0.0082594212144613,estudo (fora da dobra)
par3-2259,0.0040077059529721,estudo (fora da dobra)
par3-2260,0.0036533663515001,estudo (fora da dobra)
par3-2262,0.0068762740120291,estudo (fora da dobra)
par3-2264,0.0033335387706756,estudo (fora da dobra)
par3-2265,0.0054991282522678,estudo (fora da dobra)
par3-2266,0.0071075381711125,estudo (fora da dobra)
par3-2267,0.004997604060918,estudo (fora da dobra)
par3-2268,0.0032663408201187,estudo (fora da dobra)
par3-2269,0.5459232926368713,estudo (fora da dobra)
par3-2270,0.0051143965683877,estudo (fora da dobra)
par3-2272,0.0053302459418773,estudo (fora da dobra)
par3-2273,0.0261147115379571,estudo (fora da dobra)
par3-2274,0.0035309889353811,estudo (fora da dobra)
par3-2276,0.0107513535767793,estudo (fora da dobra)
par3-2278,0.0052604605443775,estudo (fora da dobra)
par3-2280,0.9915536046028136,estudo (fora da dobra)
par3-2281,0.0091415699571371,estudo (fora da dobra)
par3-2282,0.0053373165428638,estudo (fora da dobra)
par3-2283,0.0058567561209201,estudo (fora da dobra)
par3-2285,0.0123803494498133,estudo (fora da dobra)
par3-2286,0.0061139115132391,estudo (fora da dobra)
par3-2288,0.0052960910834372,estudo (fora da dobra)
par3-2289,0.9475243091583252,estudo (fora da dobra)
par3-2291,0.0212574731558561,estudo (fora da dobra)
par3-2292,0.0046609286218881,estudo (fora da dobra)
par3-2293,0.3120224773883819,estudo (fora da dobra)
par3-2294,0.0050424369983375,estudo (fora da dobra)
par3-2296,0.0068823788315057,estudo (fora da dobra)
par3-2297,0.0063172220252454,estudo (fora da dobra)
par3-2298,0.0029150166083127,estudo (fora da dobra)
par3-2300,0.0044632153585553,estudo (fora da dobra)
par3-2301,0.0191442929208278,estudo (fora da dobra)
par3-2303,0.0049397707916796,estudo (fora da dobra)
par3-2304,0.0074879485182464,estudo (fora da dobra)
par3-2305,0.3127415180206299,estudo (fora da dobra)
par3-2306,0.0048252432607114,estudo (fora da dobra)
par3-2307,0.0232718661427497,estudo (fora da dobra)
par3-2308,0.0039887549355626,estudo (fora da dobra)
par3-2310,0.008939204737544,estudo (fora da dobra)
par3-2311,0.005969347897917,estudo (fora da dobra)
par3-2312,0.9906773567199708,estudo (fora da dobra)
par3-2313,0.0356870107352733,estudo (fora da dobra)
par3-2314,0.005067856516689,estudo (fora da dobra)
par3-2315,0.0138325924053788,estudo (fora da dobra)
par3-2316,0.0061946245841681,estudo (fora da dobra)
par3-2317,0.093324951827526,estudo (fora da dobra)
par3-2318,0.0055973622947931,estudo (fora da dobra)
par3-2320,0.0042684064246714,estudo (fora da dobra)
par3-2321,0.007592829875648,estudo (fora da dobra)
par3-2322,0.0784791633486747,estudo (fora da dobra)
par3-2323,0.6490609645843506,estudo (fora da dobra)
par3-2324,0.0113357603549957,estudo (fora da dobra)
par3-2325,0.9934126734733582,estudo (fora da dobra)
par3-2326,0.0035287425853312,estudo (fora da dobra)
par3-2328,0.0029384773224592,estudo (fora da dobra)
par3-2329,0.005542479455471,estudo (fora da dobra)
par3-2330,0.0034391216468065,estudo (fora da dobra)
par3-2331,0.0037089036777615,estudo (fora da dobra)
par3-2333,0.7486519813537598,estudo (fora da dobra)
par3-2335,0.9693278670310974,estudo (fora da dobra)
par3-2336,0.0044810678809881,estudo (fora da dobra)
par3-2337,0.990518033504486,estudo (fora da dobra)
par3-2338,0.9342109560966492,estudo (fora da dobra)
par3-2339,0.1252217441797256,estudo (fora da dobra)
par3-2340,0.98842453956604,estudo (fora da dobra)
par3-2341,0.0155291277915239,estudo (fora da dobra)
par3-2342,0.0520485192537307,estudo (fora da dobra)
par3-2343,0.04853081330657,estudo (fora da dobra)
par3-2345,0.0043921717442572,estudo (fora da dobra)
par3-2347,0.0054158279672265,estudo (fora da dobra)
par3-2349,0.004133871756494,estudo (fora da dobra)
par3-2353,0.5701174139976501,estudo (fora da dobra)
par3-2354,0.0048621096648275,estudo (fora da dobra)
par3-2357,0.0044903089292347,estudo (fora da dobra)
par3-2358,0.0037923599593341,estudo (fora da dobra)
par3-2360,0.9934857487678528,estudo (fora da dobra)
par3-2361,0.0127600459381937,estudo (fora da dobra)
par3-2363,0.0042212642729282,estudo (fora da dobra)
par3-2364,0.0164035260677337,estudo (fora da dobra)
par3-2365,0.9819585680961608,estudo (fora da dobra)
par3-2366,0.0046059000305831,estudo (fora da dobra)
par3-2368,0.00466995453462,estudo (fora da dobra)
par3-2369,0.003565841820091,estudo (fora da dobra)
par3-2370,0.003714847844094,estudo (fora da dobra)
par3-2372,0.0049479622393846,estudo (fora da dobra)
par3-2373,0.0055101751349866,estudo (fora da dobra)
par3-2375,0.2088704854249954,estudo (fora da dobra)
par3-2376,0.0033662079367786,estudo (fora da dobra)
par3-2378,0.1133697926998138,estudo (fora da dobra)
par3-2379,0.9903424978256226,estudo (fora da dobra)
par3-2380,0.006427158601582,estudo (fora da dobra)
par3-2381,0.9484564661979676,estudo (fora da dobra)
par3-2382,0.0036409236490726,estudo (fora da dobra)
par3-2386,0.0047891335561871,estudo (fora da dobra)
par3-2389,0.443049818277359,estudo (fora da dobra)
par3-2393,0.0073859482072293,estudo (fora da dobra)
par3-2394,0.0037075611762702,estudo (fora da dobra)
par3-2395,0.9801150560379028,estudo (fora da dobra)
par3-2396,0.0051854560151696,estudo (fora da dobra)
par3-2397,0.0320320464670658,estudo (fora da dobra)
par3-2398,0.1805978864431381,estudo (fora da dobra)
par3-2400,0.003185310633853,estudo (fora da dobra)
par3-2401,0.005537605844438,estudo (fora da dobra)
par3-2402,0.046956680715084,estudo (fora da dobra)
par3-2403,0.0044378289021551,estudo (fora da dobra)
par3-2404,0.0052383593283593,estudo (fora da dobra)
par3-2405,0.804143488407135,estudo (fora da dobra)
par3-2406,0.0601468831300735,estudo (fora da dobra)
par3-2408,0.9930134415626526,estudo (fora da dobra)
par3-2409,0.0075529688037931,estudo (fora da dobra)
par3-2410,0.0048609105870127,estudo (fora da dobra)
par3-2411,0.0034901991020888,estudo (fora da dobra)
par3-2412,0.0032256550621241,estudo (fora da dobra)
par3-2413,0.0046570370905101,estudo (fora da dobra)
par3-2414,0.0047679198905825,estudo (fora da dobra)
par3-2415,0.0052119828760623,estudo (fora da dobra)
par3-2416,0.0040417034178972,estudo (fora da dobra)
par3-2417,0.0039701196365058,estudo (fora da dobra)
par3-2418,0.0071459282189607,estudo (fora da dobra)
par3-2419,0.0037227340508252,estudo (fora da dobra)
par3-2420,0.0108016477897763,estudo (fora da dobra)
par3-2422,0.0052926060743629,estudo (fora da dobra)
par3-2424,0.0044753490947186,estudo (fora da dobra)
par3-2425,0.922222912311554,estudo (fora da dobra)
par3-2427,0.0074810241349041,estudo (fora da dobra)
par3-2429,0.0169945731759071,estudo (fora da dobra)
par3-2430,0.5131393671035767,estudo (fora da dobra)
par3-2431,0.0052323546260595,estudo (fora da dobra)
par3-2433,0.0251362510025501,estudo (fora da dobra)
par3-2434,0.0166361760348081,estudo (fora da dobra)
par3-2435,0.9297654628753662,estudo (fora da dobra)
par3-2436,0.008699438534677,estudo (fora da dobra)
par3-2437,0.0051775486208498,estudo (fora da dobra)
par3-2438,0.0042793438769876,estudo (fora da dobra)
par3-2439,0.0342687740921974,estudo (fora da dobra)
par3-2440,0.0069143366999924,estudo (fora da dobra)
par3-2444,0.0040513640269637,estudo (fora da dobra)
par3-2445,0.2742317318916321,estudo (fora da dobra)
par3-2446,0.0062250550836324,estudo (fora da dobra)
par3-2449,0.0034565099049359,estudo (fora da dobra)
par3-2451,0.1053580194711685,estudo (fora da dobra)
par3-2452,0.004292129073292,estudo (fora da dobra)
par3-2455,0.0067524691112339,estudo (fora da dobra)
par3-2457,0.0043286713771522,estudo (fora da dobra)
par3-2458,0.0485586747527122,estudo (fora da dobra)
par3-2459,0.004166814032942,estudo (fora da dobra)
par3-2461,0.0044648684561252,estudo (fora da dobra)
par3-2462,0.0074682245030999,estudo (fora da dobra)
par3-2463,0.0301747135818004,estudo (fora da dobra)
par3-2464,0.0206324364989995,estudo (fora da dobra)
par3-2466,0.0041137528605759,estudo (fora da dobra)
par3-2467,0.0037351341452449,estudo (fora da dobra)
par3-2469,0.0288250669836998,estudo (fora da dobra)
par3-2470,0.0052431225776672,estudo (fora da dobra)
par3-2473,0.0079491129145026,estudo (fora da dobra)
par3-2474,0.1564009636640548,estudo (fora da dobra)
par3-2476,0.0045226556248962,estudo (fora da dobra)
par3-2477,0.0041345194913446,estudo (fora da dobra)
par3-2480,0.0033104380127042,estudo (fora da dobra)
par3-2481,0.0576533414423465,estudo (fora da dobra)
par3-2482,0.3261493444442749,estudo (fora da dobra)
par3-2484,0.2510387599468231,estudo (fora da dobra)
par3-2485,0.7071877121925354,estudo (fora da dobra)
par3-2487,0.0055914707481861,estudo (fora da dobra)
par3-2488,0.9943728446960448,estudo (fora da dobra)
par3-2489,0.0055384887382388,estudo (fora da dobra)
par3-2490,0.0069235763512551,estudo (fora da dobra)
par3-2491,0.0195975881069898,estudo (fora da dobra)
par3-2493,0.0050702732987701,estudo (fora da dobra)
par3-2494,0.0028495925944298,estudo (fora da dobra)
par3-2496,0.9597184062004088,estudo (fora da dobra)
par3-2498,0.0220668837428092,estudo (fora da dobra)
par3-2500,0.963391363620758,estudo (fora da dobra)
par3-2501,0.0078002256341278,estudo (fora da dobra)
par3-2502,0.0030202730558812,estudo (fora da dobra)
par3-2505,0.0265383142977952,estudo (fora da dobra)
par3-2508,0.0043906271457672,estudo (fora da dobra)
par3-2509,0.0232275556772947,estudo (fora da dobra)
par3-2510,0.0062413453124463,estudo (fora da dobra)
par3-2511,0.9384711384773254,estudo (fora da dobra)
par3-2512,0.0071882898919284,estudo (fora da dobra)
par3-2513,0.0060686371289193,estudo (fora da dobra)
par3-2514,0.1442687660455703,estudo (fora da dobra)
par3-2515,0.0080882422626018,estudo (fora da dobra)
par3-2516,0.4563732147216797,estudo (fora da dobra)
par3-2517,0.9442588686943054,estudo (fora da dobra)
par3-2518,0.0069914194755256,estudo (fora da dobra)
par3-2519,0.0471401773393154,estudo (fora da dobra)
par3-2522,0.0035637754481285,estudo (fora da dobra)
par3-2523,0.9852421879768372,estudo (fora da dobra)
par3-2524,0.8828858137130737,estudo (fora da dobra)
par3-2525,0.9913328289985656,estudo (fora da dobra)
par3-2526,0.0054110786877572,estudo (fora da dobra)
par3-2528,0.0069714202545583,estudo (fora da dobra)
par3-2530,0.026480620726943,estudo (fora da dobra)
par3-2532,0.9475032091140748,estudo (fora da dobra)
par3-2533,0.0041321977041661,estudo (fora da dobra)
par3-2534,0.0051927710883319,estudo (fora da dobra)
par3-2535,0.9891787767410278,estudo (fora da dobra)
par3-2536,0.0049190013669431,estudo (fora da dobra)
par3-2537,0.0084993885830044,estudo (fora da dobra)
par3-2538,0.0039725508540868,estudo (fora da dobra)
par3-2540,0.0045111905783414,estudo (fora da dobra)
par3-2541,0.0855177640914917,estudo (fora da dobra)
par3-2542,0.0050544966943562,estudo (fora da dobra)
par3-2544,0.1727443635463714,estudo (fora da dobra)
par3-2545,0.0083371102809906,estudo (fora da dobra)
par3-2546,0.651881217956543,estudo (fora da dobra)
par3-2547,0.0057129617780447,estudo (fora da dobra)
par3-2548,0.0039698327891528,estudo (fora da dobra)
par3-2549,0.009583443403244,estudo (fora da dobra)
par3-2550,0.0046395268291234,estudo (fora da dobra)
par3-2551,0.0085995476692914,estudo (fora da dobra)
par3-2552,0.0908658057451248,estudo (fora da dobra)
par3-2553,0.0038363195490092,estudo (fora da dobra)
par3-2554,0.0052774725481867,estudo (fora da dobra)
par3-2555,0.0043965568765997,estudo (fora da dobra)
par3-2557,0.0330772027373313,estudo (fora da dobra)
par3-2558,0.1487791687250137,estudo (fora da dobra)
par3-2559,0.0034416934940963,estudo (fora da dobra)
par3-2563,0.0040077590383589,estudo (fora da dobra)
par3-2565,0.0047511598095297,estudo (fora da dobra)
par3-2566,0.9819539785385132,estudo (fora da dobra)
par3-2567,0.0743526518344879,estudo (fora da dobra)
par3-2568,0.0051594078540802,estudo (fora da dobra)
par3-2569,0.0306935459375381,estudo (fora da dobra)
par3-2570,0.0082662282511591,estudo (fora da dobra)
par3-2571,0.003465563757345,estudo (fora da dobra)
par3-2573,0.0048947078175842,estudo (fora da dobra)
par3-2575,0.9949957132339478,estudo (fora da dobra)
par3-2577,0.0065785907208919,estudo (fora da dobra)
par3-2579,0.989233374595642,estudo (fora da dobra)
par3-2581,0.0057026240974664,estudo (fora da dobra)
par3-2582,0.0092974593862891,estudo (fora da dobra)
par3-2584,0.0060436879284679,estudo (fora da dobra)
par3-2586,0.8338479399681091,estudo (fora da dobra)
par3-2588,0.004479678813368,estudo (fora da dobra)
par3-2589,0.0103551791980862,estudo (fora da dobra)
par3-2590,0.0095471814274787,estudo (fora da dobra)
par3-2591,0.0040032067336142,estudo (fora da dobra)
par3-2592,0.0345238633453846,estudo (fora da dobra)
par3-2593,0.0060023069381713,estudo (fora da dobra)
par3-2594,0.0034533296711742,estudo (fora da dobra)
par3-2595,0.0050182682462036,estudo (fora da dobra)
par3-2596,0.585919976234436,estudo (fora da dobra)
par3-2597,0.0041617816314101,estudo (fora da dobra)
par3-2598,0.0044165914878249,estudo (fora da dobra)
par3-2599,0.7886204123497009,estudo (fora da dobra)
par3-2602,0.003503933083266,estudo (fora da dobra)
par3-2604,0.0433182977139949,estudo (fora da dobra)
par3-2605,0.004826184362173,estudo (fora da dobra)
par3-2606,0.7662731409072876,estudo (fora da dobra)
par3-2607,0.0063224658370018,estudo (fora da dobra)
par3-2608,0.0046439305879175,estudo (fora da dobra)
par3-2610,0.0144949331879615,estudo (fora da dobra)
par3-2611,0.0047225360758602,estudo (fora da dobra)
par3-2612,0.003665761090815,estudo (fora da dobra)
par3-2614,0.0032294115517288,estudo (fora da dobra)
par3-2615,0.00329191214405,estudo (fora da dobra)
par3-2616,0.0112371575087308,estudo (fora da dobra)
par3-2617,0.0036803912371397,estudo (fora da dobra)
par3-2618,0.0035903786774724,estudo (fora da dobra)
par3-2620,0.0030620363540947,estudo (fora da dobra)
par3-2622,0.0891672372817993,estudo (fora da dobra)
par3-2625,0.0046463622711598,estudo (fora da dobra)
par3-2629,0.0179923139512538,estudo (fora da dobra)
par3-2631,0.0051622600294649,estudo (fora da dobra)
par3-2632,0.0047663361765444,estudo (fora da dobra)
par3-2634,0.4671079218387604,estudo (fora da dobra)
par3-2635,0.9891955852508544,estudo (fora da dobra)
par3-2636,0.0046520684845745,estudo (fora da dobra)
par3-2637,0.0240380726754665,estudo (fora da dobra)
par3-2638,0.0031834170222282,estudo (fora da dobra)
par3-2639,0.0086962403729557,estudo (fora da dobra)
par3-2640,0.0048007271252572,estudo (fora da dobra)
par3-2641,0.003545843064785,estudo (fora da dobra)
par3-2642,0.0064830495975911,estudo (fora da dobra)
par3-2643,0.005324613302946,estudo (fora da dobra)
par3-2645,0.0041077928617596,estudo (fora da dobra)
par3-2648,0.8058586120605469,estudo (fora da dobra)
par3-2649,0.0041475789621472,estudo (fora da dobra)
par3-2651,0.0064256605692207,estudo (fora da dobra)
par3-2652,0.9743859171867372,estudo (fora da dobra)
par3-2653,0.9879646301269532,estudo (fora da dobra)
par3-2654,0.994776487350464,estudo (fora da dobra)
par3-2655,0.3633229434490204,estudo (fora da dobra)
par3-2656,0.0044249733909964,estudo (fora da dobra)
par3-2657,0.0054271309636533,estudo (fora da dobra)
par3-2658,0.3554917871952057,estudo (fora da dobra)
par3-2659,0.0041640428826212,estudo (fora da dobra)
par3-2660,0.9647006988525392,estudo (fora da dobra)
par3-2661,0.0035375149454921,estudo (fora da dobra)
par3-2662,0.0052178255282342,estudo (fora da dobra)
par3-2663,0.0650589838624,estudo (fora da dobra)
par3-2666,0.0534824132919311,estudo (fora da dobra)
par3-2667,0.0068385228514671,estudo (fora da dobra)
par3-2668,0.0050483662635087,estudo (fora da dobra)
par3-2669,0.0053232572972774,estudo (fora da dobra)
par3-2670,0.0035154547076672,estudo (fora da dobra)
par3-2671,0.00525180157274,estudo (fora da dobra)
par3-2672,0.9834855794906616,estudo (fora da dobra)
par3-2673,0.0261692181229591,estudo (fora da dobra)
par3-2674,0.5674048662185669,estudo (fora da dobra)
par3-2675,0.0268482882529497,estudo (fora da dobra)
par3-2676,0.0098690632730722,estudo (fora da dobra)
par3-2677,0.004132523201406,estudo (fora da dobra)
par3-2678,0.0037240891251713,estudo (fora da dobra)
par3-2680,0.0037348556797951,estudo (fora da dobra)
par3-2681,0.9462125897407532,estudo (fora da dobra)
par3-2682,0.0036703618243336,estudo (fora da dobra)
par3-2685,0.0056914924643933,estudo (fora da dobra)
par3-2687,0.0039633940905332,estudo (fora da dobra)
par3-2688,0.0445511043071746,estudo (fora da dobra)
par3-2690,0.0051866634748876,estudo (fora da dobra)
par3-2692,0.3722259700298309,estudo (fora da dobra)
par3-2693,0.0032120156101882,estudo (fora da dobra)
par3-2694,0.0039005000144243,estudo (fora da dobra)
par3-2695,0.0128298653289675,estudo (fora da dobra)
par3-2696,0.004386999644339,estudo (fora da dobra)
par3-2698,0.0065808095969259,estudo (fora da dobra)
par3-2699,0.003323495388031,estudo (fora da dobra)
par3-2700,0.0035095901694148,estudo (fora da dobra)
par3-2703,0.0562638752162456,estudo (fora da dobra)
par3-2704,0.6998159289360046,estudo (fora da dobra)
par3-2705,0.0098751178011298,estudo (fora da dobra)
par3-2707,0.7462899684906006,estudo (fora da dobra)
par3-2708,0.8979383111000061,estudo (fora da dobra)
par3-2709,0.6982057094573975,estudo (fora da dobra)
par3-2710,0.0055732196196913,estudo (fora da dobra)
par3-2711,0.0062894523143768,estudo (fora da dobra)
par3-2712,0.0050105787813663,estudo (fora da dobra)
par3-2713,0.0040628439746797,estudo (fora da dobra)
par3-2714,0.2019508332014084,estudo (fora da dobra)
par3-2716,0.0077225188724696,estudo (fora da dobra)
par3-2717,0.0046476018615067,estudo (fora da dobra)
par3-2718,0.0063237212598323,estudo (fora da dobra)
par3-2719,0.0186603665351867,estudo (fora da dobra)
par3-2721,0.006938618607819,estudo (fora da dobra)
par3-2722,0.0133585603907704,estudo (fora da dobra)
par3-2723,0.8303387761116028,estudo (fora da dobra)
par3-2724,0.0119399167597293,estudo (fora da dobra)
par3-2725,0.003300217911601,estudo (fora da dobra)
par3-2726,0.0264071989804506,estudo (fora da dobra)
par3-2728,0.0055620386265218,estudo (fora da dobra)
par3-2729,0.9926589131355286,estudo (fora da dobra)
par3-2730,0.0033308831043541,estudo (fora da dobra)
par3-2731,0.0070474729873239,estudo (fora da dobra)
par3-2732,0.0036332099698483,estudo (fora da dobra)
par3-2734,0.0172110740095376,estudo (fora da dobra)
par3-2735,0.993532419204712,estudo (fora da dobra)
par3-2738,0.0176053866744041,estudo (fora da dobra)
par3-2739,0.0042409342713654,estudo (fora da dobra)
par3-2740,0.0053934743627905,estudo (fora da dobra)
par3-2742,0.0041920975781977,estudo (fora da dobra)
par3-2743,0.837986946105957,estudo (fora da dobra)
par3-2744,0.0058656665496528,estudo (fora da dobra)
par3-2745,0.0039089075289666,estudo (fora da dobra)
par3-2746,0.0039031654596328,estudo (fora da dobra)
par3-2747,0.0038427538238465,estudo (fora da dobra)
par3-2748,0.2692301273345947,estudo (fora da dobra)
par3-2749,0.0038400788325816,estudo (fora da dobra)
par3-2750,0.0041839303448796,estudo (fora da dobra)
par3-2752,0.049183253198862,estudo (fora da dobra)
par3-2753,0.9887862205505372,estudo (fora da dobra)
par3-2754,0.0118508646264672,estudo (fora da dobra)
par3-2755,0.9365155100822448,estudo (fora da dobra)
par3-2756,0.0037775048986077,estudo (fora da dobra)
par3-2758,0.0044994642958045,estudo (fora da dobra)
par3-2759,0.0969247967004776,estudo (fora da dobra)
par3-2760,0.0048885247670114,estudo (fora da dobra)
par3-2761,0.0046992683783173,estudo (fora da dobra)
par3-2763,0.0043704542331397,estudo (fora da dobra)
par3-2764,0.0087310066446661,estudo (fora da dobra)
par3-2766,0.0034899786114692,estudo (fora da dobra)
par3-2767,0.0043428419157862,estudo (fora da dobra)
par3-2769,0.0075550279580056,estudo (fora da dobra)
par3-2770,0.0050145699642598,estudo (fora da dobra)
par3-2772,0.0035332643892616,estudo (fora da dobra)
par3-2773,0.0045786928385496,estudo (fora da dobra)
par3-2775,0.9300602674484252,estudo (fora da dobra)
par3-2776,0.0055690663866698,estudo (fora da dobra)
par3-2777,0.0423112548887729,estudo (fora da dobra)
par3-2778,0.0041569150052964,estudo (fora da dobra)
par3-2779,0.0044900826178491,estudo (fora da dobra)
par3-2781,0.0057085240259766,estudo (fora da dobra)
par3-2782,0.1236688718199729,estudo (fora da dobra)
par3-2783,0.0032731520477682,estudo (fora da dobra)
par3-2784,0.0890090242028236,estudo (fora da dobra)
par3-2785,0.0082805482670664,estudo (fora da dobra)
par3-2787,0.004720976576209,estudo (fora da dobra)
par3-2789,0.0067552169784903,estudo (fora da dobra)
par3-2790,0.0418152399361133,estudo (fora da dobra)
par3-2792,0.0058163162320852,estudo (fora da dobra)
par3-2793,0.0032933361362665,estudo (fora da dobra)
par3-2794,0.0031941724009811,estudo (fora da dobra)
par3-2796,0.00377584900707,estudo (fora da dobra)
par3-2797,0.0133913373574614,estudo (fora da dobra)
par3-2798,0.0081874718889594,estudo (fora da dobra)
par3-2799,0.9946172833442688,estudo (fora da dobra)
par3-2800,0.0288468729704618,estudo (fora da dobra)
par3-2801,0.0032756421715021,estudo (fora da dobra)
par3-2804,0.7650805115699768,estudo (fora da dobra)
par3-2805,0.0050839283503592,estudo (fora da dobra)
par3-2807,0.1910343766212463,estudo (fora da dobra)
par3-2809,0.0855105593800544,estudo (fora da dobra)
par3-2812,0.041176538914442,estudo (fora da dobra)
par3-2814,0.004868253134191,estudo (fora da dobra)
par3-2815,0.0235754959285259,estudo (fora da dobra)
par3-2816,0.0037821072619408,estudo (fora da dobra)
par3-2817,0.0381876938045024,estudo (fora da dobra)
par3-2818,0.0041075474582612,estudo (fora da dobra)
par3-2820,0.0272251889109611,estudo (fora da dobra)
par3-2823,0.004940403625369,estudo (fora da dobra)
par3-2824,0.0039023032877594,estudo (fora da dobra)
par3-2826,0.9741859436035156,estudo (fora da dobra)
par3-2827,0.0203588418662548,estudo (fora da dobra)
par3-2828,0.0055927485227584,estudo (fora da dobra)
par3-2829,0.0066570108756423,estudo (fora da dobra)
par3-2831,0.0057805916294455,estudo (fora da dobra)
par3-2832,0.0042038862593472,estudo (fora da dobra)
par3-2833,0.9905624985694884,estudo (fora da dobra)
par3-2838,0.0068843807093799,estudo (fora da dobra)
par3-2839,0.0032356465235352,estudo (fora da dobra)
par3-2840,0.0045175850391387,estudo (fora da dobra)
par3-2841,0.0062953345477581,estudo (fora da dobra)
par3-2842,0.006206075195223,estudo (fora da dobra)
par3-2843,0.9836834073066713,estudo (fora da dobra)
par3-2844,0.0039818710647523,estudo (fora da dobra)
par3-2846,0.0039553302340209,estudo (fora da dobra)
par3-2847,0.0862861946225166,estudo (fora da dobra)
par3-2848,0.0050381543114781,estudo (fora da dobra)
par3-2849,0.0047546084970235,estudo (fora da dobra)
par3-2851,0.0042570889927446,estudo (fora da dobra)
par3-2852,0.0056074857711791,estudo (fora da dobra)
par3-2853,0.0037620330695062,estudo (fora da dobra)
par3-2854,0.0036630278918892,estudo (fora da dobra)
par3-2855,0.0081776427105069,estudo (fora da dobra)
par3-2856,0.0167792737483978,estudo (fora da dobra)
par3-2857,0.0571532733738422,estudo (fora da dobra)
par3-2858,0.0039849830791354,estudo (fora da dobra)
par3-2859,0.2911427915096283,estudo (fora da dobra)
par3-2860,0.0066441423259675,estudo (fora da dobra)
par3-2861,0.0155800422653555,estudo (fora da dobra)
par3-2862,0.0376427620649337,estudo (fora da dobra)
par3-2863,0.1855754852294922,estudo (fora da dobra)
par3-2864,0.0035399105399847,estudo (fora da dobra)
par3-2865,0.981217622756958,estudo (fora da dobra)
par3-2866,0.3306100368499756,estudo (fora da dobra)
par3-2867,0.0581110380589962,estudo (fora da dobra)
par3-2868,0.0033344228286296,estudo (fora da dobra)
par3-2872,0.0035999577958136,estudo (fora da dobra)
par3-2874,0.0057975249364972,estudo (fora da dobra)
par3-2875,0.0037580640055239,estudo (fora da dobra)
par3-2876,0.9869242906570436,estudo (fora da dobra)
par3-2877,0.0034917367156594,estudo (fora da dobra)
par3-2879,0.0036703913938254,estudo (fora da dobra)
par3-2881,0.0042201685719192,estudo (fora da dobra)
par3-2882,0.0048374999314546,estudo (fora da dobra)
par3-2884,0.0464101396501064,estudo (fora da dobra)
par3-2886,0.4232290387153625,estudo (fora da dobra)
par3-2887,0.977056086063385,estudo (fora da dobra)
par3-2891,0.1128703206777572,estudo (fora da dobra)
par3-2892,0.755561113357544,estudo (fora da dobra)
par3-2895,0.0036884311120957,estudo (fora da dobra)
par3-2896,0.0050458880141377,estudo (fora da dobra)
par3-2897,0.0063159624114632,estudo (fora da dobra)
par3-2898,0.0043200151994824,estudo (fora da dobra)
par3-2899,0.004566682036966,estudo (fora da dobra)
par3-2902,0.1167687326669693,estudo (fora da dobra)
par3-2905,0.0280255358666181,estudo (fora da dobra)
par3-2909,0.0032549099996685,estudo (fora da dobra)
par3-2910,0.0076237930916249,estudo (fora da dobra)
par3-2911,0.0060901311226189,estudo (fora da dobra)
par3-2912,0.0049738544039428,estudo (fora da dobra)
par3-2914,0.3561159074306488,estudo (fora da dobra)
par3-2915,0.0057042543776333,estudo (fora da dobra)
par3-2918,0.0084204273298382,estudo (fora da dobra)
par3-2919,0.0039322795346379,estudo (fora da dobra)
par3-2920,0.014566347002983,estudo (fora da dobra)
par3-2921,0.0036044472362846,estudo (fora da dobra)
par3-2923,0.988923728466034,estudo (fora da dobra)
par3-2924,0.0373847484588623,estudo (fora da dobra)
par3-2925,0.5386422872543335,estudo (fora da dobra)
par3-2927,0.9887515902519226,estudo (fora da dobra)
par3-2928,0.9736247658729552,estudo (fora da dobra)
par3-2929,0.2987825572490692,estudo (fora da dobra)
par3-2930,0.0624204240739345,estudo (fora da dobra)
par3-2931,0.0053500444628298,estudo (fora da dobra)
par3-2932,0.9903196096420288,estudo (fora da dobra)
par3-2933,0.0036869682371616,estudo (fora da dobra)
par3-2934,0.0949390530586242,estudo (fora da dobra)
par3-2935,0.0046215136535465,estudo (fora da dobra)
par3-2937,0.0138530982658267,estudo (fora da dobra)
par3-2938,0.0059114806354045,estudo (fora da dobra)
par3-2939,0.034005768597126,estudo (fora da dobra)
par3-2940,0.7487359046936035,estudo (fora da dobra)
par3-2941,0.7936464548110962,estudo (fora da dobra)
par3-2942,0.0047626593150198,estudo (fora da dobra)
par3-2943,0.0044483602978289,estudo (fora da dobra)
par3-2947,0.0043062660843133,estudo (fora da dobra)
par3-2948,0.0052777049131691,estudo (fora da dobra)
par3-2949,0.1225743666291236,estudo (fora da dobra)
par3-2950,0.0056612337939441,estudo (fora da dobra)
par3-2951,0.0043568746186792,estudo (fora da dobra)
par3-2952,0.0031195681076496,estudo (fora da dobra)
par3-2953,0.0038463277742266,estudo (fora da dobra)
par3-2954,0.0054345694370567,estudo (fora da dobra)
par3-2956,0.0492095649242401,estudo (fora da dobra)
par3-2957,0.0034789775963872,estudo (fora da dobra)
par3-2959,0.0409073308110237,estudo (fora da dobra)
par3-2960,0.0037913927808403,estudo (fora da dobra)
par3-2961,0.0047621056437492,estudo (fora da dobra)
par3-2962,0.003218074562028,estudo (fora da dobra)
par3-2963,0.0784297958016395,estudo (fora da dobra)
par3-2964,0.0048067294992506,estudo (fora da dobra)
par3-2965,0.0095765301957726,estudo (fora da dobra)
par3-2967,0.0050391224212944,estudo (fora da dobra)
par3-2968,0.0035318527370691,estudo (fora da dobra)
par3-2969,0.0064791040495038,estudo (fora da dobra)
par3-2970,0.00421799486503,estudo (fora da dobra)
par3-2971,0.0035448321141302,estudo (fora da dobra)
par3-2972,0.0049501932226121,estudo (fora da dobra)
par3-2973,0.2934725284576416,estudo (fora da dobra)
par3-2974,0.0055647082626819,estudo (fora da dobra)
par3-2975,0.0527656786143779,estudo (fora da dobra)
par3-2976,0.0043175444006919,estudo (fora da dobra)
par3-2977,0.4093725979328155,estudo (fora da dobra)
par3-2978,0.0113690486177802,estudo (fora da dobra)
par3-2979,0.0048024863936007,estudo (fora da dobra)
par3-2980,0.004584873560816,estudo (fora da dobra)
par3-2981,0.0057833604514598,estudo (fora da dobra)
par3-2982,0.0030908084008842,estudo (fora da dobra)
par3-2983,0.0070968717336654,estudo (fora da dobra)
par3-2984,0.0291489139199256,estudo (fora da dobra)
par3-2985,0.0053851320408284,estudo (fora da dobra)
par3-2986,0.0039219758473336,estudo (fora da dobra)
par3-2987,0.0053723105229437,estudo (fora da dobra)
par3-2988,0.0095395594835281,estudo (fora da dobra)
par3-2989,0.0111479191109538,estudo (fora da dobra)
par3-2990,0.2888965606689453,estudo (fora da dobra)
par3-2991,0.0033556276466697,estudo (fora da dobra)
par3-2992,0.0052626440301537,estudo (fora da dobra)
par3-2993,0.0038895369507372,estudo (fora da dobra)
par3-2994,0.003321319585666,estudo (fora da dobra)
par3-2995,0.0032147618476301,estudo (fora da dobra)
par3-2996,0.0035546943545341,estudo (fora da dobra)
par3-2997,0.0050417482852935,estudo (fora da dobra)
par3-2998,0.0055120256729424,estudo (fora da dobra)
par3-2999,0.0078788194805383,estudo (fora da dobra)
par3-3001,0.0055288556031882,estudo (fora da dobra)
par3-3002,0.0045208716765046,estudo (fora da dobra)
par3-3003,0.0059848986566066,estudo (fora da dobra)
par3-3004,0.0041433819569647,estudo (fora da dobra)
par3-3005,0.153498962521553,estudo (fora da dobra)
par3-3006,0.0057347607798874,estudo (fora da dobra)
par3-3007,0.0039310618303716,estudo (fora da dobra)
par3-3008,0.00585010740906,estudo (fora da dobra)
par3-3009,0.0037966875825077,estudo (fora da dobra)
par3-3010,0.00373459700495,estudo (fora da dobra)
par3-3011,0.286526083946228,estudo (fora da dobra)
par3-3012,0.7523653507232666,estudo (fora da dobra)
par3-3013,0.0178958866745233,estudo (fora da dobra)
par3-3014,0.1190735548734664,estudo (fora da dobra)
par3-3015,0.004199044778943,estudo (fora da dobra)
par3-3016,0.003433187957853,estudo (fora da dobra)
par3-3018,0.3490472435951233,estudo (fora da dobra)
par3-3019,0.0423240400850772,estudo (fora da dobra)
par3-3020,0.0064513408578932,estudo (fora da dobra)
par3-3021,0.0047097983770072,estudo (fora da dobra)
par3-3022,0.9893604516983032,estudo (fora da dobra)
par3-3023,0.0188103280961513,estudo (fora da dobra)
par3-3026,0.0180284474045038,estudo (fora da dobra)
par3-3027,0.0040432261303067,estudo (fora da dobra)
par3-3028,0.0047492417506873,estudo (fora da dobra)
par3-3030,0.0043043936602771,estudo (fora da dobra)
par3-3031,0.006604972295463,estudo (fora da dobra)
par3-3032,0.9895784258842468,estudo (fora da dobra)
par3-3033,0.0045546451583504,estudo (fora da dobra)
par3-3034,0.0054816133342683,estudo (fora da dobra)
par3-3036,0.0038677956908941,estudo (fora da dobra)
par3-3037,0.0039421888068318,estudo (fora da dobra)
par3-3038,0.0043158722110092,estudo (fora da dobra)
par3-3039,0.004963815677911,estudo (fora da dobra)
par3-3041,0.0615339837968349,estudo (fora da dobra)
par3-3043,0.0940730050206184,estudo (fora da dobra)
par3-3045,0.0961025431752204,estudo (fora da dobra)
par3-3046,0.5991134643554688,estudo (fora da dobra)
par3-3047,0.0049949628300964,estudo (fora da dobra)
par3-3048,0.010164450854063,estudo (fora da dobra)
par3-3049,0.1788512766361236,estudo (fora da dobra)
par3-3050,0.0036468426696956,estudo (fora da dobra)
par3-3051,0.9527797102928162,estudo (fora da dobra)
par3-3052,0.039426065981388,estudo (fora da dobra)
par3-3053,0.0061664753593504,estudo (fora da dobra)
par3-3054,0.0058557982556521,estudo (fora da dobra)
par3-3055,0.0055530630052089,estudo (fora da dobra)
par3-3056,0.006056232843548,estudo (fora da dobra)
par3-3059,0.0090407617390155,estudo (fora da dobra)
par3-3061,0.0114058153703808,estudo (fora da dobra)
par3-3062,0.0043095923028886,estudo (fora da dobra)
par3-3064,0.0045089940540492,estudo (fora da dobra)
par3-3065,0.0092790443450212,estudo (fora da dobra)
par3-3066,0.0040403832681477,estudo (fora da dobra)
par3-3067,0.5550477504730225,estudo (fora da dobra)
par3-3069,0.005356986541301,estudo (fora da dobra)
par3-3072,0.1798477470874786,estudo (fora da dobra)
par3-3073,0.0045059048570692,estudo (fora da dobra)
par3-3075,0.0034417966380715,estudo (fora da dobra)
par3-3076,0.0045844903215765,estudo (fora da dobra)
par3-3077,0.00614356668666,estudo (fora da dobra)
par3-3078,0.0054920655675232,estudo (fora da dobra)
par3-3079,0.0037792497314512,estudo (fora da dobra)
par3-3080,0.003690741257742,estudo (fora da dobra)
par3-3081,0.0196711402386426,estudo (fora da dobra)
par3-3082,0.0171921961009502,estudo (fora da dobra)
par3-3083,0.0055080489255487,estudo (fora da dobra)
par3-3085,0.0981328785419464,estudo (fora da dobra)
par3-3086,0.0295756254345178,estudo (fora da dobra)
par3-3087,0.0073814820498228,estudo (fora da dobra)
par3-3088,0.0037070326507091,estudo (fora da dobra)
par3-3089,0.3555931150913238,estudo (fora da dobra)
par3-3090,0.0039548310451209,estudo (fora da dobra)
par3-3092,0.630888819694519,estudo (fora da dobra)
par3-3093,0.0086948992684483,estudo (fora da dobra)
par3-3094,0.0274162515997886,estudo (fora da dobra)
par3-3095,0.0212560798972845,estudo (fora da dobra)
par3-3096,0.0180910620838403,estudo (fora da dobra)
par3-3098,0.0043634423054754,estudo (fora da dobra)
par3-3099,0.0036048530600965,estudo (fora da dobra)
par3-3100,0.9691895842552184,estudo (fora da dobra)
par3-3101,0.4297612011432647,estudo (fora da dobra)
par3-3102,0.0046213688328862,estudo (fora da dobra)
par3-3103,0.0048357709310948,estudo (fora da dobra)
par3-3104,0.0050639412365853,estudo (fora da dobra)
par3-3105,0.0050386418588459,estudo (fora da dobra)
par3-3106,0.0040941098704934,estudo (fora da dobra)
par3-3108,0.0054638795554637,estudo (fora da dobra)
par3-3109,0.456085056066513,estudo (fora da dobra)
par3-3110,0.0528348609805107,estudo (fora da dobra)
par3-3111,0.9051976799964904,estudo (fora da dobra)
par3-3112,0.0081661101430654,estudo (fora da dobra)
par3-3113,0.0301383975893259,estudo (fora da dobra)
par3-3114,0.004138302989304,estudo (fora da dobra)
par3-3115,0.0046160113997757,estudo (fora da dobra)
par3-3117,0.0049733752384781,estudo (fora da dobra)
par3-3118,0.0046702623367309,estudo (fora da dobra)
par3-3120,0.0047679310664534,estudo (fora da dobra)
par3-3121,0.0038112082984298,estudo (fora da dobra)
par3-3122,0.0044635972008109,estudo (fora da dobra)
par3-3125,0.0841434672474861,estudo (fora da dobra)
par3-3126,0.0220398008823394,estudo (fora da dobra)
par3-3129,0.0040779616683721,estudo (fora da dobra)
par3-3130,0.0037142974324524,estudo (fora da dobra)
par3-3131,0.965903341770172,estudo (fora da dobra)
par3-3132,0.0046010166406631,estudo (fora da dobra)
par3-3134,0.9036089181900024,estudo (fora da dobra)
par3-3135,0.0831847041845321,estudo (fora da dobra)
par3-3136,0.0047132684849202,estudo (fora da dobra)
par3-3138,0.1628676205873489,estudo (fora da dobra)
par3-3139,0.0118773952126502,estudo (fora da dobra)
par3-3140,0.978303849697113,estudo (fora da dobra)
par3-3142,0.011593984439969,estudo (fora da dobra)
par3-3143,0.0104968845844268,estudo (fora da dobra)
par3-3144,0.0047475039027631,estudo (fora da dobra)
par3-3146,0.0061667584814131,estudo (fora da dobra)
par3-3147,0.0055666933767497,estudo (fora da dobra)
par3-3148,0.0081966230645775,estudo (fora da dobra)
par3-3150,0.1638693362474441,estudo (fora da dobra)
par3-3151,0.0039405226707458,estudo (fora da dobra)
par3-3152,0.0054834312759339,estudo (fora da dobra)
par3-3153,0.0044428925029933,estudo (fora da dobra)
par3-3154,0.0036194180138409,estudo (fora da dobra)
par3-3156,0.005937029607594,estudo (fora da dobra)
par3-3158,0.0153393410146236,estudo (fora da dobra)
par3-3159,0.0038231271319091,estudo (fora da dobra)
par3-3160,0.9911251664161682,estudo (fora da dobra)
par3-3161,0.6801709532737732,estudo (fora da dobra)
par3-3165,0.6850250363349915,estudo (fora da dobra)
par3-3167,0.9673648476600648,estudo (fora da dobra)
par3-3168,0.0066631622612476,estudo (fora da dobra)
par3-3169,0.0092413602396845,estudo (fora da dobra)
par3-3172,0.0036122768651694,estudo (fora da dobra)
par3-3173,0.0029057743959128,estudo (fora da dobra)
par3-3175,0.0056095230393111,estudo (fora da dobra)
par3-3176,0.0038016308099031,estudo (fora da dobra)
par3-3178,0.0042993142269551,estudo (fora da dobra)
par3-3179,0.0348165184259414,estudo (fora da dobra)
par3-3180,0.0308376923203468,estudo (fora da dobra)
par3-3183,0.035686831921339,estudo (fora da dobra)
par3-3185,0.0031568845734,estudo (fora da dobra)
par3-3186,0.0032654264941811,estudo (fora da dobra)
par3-3187,0.0087557127699255,estudo (fora da dobra)
par3-3189,0.0117873325943946,estudo (fora da dobra)
par3-3190,0.0043967738747596,estudo (fora da dobra)
par3-3191,0.0049893232062458,estudo (fora da dobra)
par3-3192,0.0042595691047608,estudo (fora da dobra)
par3-3193,0.9886305332183838,estudo (fora da dobra)
par3-3194,0.0068129207938909,estudo (fora da dobra)
par3-3196,0.9783306121826172,estudo (fora da dobra)
par3-3198,0.0030561091843992,estudo (fora da dobra)
par3-3199,0.9915714263916016,estudo (fora da dobra)
par3-3200,0.0084428805857896,estudo (fora da dobra)
par3-3201,0.0057522500865161,estudo (fora da dobra)
par3-3202,0.0034521811176091,estudo (fora da dobra)
par3-3203,0.0039232838898897,estudo (fora da dobra)
par3-3205,0.0054408535361289,estudo (fora da dobra)
par3-3208,0.0036597836297005,estudo (fora da dobra)
par3-3209,0.0084079587832093,estudo (fora da dobra)
par3-3210,0.0031899060122668,estudo (fora da dobra)
par3-3211,0.0043648099526762,estudo (fora da dobra)
par3-3212,0.0041563878767192,estudo (fora da dobra)
par3-3213,0.0074767302721738,estudo (fora da dobra)
par3-3214,0.9838628172874452,estudo (fora da dobra)
par3-3216,0.0059408973902463,estudo (fora da dobra)
par3-3220,0.0050761941820383,estudo (fora da dobra)
par3-3222,0.0089386142790317,estudo (fora da dobra)
par3-3223,0.0037187414709478,estudo (fora da dobra)
par3-3226,0.003820609068498,estudo (fora da dobra)
par3-3227,0.0069543877616524,estudo (fora da dobra)
par3-3228,0.0039028727915138,estudo (fora da dobra)
par3-3230,0.0042279404588043,estudo (fora da dobra)
par3-3231,0.0064514237456023,estudo (fora da dobra)
par3-3232,0.0035935069900006,estudo (fora da dobra)
par3-3233,0.5694541931152344,estudo (fora da dobra)
par3-3235,0.005942958407104,estudo (fora da dobra)
par3-3236,0.0171951688826084,estudo (fora da dobra)
par3-3237,0.9881731867790222,estudo (fora da dobra)
par3-3240,0.0047571859322488,estudo (fora da dobra)
par3-3242,0.2207163721323013,estudo (fora da dobra)
par3-3243,0.0379943326115608,estudo (fora da dobra)
par3-3244,0.033902358263731,estudo (fora da dobra)
par3-3246,0.0055716261267662,estudo (fora da dobra)
par3-3247,0.0060476912185549,estudo (fora da dobra)
par3-3250,0.0036106158513575,estudo (fora da dobra)
par3-3251,0.3604209721088409,estudo (fora da dobra)
par3-3252,0.0073463306762278,estudo (fora da dobra)
par3-3253,0.9940537810325624,estudo (fora da dobra)
par3-3254,0.9557594656944276,estudo (fora da dobra)
par3-3256,0.015254845842719,estudo (fora da dobra)
par3-3257,0.0033540111035108,estudo (fora da dobra)
par3-3258,0.005016075912863,estudo (fora da dobra)
par3-3259,0.0051686060614883,estudo (fora da dobra)
par3-3261,0.005692679900676,estudo (fora da dobra)
par3-3262,0.0044987383298575,estudo (fora da dobra)
par3-3265,0.0051971897482872,estudo (fora da dobra)
par3-3266,0.1222620010375976,estudo (fora da dobra)
par3-3267,0.0051032379269599,estudo (fora da dobra)
par3-3268,0.5835227966308594,estudo (fora da dobra)
par3-3269,0.3588328659534454,estudo (fora da dobra)
par3-3270,0.0038325586356222,estudo (fora da dobra)
par3-3271,0.004378480836749,estudo (fora da dobra)
par3-3273,0.0043659582734107,estudo (fora da dobra)
par3-3274,0.0048951632343232,estudo (fora da dobra)
par3-3275,0.8700133562088013,estudo (fora da dobra)
par3-3276,0.2089008837938308,estudo (fora da dobra)
par3-3277,0.0030494623351842,estudo (fora da dobra)
par3-3278,0.9830874800682068,estudo (fora da dobra)
par3-3280,0.0028881579637527,estudo (fora da dobra)
par3-3281,0.0038502139504998,estudo (fora da dobra)
par3-3282,0.0044767959043383,estudo (fora da dobra)
par3-3283,0.005241744685918,estudo (fora da dobra)
par3-3284,0.870385468006134,estudo (fora da dobra)
par3-3285,0.8583554029464722,estudo (fora da dobra)
par3-3286,0.219658613204956,estudo (fora da dobra)
par3-3288,0.0040494697168469,estudo (fora da dobra)
par3-3289,0.004284739959985,estudo (fora da dobra)
par3-3290,0.8610547184944153,estudo (fora da dobra)
par3-3291,0.1276055425405502,estudo (fora da dobra)
par3-3292,0.0159841906279325,estudo (fora da dobra)
par3-3293,0.0031452318653464,estudo (fora da dobra)
par3-3294,0.0068484363146126,estudo (fora da dobra)
par3-3295,0.0049497541040182,estudo (fora da dobra)
par3-3296,0.0614336468279361,estudo (fora da dobra)
par3-3298,0.2760911285877228,estudo (fora da dobra)
par3-3300,0.0269938353449106,estudo (fora da dobra)
par3-3302,0.0546190291643142,estudo (fora da dobra)
par3-3303,0.9909926652908324,estudo (fora da dobra)
par3-3304,0.0258739739656448,estudo (fora da dobra)
par3-3305,0.0054818163625895,estudo (fora da dobra)
par3-3306,0.0052108634263277,estudo (fora da dobra)
par3-3307,0.0048605944029986,estudo (fora da dobra)
par3-3308,0.4701880514621734,estudo (fora da dobra)
par3-3309,0.0146910035982728,estudo (fora da dobra)
par3-3310,0.0568020604550838,estudo (fora da dobra)
par3-3311,0.0289602614939212,estudo (fora da dobra)
par3-3312,0.0050129164010286,estudo (fora da dobra)
par3-3313,0.0761901661753654,estudo (fora da dobra)
par3-3314,0.0345153622329235,estudo (fora da dobra)
par3-3315,0.1460695564746856,estudo (fora da dobra)
par3-3317,0.981666386127472,estudo (fora da dobra)
par3-3319,0.0114400666207075,estudo (fora da dobra)
par3-3321,0.0319273807108402,estudo (fora da dobra)
par3-3322,0.0044314255937933,estudo (fora da dobra)
par3-3324,0.9853579998016356,estudo (fora da dobra)
par3-3325,0.0102358069270849,estudo (fora da dobra)
par3-3326,0.0067878165282309,estudo (fora da dobra)
par3-3327,0.1800114959478378,estudo (fora da dobra)
par3-3328,0.0091238040477037,estudo (fora da dobra)
par3-3329,0.6433693766593933,estudo (fora da dobra)
par3-3331,0.0049964417703449,estudo (fora da dobra)
par3-3332,0.0108780330047011,estudo (fora da dobra)
par3-3335,0.0040536909364163,estudo (fora da dobra)
par3-3336,0.0048627443611621,estudo (fora da dobra)
par3-3337,0.0044315573759377,estudo (fora da dobra)
par3-3338,0.0038675828836858,estudo (fora da dobra)
par3-3339,0.0036778587382286,estudo (fora da dobra)
par3-3340,0.1186897009611129,estudo (fora da dobra)
par3-3341,0.9884868860244752,estudo (fora da dobra)
par3-3342,0.073584921658039,estudo (fora da dobra)
par3-3343,0.0331062786281108,estudo (fora da dobra)
par3-3344,0.0069446070119738,estudo (fora da dobra)
par3-3348,0.3240288197994232,estudo (fora da dobra)
par3-3349,0.0068379915319383,estudo (fora da dobra)
par3-3350,0.0043268054723739,estudo (fora da dobra)
par3-3351,0.0051420740783214,estudo (fora da dobra)
par3-3353,0.1308507919311523,estudo (fora da dobra)
par3-3355,0.0056389532983303,estudo (fora da dobra)
par3-3356,0.0064691849984228,estudo (fora da dobra)
par3-3357,0.0530297271907329,estudo (fora da dobra)
par3-3358,0.9917610883712769,estudo (fora da dobra)
par3-3359,0.9868428111076356,estudo (fora da dobra)
par3-3360,0.2434773296117782,estudo (fora da dobra)
par3-3362,0.9867010712623596,estudo (fora da dobra)
par3-3363,0.005288959480822,estudo (fora da dobra)
par3-3364,0.9891616106033324,estudo (fora da dobra)
par3-3365,0.0210507959127426,estudo (fora da dobra)
par3-3366,0.0046764989383518,estudo (fora da dobra)
par3-3368,0.0263455212116241,estudo (fora da dobra)
par3-3369,0.9883125424385072,estudo (fora da dobra)
par3-3370,0.0099824303761124,estudo (fora da dobra)
par3-3372,0.6511662602424622,estudo (fora da dobra)
par3-3373,0.0057069733738899,estudo (fora da dobra)
par3-3375,0.3007603585720062,estudo (fora da dobra)
par3-3376,0.0046091866679489,estudo (fora da dobra)
par3-3378,0.1382274627685547,estudo (fora da dobra)
par3-3379,0.0036805297713726,estudo (fora da dobra)
par3-3380,0.0060946238227188,estudo (fora da dobra)
par3-3381,0.0034075202420353,estudo (fora da dobra)
par3-3382,0.0039085601456463,estudo (fora da dobra)
par3-3383,0.0041256234981119,estudo (fora da dobra)
par3-3384,0.0076134856790304,estudo (fora da dobra)
par3-3385,0.0035948902368545,estudo (fora da dobra)
par3-3387,0.5970212817192078,estudo (fora da dobra)
par3-3388,0.1704745292663574,estudo (fora da dobra)
par3-3392,0.0034887897782027,estudo (fora da dobra)
par3-3393,0.0052793049253523,estudo (fora da dobra)
par3-3394,0.0391736514866352,estudo (fora da dobra)
par3-3395,0.7471121549606323,estudo (fora da dobra)
par3-3396,0.0048255273140966,estudo (fora da dobra)
par3-3398,0.0032892487943172,estudo (fora da dobra)
par3-3401,0.0144522041082382,estudo (fora da dobra)
par3-3402,0.904687762260437,estudo (fora da dobra)
par3-3404,0.9745978116989136,estudo (fora da dobra)
par3-3406,0.1461282521486282,estudo (fora da dobra)
par3-3407,0.5253017544746399,estudo (fora da dobra)
par3-3409,0.003404889954254,estudo (fora da dobra)
par3-3411,0.0040106223896145,estudo (fora da dobra)
par3-3416,0.003695513587445,estudo (fora da dobra)
par3-3418,0.5626212358474731,estudo (fora da dobra)
par3-3419,0.0064213573932647,estudo (fora da dobra)
par3-3420,0.0037389905191957,estudo (fora da dobra)
par3-3421,0.0407574884593486,estudo (fora da dobra)
par3-3422,0.0038468663115054,estudo (fora da dobra)
par3-3424,0.987691342830658,estudo (fora da dobra)
par3-3425,0.9936866164207458,estudo (fora da dobra)
par3-3427,0.0044436706230044,estudo (fora da dobra)
par3-3428,0.0076681743375957,estudo (fora da dobra)
par3-3429,0.9946804642677308,estudo (fora da dobra)
par3-3430,0.0030973739922046,estudo (fora da dobra)
par3-3431,0.3594715595245361,estudo (fora da dobra)
par3-3432,0.1641376912593841,estudo (fora da dobra)
par3-3433,0.0037948233075439,estudo (fora da dobra)
par3-3435,0.0056342971511185,estudo (fora da dobra)
par3-3438,0.8240039944648743,estudo (fora da dobra)
par3-3439,0.0031579353380948,estudo (fora da dobra)
par3-3440,0.2314804196357727,estudo (fora da dobra)
par3-3442,0.1542152613401413,estudo (fora da dobra)
par3-3443,0.7856062650680542,estudo (fora da dobra)
par3-3444,0.0052698855288326,estudo (fora da dobra)
par3-3445,0.0136367585510015,estudo (fora da dobra)
par3-3446,0.0042422339320182,estudo (fora da dobra)
par3-3449,0.0041999574750661,estudo (fora da dobra)
par3-3450,0.003562678117305,estudo (fora da dobra)
par3-3452,0.0037267685402184,estudo (fora da dobra)
par3-3453,0.7685837745666504,estudo (fora da dobra)
par3-3454,0.0038044706452637,estudo (fora da dobra)
par3-3456,0.0123091079294681,estudo (fora da dobra)
par3-3457,0.0036275146994739,estudo (fora da dobra)
par3-3458,0.9868757724761964,estudo (fora da dobra)
par3-3459,0.00386010739021,estudo (fora da dobra)
par3-3461,0.012739585712552,estudo (fora da dobra)
par3-3462,0.0046160351485013,estudo (fora da dobra)
par3-3463,0.0036620465107262,estudo (fora da dobra)
par3-3464,0.0249128844588994,estudo (fora da dobra)
par3-3467,0.0056128511205315,estudo (fora da dobra)
par3-3468,0.0062359585426747,estudo (fora da dobra)
par3-3469,0.0511275194585323,estudo (fora da dobra)
par3-3470,0.0170903000980615,estudo (fora da dobra)
par3-3471,0.8593624234199524,estudo (fora da dobra)
par3-3474,0.006749715656042,estudo (fora da dobra)
par3-3477,0.0058503989130258,estudo (fora da dobra)
par3-3478,0.7217376232147217,estudo (fora da dobra)
par3-3479,0.0048609841614961,estudo (fora da dobra)
par3-3480,0.9017701745033264,estudo (fora da dobra)
par3-3481,0.3824979960918426,estudo (fora da dobra)
par3-3482,0.2181042283773422,estudo (fora da dobra)
par3-3483,0.9875367283821106,estudo (fora da dobra)
par3-3484,0.0043465727940201,estudo (fora da dobra)
par3-3485,0.0052188509143888,estudo (fora da dobra)
par3-3486,0.005854601971805,estudo (fora da dobra)
par3-3487,0.0042774612084031,estudo (fora da dobra)
par3-3488,0.0052984706126153,estudo (fora da dobra)
par3-3489,0.9852741956710817,estudo (fora da dobra)
par3-3490,0.0554672293365001,estudo (fora da dobra)
par3-3493,0.3168992698192596,estudo (fora da dobra)
par3-3494,0.003234514966607,estudo (fora da dobra)
par3-3496,0.0760128125548362,estudo (fora da dobra)
par3-3498,0.0037022933829575,estudo (fora da dobra)
par3-3500,0.0050714956596493,estudo (fora da dobra)
par3-3502,0.0465205647051334,estudo (fora da dobra)
par3-3503,0.3191697001457214,estudo (fora da dobra)
par3-3504,0.0033591443207114,estudo (fora da dobra)
par3-3507,0.0036565910559147,estudo (fora da dobra)
par3-3508,0.0053422320634126,estudo (fora da dobra)
par3-3509,0.0067294631153345,estudo (fora da dobra)
par3-3511,0.0042780116200447,estudo (fora da dobra)
par3-3514,0.0067706299014389,estudo (fora da dobra)
par3-3515,0.9206942319869996,estudo (fora da dobra)
par3-3517,0.0040111234411597,estudo (fora da dobra)
par3-3518,0.1876576095819473,estudo (fora da dobra)
par3-3519,0.0081020453944802,estudo (fora da dobra)
par3-3520,0.0036410586908459,estudo (fora da dobra)
par3-3522,0.1069620251655578,estudo (fora da dobra)
par3-3525,0.0035375531297177,estudo (fora da dobra)
par3-3526,0.0036875884979963,estudo (fora da dobra)
par3-3527,0.0121783362701535,estudo (fora da dobra)
par3-3528,0.8927266597747803,estudo (fora da dobra)
par3-3529,0.0039596911519765,estudo (fora da dobra)
par3-3530,0.3638930320739746,estudo (fora da dobra)
par3-3531,0.9949640035629272,estudo (fora da dobra)
par3-3532,0.1445523798465728,estudo (fora da dobra)
par3-3533,0.0297129619866609,estudo (fora da dobra)
par3-3534,0.0038811052218079,estudo (fora da dobra)
par3-3535,0.0052516651339828,estudo (fora da dobra)
par3-3536,0.0043597025796771,estudo (fora da dobra)
par3-3537,0.0037499121390283,estudo (fora da dobra)
par3-3538,0.0056876642629504,estudo (fora da dobra)
par3-3540,0.0147635228931903,estudo (fora da dobra)
par3-3541,0.0034976182505488,estudo (fora da dobra)
par3-3542,0.5902283787727356,estudo (fora da dobra)
par3-3543,0.1794825196266174,estudo (fora da dobra)
par3-3544,0.1741208583116531,estudo (fora da dobra)
par3-3546,0.0055901636369526,estudo (fora da dobra)
par3-3548,0.0047274134121835,estudo (fora da dobra)
par3-3549,0.7630761861801147,estudo (fora da dobra)
par3-3550,0.2622419893741607,estudo (fora da dobra)
par3-3551,0.0113803362473845,estudo (fora da dobra)
par3-3552,0.7027531862258911,estudo (fora da dobra)
par3-3553,0.0043629016727209,estudo (fora da dobra)
par3-3554,0.0634515658020973,estudo (fora da dobra)
par3-3555,0.0036798792425543,estudo (fora da dobra)
par3-3556,0.0055669518187642,estudo (fora da dobra)
par3-3557,0.0032905996777117,estudo (fora da dobra)
par3-3559,0.0086882980540394,estudo (fora da dobra)
par3-3561,0.9887551069259644,estudo (fora da dobra)
par3-3562,0.0036459972616285,estudo (fora da dobra)
par3-3563,0.0052306945435702,estudo (fora da dobra)
par3-3564,0.4955165684223175,estudo (fora da dobra)
par3-3565,0.8198103904724121,estudo (fora da dobra)
par3-3566,0.0044303946197032,estudo (fora da dobra)
par3-3567,0.780862033367157,estudo (fora da dobra)
par3-3569,0.717079758644104,estudo (fora da dobra)
par3-3570,0.0088006667792797,estudo (fora da dobra)
par3-3572,0.8693634867668152,estudo (fora da dobra)
par3-3574,0.0052487980574369,estudo (fora da dobra)
par3-3575,0.0029098326340317,estudo (fora da dobra)
par3-3577,0.4610833823680877,estudo (fora da dobra)
par3-3578,0.1994361281394958,estudo (fora da dobra)
par3-3579,0.0037644391413778,estudo (fora da dobra)
par3-3581,0.0035807024687528,estudo (fora da dobra)
par3-3582,0.0143407024443149,estudo (fora da dobra)
par3-3585,0.007395327091217,estudo (fora da dobra)
par3-3588,0.0040890192613005,estudo (fora da dobra)
par3-3589,0.0043120235204696,estudo (fora da dobra)
par3-3590,0.170450359582901,estudo (fora da dobra)
par3-3591,0.9757313132286072,estudo (fora da dobra)
par3-3592,0.0863707736134529,estudo (fora da dobra)
par3-3594,0.3574129641056061,estudo (fora da dobra)
par3-3596,0.945460319519043,estudo (fora da dobra)
par3-3597,0.0037229908630251,estudo (fora da dobra)
par3-3598,0.0053394632413983,estudo (fora da dobra)
par3-3599,0.9922406673431396,estudo (fora da dobra)
par3-3600,0.9843686819076538,estudo (fora da dobra)
par3-3601,0.0036126461345702,estudo (fora da dobra)
par3-3603,0.083038754761219,estudo (fora da dobra)
par3-3604,0.0605740249156951,estudo (fora da dobra)
par3-3605,0.005685809534043,estudo (fora da dobra)
par3-3607,0.0039524440653622,estudo (fora da dobra)
par3-3608,0.0077499239705502,estudo (fora da dobra)
par3-3609,0.0672509223222732,estudo (fora da dobra)
par3-3611,0.0033117523416876,estudo (fora da dobra)
par3-3612,0.0050620245747268,estudo (fora da dobra)
par3-3614,0.0057801562361419,estudo (fora da dobra)
par3-3615,0.0555558912456035,estudo (fora da dobra)
par3-3616,0.0055076964199543,estudo (fora da dobra)
par3-3617,0.010090528987348,estudo (fora da dobra)
par3-3618,0.0041576237417757,estudo (fora da dobra)
par3-3619,0.0329141542315483,estudo (fora da dobra)
par3-3620,0.0036710139829665,estudo (fora da dobra)
par3-3622,0.9880319833755492,estudo (fora da dobra)
par3-3623,0.1589982062578201,estudo (fora da dobra)
par3-3626,0.9881929755210876,estudo (fora da dobra)
par3-3627,0.9782949090003968,estudo (fora da dobra)
par3-3628,0.026017989963293,estudo (fora da dobra)
par3-3635,0.0034518975298851,estudo (fora da dobra)
par3-3636,0.0229171253740787,estudo (fora da dobra)
par3-3638,0.011320668272674,estudo (fora da dobra)
par3-3639,0.9903627038002014,estudo (fora da dobra)
par3-3640,0.0048335939645767,estudo (fora da dobra)
par3-3641,0.0049426569603383,estudo (fora da dobra)
par3-3642,0.0038738208822906,estudo (fora da dobra)
par3-3644,0.0175522547215223,estudo (fora da dobra)
par3-3645,0.005986378993839,estudo (fora da dobra)
par3-3646,0.6973376274108887,estudo (fora da dobra)
par3-3647,0.5205942392349243,estudo (fora da dobra)
par3-3648,0.9652008414268494,estudo (fora da dobra)
par3-3649,0.9712074398994446,estudo (fora da dobra)
par3-3650,0.0040804976597428,estudo (fora da dobra)
par3-3651,0.0658380389213562,estudo (fora da dobra)
par3-3652,0.0301569197326898,estudo (fora da dobra)
par3-3654,0.0034408005885779,estudo (fora da dobra)
par3-3657,0.0053488416597247,estudo (fora da dobra)
par3-3659,0.2136722356081009,estudo (fora da dobra)
par3-3660,0.0064681493677198,estudo (fora da dobra)
par3-3662,0.0041806022636592,estudo (fora da dobra)
par3-3663,0.0520722158253192,estudo (fora da dobra)
par3-3664,0.0053913979791104,estudo (fora da dobra)
par3-3665,0.9841837882995604,estudo (fora da dobra)
par3-3666,0.0173049680888652,estudo (fora da dobra)
par3-3667,0.0048581454902887,estudo (fora da dobra)
par3-3669,0.0083302343264222,estudo (fora da dobra)
par3-3671,0.0093444772064685,estudo (fora da dobra)
par3-3672,0.0346135459840297,estudo (fora da dobra)
par3-3674,0.0213954243808984,estudo (fora da dobra)
par3-3675,0.0037670277524739,estudo (fora da dobra)
par3-3676,0.0111423376947641,estudo (fora da dobra)
par3-3677,0.0172841735184192,estudo (fora da dobra)
par3-3678,0.0068942825309932,estudo (fora da dobra)
par3-3682,0.0042971004731953,estudo (fora da dobra)
par3-3684,0.0049129016697406,estudo (fora da dobra)
par3-3685,0.0248786322772502,estudo (fora da dobra)
par3-3686,0.0057185981422662,estudo (fora da dobra)
par3-3687,0.0049220877699553,estudo (fora da dobra)
par3-3689,0.9817843437194824,estudo (fora da dobra)
par3-3690,0.0036832760088145,estudo (fora da dobra)
par3-3691,0.0039421720430254,estudo (fora da dobra)
par3-3692,0.0073633082211017,estudo (fora da dobra)
par3-3693,0.0042344592511653,estudo (fora da dobra)
par3-3694,0.0049613364972174,estudo (fora da dobra)
par3-3695,0.0628664046525955,estudo (fora da dobra)
par3-3696,0.0043452423997223,estudo (fora da dobra)
par3-3697,0.0039389003068208,estudo (fora da dobra)
par3-3698,0.987514078617096,estudo (fora da dobra)
par3-3699,0.0041155950166285,estudo (fora da dobra)
par3-3700,0.0057744230143725,estudo (fora da dobra)
par3-3701,0.004774356726557,estudo (fora da dobra)
par3-3703,0.0036528145428746,estudo (fora da dobra)
par3-3704,0.0575733669102191,estudo (fora da dobra)
par3-3705,0.003359236754477,estudo (fora da dobra)
par3-3706,0.0048418976366519,estudo (fora da dobra)
par3-3707,0.0031192626338452,estudo (fora da dobra)
par3-3708,0.0029202268924564,estudo (fora da dobra)
par3-3709,0.0043689874000847,estudo (fora da dobra)
par3-3710,0.9884551763534546,estudo (fora da dobra)
par3-3711,0.0034283201675862,estudo (fora da dobra)
par3-3712,0.0252794083207845,estudo (fora da dobra)
par3-3713,0.0084486342966556,estudo (fora da dobra)
par3-3714,0.0048277396708726,estudo (fora da dobra)
par3-3716,0.9879163503646852,estudo (fora da dobra)
par3-3719,0.0045424550771713,estudo (fora da dobra)
par3-3721,0.009544625878334,estudo (fora da dobra)
par3-3722,0.0297279972583055,estudo (fora da dobra)
par3-3723,0.0074082156643271,estudo (fora da dobra)
par3-3724,0.0034814632963389,estudo (fora da dobra)
par3-3725,0.3682253956794739,estudo (fora da dobra)
par3-3726,0.0049946289509534,estudo (fora da dobra)
par3-3727,0.9943152070045472,estudo (fora da dobra)
par3-3728,0.0043905456550419,estudo (fora da dobra)
par3-3729,0.1872403919696808,estudo (fora da dobra)
par3-3730,0.0055217971093952,estudo (fora da dobra)
par3-3731,0.0047151772305369,estudo (fora da dobra)
par3-3733,0.0036476261448115,estudo (fora da dobra)
par3-3734,0.4239045977592468,estudo (fora da dobra)
par3-3736,0.003786229295656,estudo (fora da dobra)
par3-3738,0.006380220875144,estudo (fora da dobra)
par3-3739,0.0311496518552303,estudo (fora da dobra)
par3-3740,0.943135380744934,estudo (fora da dobra)
par3-3741,0.0063570882193744,estudo (fora da dobra)
par3-3742,0.0077565861865878,estudo (fora da dobra)
par3-3743,0.0036205691285431,estudo (fora da dobra)
par3-3744,0.1187559142708778,estudo (fora da dobra)
par3-3745,0.0056320168077945,estudo (fora da dobra)
par3-3746,0.0041865673847496,estudo (fora da dobra)
par3-3747,0.2046244740486145,estudo (fora da dobra)
par3-3748,0.0048698293976485,estudo (fora da dobra)
par3-3749,0.8999823927879333,estudo (fora da dobra)
par3-3750,0.0034005674533545,estudo (fora da dobra)
par3-3752,0.0076042064465582,estudo (fora da dobra)
par3-3753,0.0039063389413058,estudo (fora da dobra)
par3-3754,0.0054680970497429,estudo (fora da dobra)
par3-3755,0.0032942376565188,estudo (fora da dobra)
par3-3756,0.0040226900018751,estudo (fora da dobra)
par3-3758,0.0705917179584503,estudo (fora da dobra)
par3-3759,0.2936714589595794,estudo (fora da dobra)
par3-3760,0.0117753120139241,estudo (fora da dobra)
par3-3762,0.0056298431009054,estudo (fora da dobra)
par3-3763,0.0101654063910245,estudo (fora da dobra)
par3-3764,0.4190725982189178,estudo (fora da dobra)
par3-3765,0.0120671708136796,estudo (fora da dobra)
par3-3767,0.5950101017951965,estudo (fora da dobra)
par3-3769,0.0040366970933973,estudo (fora da dobra)
par3-3770,0.0266463421285152,estudo (fora da dobra)
par3-3771,0.0041666557081043,estudo (fora da dobra)
par3-3772,0.0522067062556743,estudo (fora da dobra)
par3-3773,0.0040322383865714,estudo (fora da dobra)
par3-3774,0.011491616256535,estudo (fora da dobra)
par3-3775,0.0066804960370063,estudo (fora da dobra)
par3-3776,0.0204774960875511,estudo (fora da dobra)
par3-3777,0.0038489010185003,estudo (fora da dobra)
par3-3778,0.0044429833069443,estudo (fora da dobra)
par3-3779,0.9632444381713868,estudo (fora da dobra)
par3-3781,0.0055387141183018,estudo (fora da dobra)
par3-3782,0.0062446668744087,estudo (fora da dobra)
par3-3783,0.005221034400165,estudo (fora da dobra)
par3-3786,0.9881283640861512,estudo (fora da dobra)
par3-3787,0.0031271399930119,estudo (fora da dobra)
par3-3788,0.039455410093069,estudo (fora da dobra)
par3-3789,0.0390193536877632,estudo (fora da dobra)
par3-3790,0.0050012376159429,estudo (fora da dobra)
par3-3791,0.9574465751647948,estudo (fora da dobra)
par3-3792,0.0048554977402091,estudo (fora da dobra)
par3-3793,0.0404633805155754,estudo (fora da dobra)
par3-3794,0.0036206427030265,estudo (fora da dobra)
par3-3795,0.0043028127402067,estudo (fora da dobra)
par3-3796,0.0524382032454013,estudo (fora da dobra)
par3-3797,0.0047626122832298,estudo (fora da dobra)
par3-3798,0.0175291411578655,estudo (fora da dobra)
par3-3799,0.004517778288573,estudo (fora da dobra)
par3-3801,0.047581635415554,estudo (fora da dobra)
par3-3802,0.0049993088468909,estudo (fora da dobra)
par3-3803,0.0045183487236499,estudo (fora da dobra)
par3-3805,0.0041687651537358,estudo (fora da dobra)
par3-3807,0.9835909008979796,estudo (fora da dobra)
par3-3808,0.9659295082092284,estudo (fora da dobra)
par3-3809,0.0033943594899028,estudo (fora da dobra)
par3-3812,0.0118046337738633,estudo (fora da dobra)
par3-3813,0.0438863970339298,estudo (fora da dobra)
par3-3814,0.9791618585586548,estudo (fora da dobra)
par3-3817,0.9439801573753356,estudo (fora da dobra)
par3-3818,0.0036420931573957,estudo (fora da dobra)
par3-3819,0.0034072550479322,estudo (fora da dobra)
par3-3820,0.886236310005188,estudo (fora da dobra)
par3-3821,0.0225618127733469,estudo (fora da dobra)
par3-3823,0.667391836643219,estudo (fora da dobra)
par3-3825,0.0053765084594488,estudo (fora da dobra)
par3-3827,0.9383094906806946,estudo (fora da dobra)
par3-3828,0.0034198830835521,estudo (fora da dobra)
par3-3831,0.0555725805461406,estudo (fora da dobra)
par3-3832,0.2547752559185028,estudo (fora da dobra)
par3-3833,0.0171434693038463,estudo (fora da dobra)
par3-3835,0.0288019347935915,estudo (fora da dobra)
par3-3836,0.6517894268035889,estudo (fora da dobra)
par3-3837,0.0043520759791135,estudo (fora da dobra)
par3-3838,0.0040544900111854,estudo (fora da dobra)
par3-3839,0.9863211512565612,estudo (fora da dobra)
par3-3840,0.0549147427082061,estudo (fora da dobra)
par3-3842,0.0354854986071586,estudo (fora da dobra)
par3-3843,0.0764932110905647,estudo (fora da dobra)
par3-3844,0.0040207570418715,estudo (fora da dobra)
par3-3845,0.0084328139200806,estudo (fora da dobra)
par3-3846,0.1705691367387771,estudo (fora da dobra)
par3-3847,0.0052245496772229,estudo (fora da dobra)
par3-3848,0.0207192618399858,estudo (fora da dobra)
par3-3849,0.0038563744165003,estudo (fora da dobra)
par3-3850,0.994763195514679,estudo (fora da dobra)
par3-3851,0.0044515863992273,estudo (fora da dobra)
par3-3853,0.0046522766351699,estudo (fora da dobra)
par3-3854,0.0055951992981135,estudo (fora da dobra)
par3-3855,0.0122648039832711,estudo (fora da dobra)
par3-3856,0.0058238478377461,estudo (fora da dobra)
par3-3858,0.0058688623830676,estudo (fora da dobra)
par3-3861,0.2403792291879654,estudo (fora da dobra)
par3-3862,0.0257076807320117,estudo (fora da dobra)
par3-3863,0.0069345324300229,estudo (fora da dobra)
par3-3864,0.9848243594169616,estudo (fora da dobra)
par3-3865,0.0035507441498339,estudo (fora da dobra)
par3-3866,0.0047529079020023,estudo (fora da dobra)
par3-3867,0.0030863131396472,estudo (fora da dobra)
par3-3868,0.0045816083438694,estudo (fora da dobra)
par3-3869,0.0070526134222745,estudo (fora da dobra)
par3-3870,0.9490761756896972,estudo (fora da dobra)
par3-3871,0.0045083649456501,estudo (fora da dobra)
par3-3873,0.0427222661674022,estudo (fora da dobra)
par3-3874,0.0042095030657947,estudo (fora da dobra)
par3-3875,0.007220072671771,estudo (fora da dobra)
par3-3876,0.0056686662137508,estudo (fora da dobra)
par3-3878,0.9856868386268616,estudo (fora da dobra)
par3-3881,0.009313984774053,estudo (fora da dobra)
par3-3883,0.0196218620985746,estudo (fora da dobra)
par3-3884,0.0049734222702682,estudo (fora da dobra)
par3-3885,0.0065665948204696,estudo (fora da dobra)
par3-3887,0.0070587405934929,estudo (fora da dobra)
par3-3888,0.0055240099318325,estudo (fora da dobra)
par3-3889,0.005890691652894,estudo (fora da dobra)
par3-3890,0.0038880647625774,estudo (fora da dobra)
par3-3892,0.8071871995925903,estudo (fora da dobra)
par3-3893,0.0040310877375304,estudo (fora da dobra)
par3-3894,0.0046217925846576,estudo (fora da dobra)
par3-3895,0.9298731684684752,estudo (fora da dobra)
par3-3899,0.4945351481437683,estudo (fora da dobra)
par3-3900,0.0039206277579069,estudo (fora da dobra)
par3-3902,0.3855494260787964,estudo (fora da dobra)
par3-3903,0.0079315230250358,estudo (fora da dobra)
par3-3904,0.0041035991162061,estudo (fora da dobra)
par3-3905,0.0036226592492312,estudo (fora da dobra)
par3-3907,0.9891349077224731,estudo (fora da dobra)
par3-3908,0.0098956674337387,estudo (fora da dobra)
par3-3909,0.0056317038834095,estudo (fora da dobra)
par3-3910,0.0042341179214417,estudo (fora da dobra)
par3-3912,0.0039598657749593,estudo (fora da dobra)
par3-3913,0.0037935255095362,estudo (fora da dobra)
par3-3915,0.0084978528320789,estudo (fora da dobra)
par3-3916,0.0033316842745989,estudo (fora da dobra)
par3-3917,0.0151120591908693,estudo (fora da dobra)
par3-3919,0.0294189825654029,estudo (fora da dobra)
par3-3920,0.0035070478916168,estudo (fora da dobra)
par3-3921,0.1431292295455932,estudo (fora da dobra)
par3-3922,0.004069578833878,estudo (fora da dobra)
par3-3923,0.9883232712745668,estudo (fora da dobra)
par3-3924,0.0051078400574624,estudo (fora da dobra)
par3-3925,0.0043753869831562,estudo (fora da dobra)
par3-3926,0.0070595890283584,estudo (fora da dobra)
par3-3927,0.9936287999153136,estudo (fora da dobra)
par3-3928,0.0039809932932257,estudo (fora da dobra)
par3-3930,0.0033978652209043,estudo (fora da dobra)
par3-3931,0.0032936506904661,estudo (fora da dobra)
par3-3932,0.9875146150588988,estudo (fora da dobra)
par3-3934,0.0207941699773073,estudo (fora da dobra)
par3-3935,0.0035249304492026,estudo (fora da dobra)
par3-3936,0.0349398367106914,estudo (fora da dobra)
par3-3937,0.1477099657058715,estudo (fora da dobra)
par3-3939,0.0057655652053654,estudo (fora da dobra)
par3-3941,0.0056245815940201,estudo (fora da dobra)
par3-3942,0.0153793646022677,estudo (fora da dobra)
par3-3944,0.0040087415836751,estudo (fora da dobra)
par3-3945,0.0043010869994759,estudo (fora da dobra)
par3-3946,0.3194877505302429,estudo (fora da dobra)
par3-3947,0.0044355522841215,estudo (fora da dobra)
par3-3949,0.0053696925751864,estudo (fora da dobra)
par3-3950,0.0094854272902011,estudo (fora da dobra)
par3-3952,0.0044732908718287,estudo (fora da dobra)
par3-3954,0.0036746470723301,estudo (fora da dobra)
par3-3956,0.0057881791144609,estudo (fora da dobra)
par3-3957,0.0037128720432519,estudo (fora da dobra)
par3-3958,0.1545166671276092,estudo (fora da dobra)
par3-3959,0.0084433667361736,estudo (fora da dobra)
par3-3960,0.0051931701600551,estudo (fora da dobra)
par3-3961,0.0052112638950347,estudo (fora da dobra)
par3-3962,0.0126588577404618,estudo (fora da dobra)
par3-3964,0.0445023700594902,estudo (fora da dobra)
par3-3965,0.0050080525688827,estudo (fora da dobra)
par3-3967,0.9494338631629944,estudo (fora da dobra)
par3-3968,0.0187104400247335,estudo (fora da dobra)
par3-3970,0.0039848699234426,estudo (fora da dobra)
par3-3971,0.9528464078903198,estudo (fora da dobra)
par3-3972,0.0035890073049813,estudo (fora da dobra)
par3-3973,0.0053377388976514,estudo (fora da dobra)
par3-3977,0.0871384516358375,estudo (fora da dobra)
par3-3978,0.0047633554786443,estudo (fora da dobra)
par3-3979,0.0042769755236804,estudo (fora da dobra)
par3-3980,0.003662763396278,estudo (fora da dobra)
par3-3982,0.0052009583450853,estudo (fora da dobra)
par3-3984,0.0068605514243245,estudo (fora da dobra)
par3-3985,0.931537389755249,estudo (fora da dobra)
par3-3986,0.0522968024015426,estudo (fora da dobra)
par3-3987,0.0553271882236003,estudo (fora da dobra)
par3-3988,0.0039873532950878,estudo (fora da dobra)
par3-3989,0.0045628054067492,estudo (fora da dobra)
par3-3991,0.0052734240889549,estudo (fora da dobra)
par3-3992,0.0035350914113223,estudo (fora da dobra)
par3-3993,0.9949394464492798,estudo (fora da dobra)
par3-3994,0.0484617128968238,estudo (fora da dobra)
par3-3996,0.005350830964744,estudo (fora da dobra)
par3-3997,0.0187560860067605,estudo (fora da dobra)
par3-3999,0.087494321167469,estudo (fora da dobra)
par3-4001,0.4783620834350586,estudo (fora da dobra)
par3-4003,0.9801194071769714,estudo (fora da dobra)
par3-4004,0.9613527059555054,estudo (fora da dobra)
par3-4006,0.0055221738293766,estudo (fora da dobra)
par3-4007,0.3278534412384033,estudo (fora da dobra)
par3-4009,0.9941169023513794,estudo (fora da dobra)
par3-4010,0.0217615105211734,estudo (fora da dobra)
par3-4011,0.0333491638302803,estudo (fora da dobra)
par3-4012,0.7510918974876404,estudo (fora da dobra)
par3-4013,0.0038473107852041,estudo (fora da dobra)
par3-4014,0.0063888719305396,estudo (fora da dobra)
par3-4015,0.0065422020852565,estudo (fora da dobra)
par3-4016,0.0035583660937845,estudo (fora da dobra)
par3-4018,0.0049652270972728,estudo (fora da dobra)
par3-4019,0.0035418451298028,estudo (fora da dobra)
par3-4021,0.0208687167614698,estudo (fora da dobra)
par3-4022,0.0057776710018515,estudo (fora da dobra)
par3-4023,0.0116859637200832,estudo (fora da dobra)
par3-4024,0.0852012485265731,estudo (fora da dobra)
par3-4025,0.0039862720295786,estudo (fora da dobra)
par3-4026,0.0068414248526096,estudo (fora da dobra)
par3-4027,0.0057875951752066,estudo (fora da dobra)
par3-4030,0.0042616771534085,estudo (fora da dobra)
par3-4032,0.2970563173294067,estudo (fora da dobra)
par3-4034,0.0032719732262194,estudo (fora da dobra)
par3-4036,0.0062529668211936,estudo (fora da dobra)
par3-4038,0.0349498018622398,estudo (fora da dobra)
par3-4039,0.0047830175608396,estudo (fora da dobra)
par3-4040,0.005119003355503,estudo (fora da dobra)
par3-4041,0.0055947536602616,estudo (fora da dobra)
par3-4044,0.0044151074253022,estudo (fora da dobra)
par3-4046,0.9908305406570436,estudo (fora da dobra)
par3-4047,0.9795511960983276,estudo (fora da dobra)
par3-4048,0.0077000325545668,estudo (fora da dobra)
par3-4049,0.0054647247307002,estudo (fora da dobra)
par3-4050,0.0035598999820649,estudo (fora da dobra)
par3-4051,0.007304651197046,estudo (fora da dobra)
par3-4052,0.0039797062054276,estudo (fora da dobra)
par3-4053,0.0029229328501969,estudo (fora da dobra)
par3-4054,0.0086172549054026,estudo (fora da dobra)
par3-4055,0.0054679284803569,estudo (fora da dobra)
par3-4059,0.0044681574217975,estudo (fora da dobra)
par3-4060,0.4027265012264251,estudo (fora da dobra)
par3-4061,0.5861860513687134,estudo (fora da dobra)
par3-4062,0.0045032207854092,estudo (fora da dobra)
par3-4063,0.0049422844313085,estudo (fora da dobra)
par3-4064,0.3092947602272033,estudo (fora da dobra)
par3-4065,0.0047600679099559,estudo (fora da dobra)
par3-4066,0.0398797504603862,estudo (fora da dobra)
par3-4067,0.1169345825910568,estudo (fora da dobra)
par3-4069,0.0052182441577315,estudo (fora da dobra)
par3-4071,0.9835267663002014,estudo (fora da dobra)
par3-4072,0.0045777820050716,estudo (fora da dobra)
par3-4073,0.9884700775146484,estudo (fora da dobra)
par3-4074,0.0034846840426325,estudo (fora da dobra)
par3-4075,0.005087187513709,estudo (fora da dobra)
par3-4076,0.0040121641941368,estudo (fora da dobra)
par3-4077,0.0039067952893674,estudo (fora da dobra)
par3-4078,0.0061302920803427,estudo (fora da dobra)
par3-4079,0.0054415687918663,estudo (fora da dobra)
par3-4080,0.0059791142120957,estudo (fora da dobra)
par3-4081,0.0029081988614052,estudo (fora da dobra)
par3-4082,0.0040063965134322,estudo (fora da dobra)
par3-4083,0.0044351355172693,estudo (fora da dobra)
par3-4088,0.0061309812590479,estudo (fora da dobra)
par3-4089,0.0073327124118804,estudo (fora da dobra)
par3-4090,0.1749850213527679,estudo (fora da dobra)
par3-4091,0.110426627099514,estudo (fora da dobra)
par3-4092,0.0039057489484548,estudo (fora da dobra)
par3-4095,0.2506773173809051,estudo (fora da dobra)
par3-4096,0.0090810973197221,estudo (fora da dobra)
par3-4097,0.0046506049111485,estudo (fora da dobra)
par3-4098,0.0065900520421564,estudo (fora da dobra)
par3-4099,0.0040645920671522,estudo (fora da dobra)
par3-4100,0.0115104923024773,estudo (fora da dobra)
par3-4101,0.00360635551624,estudo (fora da dobra)
par3-4102,0.0195987690240144,estudo (fora da dobra)
par3-4103,0.0149099212139844,estudo (fora da dobra)
par3-4104,0.0286094695329666,estudo (fora da dobra)
par3-4105,0.0799306035041809,estudo (fora da dobra)
par3-4107,0.0056730168871581,estudo (fora da dobra)
par3-4109,0.8380695581436157,estudo (fora da dobra)
par3-4110,0.0211767200380563,estudo (fora da dobra)
par3-4111,0.0107869068160653,estudo (fora da dobra)
par3-4113,0.0695635452866554,estudo (fora da dobra)
par3-4114,0.0034782357979565,estudo (fora da dobra)
par3-4115,0.0034205771517008,estudo (fora da dobra)
par3-4116,0.0039730281569063,estudo (fora da dobra)
par3-4117,0.0046548028476536,estudo (fora da dobra)
par3-4118,0.0042297774925827,estudo (fora da dobra)
par3-4119,0.0033073243685066,estudo (fora da dobra)
par3-4122,0.0044327150098979,estudo (fora da dobra)
par3-4123,0.1072781458497047,estudo (fora da dobra)
par3-4124,0.0215339958667755,estudo (fora da dobra)
par3-4125,0.0043003354221582,estudo (fora da dobra)
par3-4126,0.0040975818410515,estudo (fora da dobra)
par3-4127,0.0066676139831542,estudo (fora da dobra)
par3-4128,0.0134460926055908,estudo (fora da dobra)
par3-4129,0.0378253906965255,estudo (fora da dobra)
par3-4130,0.0308439619839191,estudo (fora da dobra)
par3-4132,0.0073913764208555,estudo (fora da dobra)
par3-4134,0.988439440727234,estudo (fora da dobra)
par3-4135,0.1023420542478561,estudo (fora da dobra)
par3-4136,0.0090996790677309,estudo (fora da dobra)
par3-4137,0.0040116226300597,estudo (fora da dobra)
par3-4139,0.0065578152425587,estudo (fora da dobra)
par3-4141,0.0052214353345334,estudo (fora da dobra)
par3-4143,0.0075208712369203,estudo (fora da dobra)
par3-4145,0.0042659812606871,estudo (fora da dobra)
par3-4146,0.0040498482994735,estudo (fora da dobra)
par3-4148,0.1358711272478103,estudo (fora da dobra)
par3-4150,0.0044895950704813,estudo (fora da dobra)
par3-4151,0.0044527510181069,estudo (fora da dobra)
par3-4152,0.0058723934926092,estudo (fora da dobra)
par3-4153,0.9942358136177064,estudo (fora da dobra)
par3-4154,0.0065557560883462,estudo (fora da dobra)
par3-4155,0.0050772898830473,estudo (fora da dobra)
par3-4157,0.0301233325153589,estudo (fora da dobra)
par3-4158,0.0046867737546563,estudo (fora da dobra)
par3-4159,0.6140809059143066,estudo (fora da dobra)
par3-4160,0.0039431438781321,estudo (fora da dobra)
par3-4161,0.1612428128719329,estudo (fora da dobra)
par3-4162,0.0052396915853023,estudo (fora da dobra)
par3-4163,0.0650814697146415,estudo (fora da dobra)
par3-4164,0.0058486461639404,estudo (fora da dobra)
par3-4165,0.0037458532024174,estudo (fora da dobra)
par3-4167,0.9834022521972656,estudo (fora da dobra)
par3-4168,0.3298395276069641,estudo (fora da dobra)
par3-4169,0.0036801607348024,estudo (fora da dobra)
par3-4170,0.0241596456617116,estudo (fora da dobra)
par3-4171,0.0438849031925201,estudo (fora da dobra)
par3-4172,0.0035885472316294,estudo (fora da dobra)
par3-4173,0.9897178411483764,estudo (fora da dobra)
par3-4174,0.004152781330049,estudo (fora da dobra)
par3-4175,0.0033699851483106,estudo (fora da dobra)
par3-4176,0.0106428964063525,estudo (fora da dobra)
par3-4178,0.0138170160353183,estudo (fora da dobra)
par3-4180,0.044401042163372,estudo (fora da dobra)
par3-4182,0.0041394154541194,estudo (fora da dobra)
par3-4183,0.0043573812581598,estudo (fora da dobra)
par3-4184,0.0052629932761192,estudo (fora da dobra)
par3-4186,0.1414884030818939,estudo (fora da dobra)
par3-4187,0.0108955726027488,estudo (fora da dobra)
par3-4188,0.2022454291582107,estudo (fora da dobra)
par3-4189,0.0042860726825892,estudo (fora da dobra)
par3-4190,0.0034014144912362,estudo (fora da dobra)
par3-4191,0.0051117450930178,estudo (fora da dobra)
par3-4193,0.0059864362701773,estudo (fora da dobra)
par3-4194,0.0054363068193197,estudo (fora da dobra)
par3-4195,0.9927833080291748,estudo (fora da dobra)
par3-4197,0.004975242074579,estudo (fora da dobra)
par3-4198,0.0056447605602443,estudo (fora da dobra)
par3-4199,0.9788504242897034,estudo (fora da dobra)
par3-4201,0.0899583026766777,estudo (fora da dobra)
par3-4202,0.0066767409443855,estudo (fora da dobra)
par3-4203,0.0080547947436571,estudo (fora da dobra)
par3-4204,0.052251998335123,estudo (fora da dobra)
par3-4205,0.0084891393780708,estudo (fora da dobra)
par3-4206,0.0037295618094503,estudo (fora da dobra)
par3-4207,0.0051556667312979,estudo (fora da dobra)
par3-4208,0.0048045879229903,estudo (fora da dobra)
par3-4209,0.0059815743006765,estudo (fora da dobra)
par3-4210,0.0042040715925395,estudo (fora da dobra)
par3-4211,0.024585397914052,estudo (fora da dobra)
par3-4212,0.6115505695343018,estudo (fora da dobra)
par3-4216,0.0444271899759769,estudo (fora da dobra)
par3-4218,0.0035254196263849,estudo (fora da dobra)
par3-4219,0.0063583510927855,estudo (fora da dobra)
par3-4223,0.0099640488624572,estudo (fora da dobra)
par3-4225,0.9237791895866394,estudo (fora da dobra)
par3-4227,0.0056833708658814,estudo (fora da dobra)
par3-4228,0.005124932155013,estudo (fora da dobra)
par3-4229,0.0037260465323925,estudo (fora da dobra)
par3-4230,0.0038966934662312,estudo (fora da dobra)
par3-4231,0.5313512682914734,estudo (fora da dobra)
par3-4233,0.0093685910105705,estudo (fora da dobra)
par3-4234,0.0050663878209888,estudo (fora da dobra)
par3-4235,0.9914306998252868,estudo (fora da dobra)
par3-4236,0.9950416684150696,estudo (fora da dobra)
par3-4238,0.0032902432139962,estudo (fora da dobra)
par3-4239,0.0046290918253362,estudo (fora da dobra)
par3-4240,0.9794552326202391,estudo (fora da dobra)
par3-4241,0.0066896150819957,estudo (fora da dobra)
par3-4242,0.3218326270580292,estudo (fora da dobra)
par3-4243,0.0050110900774598,estudo (fora da dobra)
par3-4244,0.0055350176990032,estudo (fora da dobra)
par3-4246,0.0043102102354168,estudo (fora da dobra)
par3-4248,0.0043575898744165,estudo (fora da dobra)
par3-4249,0.0793578550219535,estudo (fora da dobra)
par3-4252,0.0239162035286426,estudo (fora da dobra)
par3-4254,0.0040598446503281,estudo (fora da dobra)
par3-4257,0.0052494709379971,estudo (fora da dobra)
par3-4258,0.0118643455207347,estudo (fora da dobra)
par3-4260,0.9858697652816772,estudo (fora da dobra)
par3-4262,0.0056284605525434,estudo (fora da dobra)
par3-4263,0.9633650183677672,estudo (fora da dobra)
par3-4264,0.3790937066078186,estudo (fora da dobra)
par3-4265,0.0050578885711729,estudo (fora da dobra)
par3-4266,0.0139952935278415,estudo (fora da dobra)
par3-4267,0.0052298633381724,estudo (fora da dobra)
par3-4268,0.0316877029836177,estudo (fora da dobra)
par3-4270,0.0064695221371948,estudo (fora da dobra)
par3-4271,0.0574732832610607,estudo (fora da dobra)
par3-4272,0.0039206482470035,estudo (fora da dobra)
par3-4273,0.1247664913535118,estudo (fora da dobra)
par3-4275,0.0085310228168964,estudo (fora da dobra)
par3-4276,0.0041555711068212,estudo (fora da dobra)
par3-4277,0.8774508237838745,estudo (fora da dobra)
par3-4278,0.0046591702848672,estudo (fora da dobra)
par3-4279,0.0160562377423048,estudo (fora da dobra)
par3-4280,0.2932676076889038,estudo (fora da dobra)
par3-4281,0.9801231026649476,estudo (fora da dobra)
par3-4282,0.0161928720772266,estudo (fora da dobra)
par3-4283,0.0306952353566885,estudo (fora da dobra)
par3-4285,0.0055646765977144,estudo (fora da dobra)
par3-4286,0.2192634493112564,estudo (fora da dobra)
par3-4287,0.0043940069153904,estudo (fora da dobra)
par3-4288,0.0047718309797346,estudo (fora da dobra)
par3-4289,0.0042958417907357,estudo (fora da dobra)
par3-4290,0.0342365838587284,estudo (fora da dobra)
par3-4291,0.005548377521336,estudo (fora da dobra)
par3-4294,0.9939796924591064,estudo (fora da dobra)
par3-4295,0.0046133738942444,estudo (fora da dobra)
par3-4296,0.0626792311668396,estudo (fora da dobra)
par3-4297,0.0043621566146612,estudo (fora da dobra)
par3-4298,0.919806957244873,estudo (fora da dobra)
par3-4299,0.0056396694853901,estudo (fora da dobra)
par3-4300,0.0074793454259634,estudo (fora da dobra)
par3-4303,0.9692355990409852,estudo (fora da dobra)
par3-4304,0.0049099111929535,estudo (fora da dobra)
par3-4306,0.0065902243368327,estudo (fora da dobra)
par3-4307,0.0051297266036272,estudo (fora da dobra)
par3-4309,0.0045094285160303,estudo (fora da dobra)
par3-4312,0.0155882788822054,estudo (fora da dobra)
par3-4313,0.0174224339425563,estudo (fora da dobra)
par3-4315,0.9889153838157654,estudo (fora da dobra)
par3-4316,0.1440726518630981,estudo (fora da dobra)
par3-4317,0.0033313739113509,estudo (fora da dobra)
par3-4318,0.1349152028560638,estudo (fora da dobra)
par3-4319,0.0044182525016367,estudo (fora da dobra)
par3-4320,0.0045724879018962,estudo (fora da dobra)
par3-4323,0.1130497530102729,estudo (fora da dobra)
par3-4328,0.0040014390833675,estudo (fora da dobra)
par3-4329,0.0037616002373397,estudo (fora da dobra)
par3-4330,0.008132797665894,estudo (fora da dobra)
par3-4332,0.0052121286280453,estudo (fora da dobra)
par3-4334,0.0060648648068308,estudo (fora da dobra)
par3-4335,0.0072854966856539,estudo (fora da dobra)
par3-4337,0.0041101672686636,estudo (fora da dobra)
par3-4338,0.0043260143138468,estudo (fora da dobra)
par3-4339,0.0054874629713594,estudo (fora da dobra)
par3-4340,0.0047624018043279,estudo (fora da dobra)
par3-4341,0.0039631114341318,estudo (fora da dobra)
par3-4342,0.0061476784758269,estudo (fora da dobra)
par3-4343,0.0343285016715526,estudo (fora da dobra)
par3-4344,0.0067561310715973,estudo (fora da dobra)
par3-4345,0.0073489774949848,estudo (fora da dobra)
par3-4346,0.1513879001140594,estudo (fora da dobra)
par3-4347,0.9260510802268982,estudo (fora da dobra)
par3-4348,0.8324605226516724,estudo (fora da dobra)
par3-4349,0.1153947561979293,estudo (fora da dobra)
par3-4350,0.0035177909303456,estudo (fora da dobra)
par3-4351,0.0031927123200148,estudo (fora da dobra)
par3-4353,0.0040646423585712,estudo (fora da dobra)
par3-4355,0.0054742801003158,estudo (fora da dobra)
par3-4356,0.0046589402481913,estudo (fora da dobra)
par3-4357,0.0075256065465509,estudo (fora da dobra)
par3-4358,0.0037915222346782,estudo (fora da dobra)
par3-4359,0.8560540676116943,estudo (fora da dobra)
par3-4362,0.007814010605216,estudo (fora da dobra)
par3-4363,0.0034454062115401,estudo (fora da dobra)
par3-4366,0.0072587770409882,estudo (fora da dobra)
par3-4368,0.0280832014977931,estudo (fora da dobra)
par3-4370,0.0050170039758086,estudo (fora da dobra)
par3-4371,0.0038801615592092,estudo (fora da dobra)
par3-4374,0.0359780043363571,estudo (fora da dobra)
par3-4375,0.0031667435541749,estudo (fora da dobra)
par3-4376,0.0041245380416512,estudo (fora da dobra)
par3-4377,0.0042249783873558,estudo (fora da dobra)
par3-4378,0.9618414640426636,estudo (fora da dobra)
par3-4379,0.0078402692452073,estudo (fora da dobra)
par3-4380,0.5764876008033752,estudo (fora da dobra)
par3-4381,0.0034667674917727,estudo (fora da dobra)
par3-4383,0.005344751290977,estudo (fora da dobra)
par3-4384,0.005271385423839,estudo (fora da dobra)
par3-4385,0.0050511355511844,estudo (fora da dobra)
par3-4387,0.0969462171196937,estudo (fora da dobra)
par3-4388,0.7438256740570068,estudo (fora da dobra)
par3-4389,0.0043791774660348,estudo (fora da dobra)
par3-4390,0.0036384491249918,estudo (fora da dobra)
par3-4391,0.0034933681599795,estudo (fora da dobra)
par3-4392,0.0077557452023029,estudo (fora da dobra)
par3-4393,0.0034448856022208,estudo (fora da dobra)
par3-4394,0.9837124347686768,estudo (fora da dobra)
par3-4396,0.1061946079134941,estudo (fora da dobra)
par3-4397,0.6775942444801331,estudo (fora da dobra)
par3-4398,0.0038693151436746,estudo (fora da dobra)
par3-4399,0.0051810988225042,estudo (fora da dobra)
par3-4400,0.4614981114864349,estudo (fora da dobra)
par3-4401,0.0042146951891481,estudo (fora da dobra)
par3-4403,0.0181601792573928,estudo (fora da dobra)
par3-4407,0.0742862597107887,estudo (fora da dobra)
par3-4408,0.0079884594306349,estudo (fora da dobra)
par3-4410,0.0045498507097363,estudo (fora da dobra)
par3-4411,0.004867410287261,estudo (fora da dobra)
par3-4412,0.0041658012196421,estudo (fora da dobra)
par3-4413,0.0171148758381605,estudo (fora da dobra)
par3-4414,0.0882352218031883,estudo (fora da dobra)
par3-4417,0.9588079452514648,estudo (fora da dobra)
par3-4418,0.0045625218190252,estudo (fora da dobra)
par3-4420,0.0045870980247855,estudo (fora da dobra)
par3-4421,0.0062974500469863,estudo (fora da dobra)
par3-4423,0.0036333187017589,estudo (fora da dobra)
par3-4424,0.8938855528831482,estudo (fora da dobra)
par3-4425,0.0046236156485974,estudo (fora da dobra)
par3-4426,0.0036139353178441,estudo (fora da dobra)
par3-4427,0.0205570459365844,estudo (fora da dobra)
par3-4428,0.0036169188097119,estudo (fora da dobra)
par3-4429,0.0068953465670347,estudo (fora da dobra)
par3-4430,0.403113305568695,estudo (fora da dobra)
par3-4431,0.9681844115257264,estudo (fora da dobra)
par3-4434,0.0038365328218787,estudo (fora da dobra)
par3-4435,0.984872579574585,estudo (fora da dobra)
par3-4437,0.0058148712851107,estudo (fora da dobra)
par3-4439,0.0049901190213859,estudo (fora da dobra)
par3-4440,0.0674740150570869,estudo (fora da dobra)
par3-4441,0.0277271494269371,estudo (fora da dobra)
par3-4442,0.0054891887120902,estudo (fora da dobra)
par3-4444,0.0037462941836565,estudo (fora da dobra)
par3-4448,0.0042326846159994,estudo (fora da dobra)
par3-4449,0.0036714882589876,estudo (fora da dobra)
par3-4450,0.042233295738697,estudo (fora da dobra)
par3-4451,0.0065607619471848,estudo (fora da dobra)
par3-4452,0.0058525265194475,estudo (fora da dobra)
par3-4453,0.2597170174121856,estudo (fora da dobra)
par3-4456,0.0087311090901494,estudo (fora da dobra)
par3-4458,0.0100730219855904,estudo (fora da dobra)
par3-4459,0.0045213564299046,estudo (fora da dobra)
par3-4460,0.0044952696189284,estudo (fora da dobra)
par3-4461,0.0033056885004043,estudo (fora da dobra)
par3-4463,0.004427570849657,estudo (fora da dobra)
par3-4464,0.0034497217275202,estudo (fora da dobra)
par3-4465,0.0052218744531273,estudo (fora da dobra)
par3-4466,0.0418404974043369,estudo (fora da dobra)
par3-4467,0.0033080992288887,estudo (fora da dobra)
par3-4468,0.0050866496749222,estudo (fora da dobra)
par3-4470,0.9915186762809752,estudo (fora da dobra)
par3-4471,0.1354908198118209,estudo (fora da dobra)
par3-4472,0.9888566136360168,estudo (fora da dobra)
par3-4473,0.0182014871388673,estudo (fora da dobra)
par3-4474,0.2446608692407608,estudo (fora da dobra)
par3-4475,0.0235513094812631,estudo (fora da dobra)
par3-4476,0.0055946479551494,estudo (fora da dobra)
par3-4477,0.0039836699143052,estudo (fora da dobra)
par3-4478,0.0054387766867876,estudo (fora da dobra)
par3-4479,0.0041819382458925,estudo (fora da dobra)
par3-4480,0.0677434429526329,estudo (fora da dobra)
par3-4481,0.9949191212654114,estudo (fora da dobra)
par3-4482,0.0053914976306259,estudo (fora da dobra)
par3-4486,0.0029237403068691,estudo (fora da dobra)
par3-4487,0.0036137357819825,estudo (fora da dobra)
par3-4490,0.1385480910539627,estudo (fora da dobra)
par3-4492,0.0037589892745018,estudo (fora da dobra)
par3-4493,0.0065786838531494,estudo (fora da dobra)
par3-4495,0.0034861317835748,estudo (fora da dobra)
par3-4496,0.0043747201561927,estudo (fora da dobra)
par3-4497,0.0047045103274285,estudo (fora da dobra)
par3-4498,0.0819339752197265,estudo (fora da dobra)
par3-4499,0.921352207660675,estudo (fora da dobra)
par3-4500,0.0078039802610874,estudo (fora da dobra)
par3-4502,0.0081121260300278,estudo (fora da dobra)
par3-4503,0.0043090642429888,estudo (fora da dobra)
par3-4507,0.0051336283795535,estudo (fora da dobra)
par3-4508,0.0051074447110295,estudo (fora da dobra)
par3-4509,0.0053466702811419,estudo (fora da dobra)
par3-4510,0.0059443674981594,estudo (fora da dobra)
par3-4511,0.0049584582448005,estudo (fora da dobra)
par3-4512,0.4704164266586303,estudo (fora da dobra)
par3-4514,0.0050081857480108,estudo (fora da dobra)
par3-4516,0.4873827695846557,estudo (fora da dobra)
par3-4517,0.0050040767528116,estudo (fora da dobra)
par3-4518,0.0360136963427066,estudo (fora da dobra)
par3-4520,0.7035495638847351,estudo (fora da dobra)
par3-4521,0.0049426313489675,estudo (fora da dobra)
par3-4522,0.0034810595680028,estudo (fora da dobra)
par3-4523,0.0060827750712633,estudo (fora da dobra)
par3-4525,0.0036986151244491,estudo (fora da dobra)
par3-4526,0.0041461512446403,estudo (fora da dobra)
par3-4527,0.0044639194384217,estudo (fora da dobra)
par3-4528,0.0034832619130611,estudo (fora da dobra)
par3-4529,0.0040605734102427,estudo (fora da dobra)
par3-4530,0.0630790367722511,estudo (fora da dobra)
par3-4531,0.0058400551788508,estudo (fora da dobra)
par3-4532,0.0400301553308963,estudo (fora da dobra)
par3-4533,0.0035455210600048,estudo (fora da dobra)
par3-4534,0.005492540076375,estudo (fora da dobra)
par3-4535,0.2585479915142059,estudo (fora da dobra)
par3-4537,0.0036806343123316,estudo (fora da dobra)
par3-4538,0.2318812906742096,estudo (fora da dobra)
par3-4539,0.0063515636138617,estudo (fora da dobra)
par3-4540,0.0058891447260975,estudo (fora da dobra)
par3-4544,0.0035231302026659,estudo (fora da dobra)
par3-4552,0.970831573009491,estudo (fora da dobra)
par3-4553,0.0044053210876882,estudo (fora da dobra)
par3-4554,0.0039109522476792,estudo (fora da dobra)
par3-4555,0.281269758939743,estudo (fora da dobra)
par3-4556,0.0050429538823664,estudo (fora da dobra)
par3-4557,0.0067555527202785,estudo (fora da dobra)
par3-4558,0.0038604538422077,estudo (fora da dobra)
par3-4559,0.0038222623988986,estudo (fora da dobra)
par3-4560,0.1970048248767852,estudo (fora da dobra)
par3-4561,0.0043098786845803,estudo (fora da dobra)
par3-4562,0.0264461431652307,estudo (fora da dobra)
par3-4563,0.0056748618371784,estudo (fora da dobra)
par3-4564,0.0174366179853677,estudo (fora da dobra)
par3-4565,0.9881622195243835,estudo (fora da dobra)
par3-4566,0.0158879812806844,estudo (fora da dobra)
par3-4567,0.4820394217967987,estudo (fora da dobra)
par3-4569,0.0072518219240009,estudo (fora da dobra)
par3-4570,0.0036466936580836,estudo (fora da dobra)
par3-4571,0.0074676200747489,estudo (fora da dobra)
par3-4574,0.0068201003596186,estudo (fora da dobra)
par3-4575,0.0086873564869165,estudo (fora da dobra)
par3-4576,0.987279176712036,estudo (fora da dobra)
par3-4577,0.9862581491470336,estudo (fora da dobra)
par3-4578,0.0049700303934514,estudo (fora da dobra)
par3-4579,0.0072683524340391,estudo (fora da dobra)
par3-4581,0.1294155269861221,estudo (fora da dobra)
par3-4582,0.0036415327340364,estudo (fora da dobra)
par3-4583,0.0055637266486883,estudo (fora da dobra)
par3-4585,0.0036934898234903,estudo (fora da dobra)
par3-4586,0.0034616910852491,estudo (fora da dobra)
par3-4587,0.9738205671310424,estudo (fora da dobra)
par3-4588,0.0033148590009659,estudo (fora da dobra)
par3-4589,0.0039951293729245,estudo (fora da dobra)
par3-4590,0.0079925116151571,estudo (fora da dobra)
par3-4591,0.004430937115103,estudo (fora da dobra)
par3-4592,0.0135213257744908,estudo (fora da dobra)
par3-4593,0.0054214047268033,estudo (fora da dobra)
par3-4594,0.004443360492587,estudo (fora da dobra)
par3-4595,0.0796438977122306,estudo (fora da dobra)
par3-4597,0.004019065760076,estudo (fora da dobra)
par3-4599,0.0041669998317956,estudo (fora da dobra)
par3-4600,0.0030091530643403,estudo (fora da dobra)
par3-4601,0.0033352675382047,estudo (fora da dobra)
par3-4602,0.9916985034942628,estudo (fora da dobra)
par3-4603,0.0114426286891102,estudo (fora da dobra)
par3-4604,0.0124152405187487,estudo (fora da dobra)
par3-4605,0.0034514183644205,estudo (fora da dobra)
par3-4607,0.0085772005841135,estudo (fora da dobra)
par3-4608,0.990622580051422,estudo (fora da dobra)
par3-4610,0.005629098508507,estudo (fora da dobra)
par3-4612,0.0036203057970851,estudo (fora da dobra)
par3-4614,0.2137508392333984,estudo (fora da dobra)
par3-4615,0.0048453751951456,estudo (fora da dobra)
par3-4616,0.0164015106856822,estudo (fora da dobra)
par3-4617,0.937170684337616,estudo (fora da dobra)
par3-4619,0.0065670236945152,estudo (fora da dobra)
par3-4620,0.0057916301302611,estudo (fora da dobra)
par3-4621,0.0076899509876966,estudo (fora da dobra)
par3-4622,0.6381020545959473,estudo (fora da dobra)
par3-4623,0.0033516942057758,estudo (fora da dobra)
par3-4624,0.0046132709830999,estudo (fora da dobra)
par3-4625,0.0170857906341552,estudo (fora da dobra)
par3-4626,0.0042644888162612,estudo (fora da dobra)
par3-4627,0.3916859626770019,estudo (fora da dobra)
par3-4629,0.0036525819450616,estudo (fora da dobra)
par3-4630,0.0060251778922975,estudo (fora da dobra)
par3-4631,0.0173130389302968,estudo (fora da dobra)
par3-4633,0.9941800832748412,estudo (fora da dobra)
par3-4635,0.0050920168869197,estudo (fora da dobra)
par3-4636,0.0054640839807689,estudo (fora da dobra)
par3-4638,0.0055929315276443,estudo (fora da dobra)
par3-4639,0.003706244053319,estudo (fora da dobra)
par3-4640,0.0465821623802185,estudo (fora da dobra)
par3-4641,0.0156262721866369,estudo (fora da dobra)
par3-4642,0.0491083860397338,estudo (fora da dobra)
par3-4644,0.987027108669281,estudo (fora da dobra)
par3-4645,0.0047953077591955,estudo (fora da dobra)
par3-4647,0.0108687505125999,estudo (fora da dobra)
par3-4648,0.2697296142578125,estudo (fora da dobra)
par3-4649,0.0041590770706534,estudo (fora da dobra)
par3-4650,0.4763226509094238,estudo (fora da dobra)
par3-4651,0.0044939769431948,estudo (fora da dobra)
par3-4652,0.0038683966267853,estudo (fora da dobra)
par3-4653,0.8738635182380676,estudo (fora da dobra)
par3-4655,0.4566239714622497,estudo (fora da dobra)
par3-4658,0.0034712282940745,estudo (fora da dobra)
par3-4659,0.0046437387354671,estudo (fora da dobra)
par3-4662,0.0049807927571237,estudo (fora da dobra)
par3-4663,0.0050410833209753,estudo (fora da dobra)
par3-4664,0.0773160606622695,estudo (fora da dobra)
par3-4665,0.0044373930431902,estudo (fora da dobra)
par3-4666,0.9375657439231871,estudo (fora da dobra)
par3-4667,0.9941334128379822,estudo (fora da dobra)
par3-4669,0.9629916548728944,estudo (fora da dobra)
par3-4670,0.8072869777679443,estudo (fora da dobra)
par3-4672,0.0541602149605751,estudo (fora da dobra)
par3-4673,0.0034898426383733,estudo (fora da dobra)
par3-4676,0.0433878861367702,estudo (fora da dobra)
par3-4677,0.8198169469833374,estudo (fora da dobra)
par3-4678,0.0033313105814158,estudo (fora da dobra)
par3-4679,0.0123235685750842,estudo (fora da dobra)
par3-4680,0.9713497161865234,estudo (fora da dobra)
par3-4681,0.0046300566755235,estudo (fora da dobra)
par3-4682,0.8950362205505371,estudo (fora da dobra)
par3-4683,0.9777806401252748,estudo (fora da dobra)
par3-4684,0.0041037839837372,estudo (fora da dobra)
par3-4685,0.0132161676883697,estudo (fora da dobra)
par3-4687,0.0060017546638846,estudo (fora da dobra)
par3-4689,0.9921208620071412,estudo (fora da dobra)
par3-4691,0.0032217525877058,estudo (fora da dobra)
par3-4692,0.0085791358724236,estudo (fora da dobra)
par3-4693,0.896472156047821,estudo (fora da dobra)
par3-4694,0.990106165409088,estudo (fora da dobra)
par3-4696,0.2086934298276901,estudo (fora da dobra)
par3-4698,0.0890033841133117,estudo (fora da dobra)
par3-4699,0.0044263224117457,estudo (fora da dobra)
par3-4700,0.0033087264746427,estudo (fora da dobra)
par3-4701,0.0063306526280939,estudo (fora da dobra)
par3-4705,0.02352961525321,estudo (fora da dobra)
par3-4706,0.1079161837697029,estudo (fora da dobra)
par3-4707,0.0035231537185609,estudo (fora da dobra)
par3-4708,0.10108532756567,estudo (fora da dobra)
par3-4709,0.002945614978671,estudo (fora da dobra)
par3-4710,0.9308319091796876,estudo (fora da dobra)
par3-4711,0.0151557391509413,estudo (fora da dobra)
par3-4712,0.984468162059784,estudo (fora da dobra)
par3-4713,0.0037309953477233,estudo (fora da dobra)
par3-4714,0.0049888002686202,estudo (fora da dobra)
par3-4716,0.7607370018959045,estudo (fora da dobra)
par3-4717,0.0042859627865254,estudo (fora da dobra)
par3-4718,0.0047930376604199,estudo (fora da dobra)
par3-4720,0.0675206407904625,estudo (fora da dobra)
par3-4721,0.0051891272887587,estudo (fora da dobra)
par3-4724,0.9671854376792908,estudo (fora da dobra)
par3-4726,0.004824286326766,estudo (fora da dobra)
par3-4727,0.0042928094044327,estudo (fora da dobra)
par3-4728,0.3723897337913513,estudo (fora da dobra)
par3-4729,0.0099431574344635,estudo (fora da dobra)
par3-4731,0.2242479473352432,estudo (fora da dobra)
par3-4732,0.0445373617112636,estudo (fora da dobra)
par3-4734,0.0727729797363281,estudo (fora da dobra)
par3-4735,0.0037807459011673,estudo (fora da dobra)
par3-4736,0.0051010982133448,estudo (fora da dobra)
par3-4738,0.0896928757429122,estudo (fora da dobra)
par3-4740,0.2244080305099487,estudo (fora da dobra)
par3-4741,0.008810325525701,estudo (fora da dobra)
par3-4743,0.0042239832691848,estudo (fora da dobra)
par3-4744,0.0313075855374336,estudo (fora da dobra)
par3-4746,0.0061823958531022,estudo (fora da dobra)
par3-4747,0.0049294685013592,estudo (fora da dobra)
par3-4748,0.0040247025899589,estudo (fora da dobra)
par3-4750,0.0105046620592474,estudo (fora da dobra)
par3-4751,0.1090185791254043,estudo (fora da dobra)
par3-4752,0.0045178574509918,estudo (fora da dobra)
par3-4754,0.9949853420257568,estudo (fora da dobra)
par3-4755,0.0051736622117459,estudo (fora da dobra)
par3-4756,0.0052614011801779,estudo (fora da dobra)
par3-4757,0.0620003528892993,estudo (fora da dobra)
par3-4758,0.003254719544202,estudo (fora da dobra)
par3-4760,0.1093805208802223,estudo (fora da dobra)
par3-4761,0.0039069270715117,estudo (fora da dobra)
par3-4763,0.0037553494330495,estudo (fora da dobra)
par3-4764,0.0050241234712302,estudo (fora da dobra)
par3-4765,0.2024819701910019,estudo (fora da dobra)
par3-4766,0.0076737101189792,estudo (fora da dobra)
par3-4767,0.0220787990838289,estudo (fora da dobra)
par3-4769,0.0690315663814544,estudo (fora da dobra)
par3-4771,0.0257101338356733,estudo (fora da dobra)
par3-4773,0.0059707798063755,estudo (fora da dobra)
par3-4774,0.0037564400117844,estudo (fora da dobra)
par3-4775,0.0069236350245773,estudo (fora da dobra)
par3-4776,0.0032258557621389,estudo (fora da dobra)
par3-4777,0.0035908971913158,estudo (fora da dobra)
par3-4778,0.1391719579696655,estudo (fora da dobra)
par3-4779,0.513960599899292,estudo (fora da dobra)
par3-4781,0.0036199702881276,estudo (fora da dobra)
par3-4782,0.0683995261788368,estudo (fora da dobra)
par3-4784,0.522494912147522,estudo (fora da dobra)
par3-4785,0.886216938495636,estudo (fora da dobra)
par3-4786,0.029062507674098,estudo (fora da dobra)
par3-4787,0.0158906336873769,estudo (fora da dobra)
par3-4790,0.0032773173879832,estudo (fora da dobra)
par3-4791,0.9922795295715332,estudo (fora da dobra)
par3-4792,0.0032346930820494,estudo (fora da dobra)
par3-4793,0.0046089072711765,estudo (fora da dobra)
par3-4794,0.0268902909010648,estudo (fora da dobra)
par3-4795,0.9483932852745056,estudo (fora da dobra)
par3-4796,0.9939622282981871,estudo (fora da dobra)
par3-4797,0.0033617634326219,estudo (fora da dobra)
par3-4798,0.9717365503311156,estudo (fora da dobra)
par3-4800,0.003962364513427,estudo (fora da dobra)
par3-4801,0.0038542479742318,estudo (fora da dobra)
par3-4802,0.0054410006850957,estudo (fora da dobra)
par3-4804,0.0048264660872519,estudo (fora da dobra)
par3-4805,0.3268243968486786,estudo (fora da dobra)
par3-4806,0.0239398032426834,estudo (fora da dobra)
par3-4809,0.0272742081433534,estudo (fora da dobra)
par3-4810,0.0036999583244323,estudo (fora da dobra)
par3-4811,0.0065084276720881,estudo (fora da dobra)
par3-4814,0.9870404601097108,estudo (fora da dobra)
par3-4815,0.0038891511503607,estudo (fora da dobra)
par3-4816,0.0053940191864967,estudo (fora da dobra)
par3-4818,0.0032393550500273,estudo (fora da dobra)
par3-4819,0.0085973981767892,estudo (fora da dobra)
par3-4820,0.0044834101572632,estudo (fora da dobra)
par3-4821,0.007218541111797,estudo (fora da dobra)
par3-4822,0.0041417512111365,estudo (fora da dobra)
par3-4823,0.0497611723840236,estudo (fora da dobra)
par3-4824,0.9787255525588988,estudo (fora da dobra)
par3-4827,0.0044739386066794,estudo (fora da dobra)
par3-4828,0.8650500178337097,estudo (fora da dobra)
par3-4831,0.0046561127528548,estudo (fora da dobra)
par3-4832,0.0054835164919495,estudo (fora da dobra)
par3-4836,0.0038897087797522,estudo (fora da dobra)
par3-4841,0.0052592530846595,estudo (fora da dobra)
par3-4842,0.0066159041598439,estudo (fora da dobra)
par3-4843,0.0075740115717053,estudo (fora da dobra)
par3-4845,0.8285203576087952,estudo (fora da dobra)
par3-4846,0.2238951027393341,estudo (fora da dobra)
par3-4847,0.8863010406494141,estudo (fora da dobra)
par3-4848,0.0211246833205223,estudo (fora da dobra)
par3-4849,0.977692186832428,estudo (fora da dobra)
par3-4851,0.0065097599290311,estudo (fora da dobra)
par3-4852,0.0038631856441497,estudo (fora da dobra)
par3-4854,0.014942655339837,estudo (fora da dobra)
par3-4856,0.0063884146511554,estudo (fora da dobra)
par3-4857,0.0047146962024271,estudo (fora da dobra)
par3-4858,0.0072115082293748,estudo (fora da dobra)
par3-4862,0.0029640572611242,estudo (fora da dobra)
par3-4863,0.2940759360790252,estudo (fora da dobra)
par3-4864,0.041969608515501,estudo (fora da dobra)
par3-4865,0.9843109250068665,estudo (fora da dobra)
par3-4867,0.0032718409784138,estudo (fora da dobra)
par3-4869,0.3662604689598083,estudo (fora da dobra)
par3-4870,0.9904795289039612,estudo (fora da dobra)
par3-4871,0.99372535943985,estudo (fora da dobra)
par3-4872,0.0036700654309242,estudo (fora da dobra)
par3-4873,0.0053490903228521,estudo (fora da dobra)
par3-4874,0.0045518660917878,estudo (fora da dobra)
par3-4875,0.9941470623016356,estudo (fora da dobra)
par3-4877,0.0053081875666975,estudo (fora da dobra)
par3-4878,0.0045471773482859,estudo (fora da dobra)
par3-4880,0.0053863422945141,estudo (fora da dobra)
par3-4881,0.0055312444455921,estudo (fora da dobra)
par3-4882,0.0037309455219656,estudo (fora da dobra)
par3-4883,0.0271127317100763,estudo (fora da dobra)
par3-4885,0.0067534502595663,estudo (fora da dobra)
par3-4886,0.0048288535326719,estudo (fora da dobra)
par3-4888,0.9653332829475404,estudo (fora da dobra)
par3-4889,0.0055973511189222,estudo (fora da dobra)
par3-4890,0.1766650974750518,estudo (fora da dobra)
par3-4892,0.06549683958292,estudo (fora da dobra)
par3-4894,0.0371298566460609,estudo (fora da dobra)
par3-4895,0.024006949737668,estudo (fora da dobra)
par3-4896,0.0043252445757389,estudo (fora da dobra)
par3-4899,0.0046876496635377,estudo (fora da dobra)
par3-4900,0.0110523123294115,estudo (fora da dobra)
par3-4902,0.0077704568393528,estudo (fora da dobra)
par3-4903,0.0029431919101625,estudo (fora da dobra)
par3-4904,0.3046233355998993,estudo (fora da dobra)
par3-4905,0.0036438221577554,estudo (fora da dobra)
par3-4907,0.0039347680285573,estudo (fora da dobra)
par3-4909,0.0036529239732772,estudo (fora da dobra)
par3-4910,0.5314295291900635,estudo (fora da dobra)
par3-4911,0.9783292412757874,estudo (fora da dobra)
par3-4912,0.99153733253479,estudo (fora da dobra)
par3-4914,0.0049450122751295,estudo (fora da dobra)
par3-4917,0.0038666350301355,estudo (fora da dobra)
par3-4918,0.98558908700943,estudo (fora da dobra)
par3-4919,0.044731505215168,estudo (fora da dobra)
par3-4920,0.003914610017091,estudo (fora da dobra)
par3-4922,0.0343592427670955,estudo (fora da dobra)
par3-4923,0.0120180640369653,estudo (fora da dobra)
par3-4924,0.0043226578272879,estudo (fora da dobra)
par3-4926,0.9122344851493835,estudo (fora da dobra)
par3-4929,0.0451852977275848,estudo (fora da dobra)
par3-4931,0.1030530855059623,estudo (fora da dobra)
par3-4932,0.902766764163971,estudo (fora da dobra)
par3-4933,0.004933760035783,estudo (fora da dobra)
par3-4937,0.0197626389563083,estudo (fora da dobra)
par3-4939,0.0042120246216654,estudo (fora da dobra)
par3-4944,0.006974084302783,estudo (fora da dobra)
par3-4945,0.0283556450158357,estudo (fora da dobra)
par3-4947,0.0030267471447587,estudo (fora da dobra)
par3-4948,0.0042998511344194,estudo (fora da dobra)
par3-4949,0.0060117477551102,estudo (fora da dobra)
par3-4950,0.9542663097381592,estudo (fora da dobra)
par3-4951,0.0047804052010178,estudo (fora da dobra)
par3-4954,0.0447743758559227,estudo (fora da dobra)
par3-4956,0.0036067669279873,estudo (fora da dobra)
par3-4957,0.0172826591879129,estudo (fora da dobra)
par3-4958,0.0301543418318033,estudo (fora da dobra)
par3-4959,0.0067947953939437,estudo (fora da dobra)
par3-4961,0.7864652872085571,estudo (fora da dobra)
par3-4963,0.9227131009101868,estudo (fora da dobra)
par3-4964,0.0815012603998184,estudo (fora da dobra)
par3-4965,0.8869724273681641,estudo (fora da dobra)
par3-4966,0.9643766283988952,estudo (fora da dobra)
par3-4967,0.0042998390272259,estudo (fora da dobra)
par3-4969,0.0079201096668839,estudo (fora da dobra)
par3-4972,0.0079428693279623,estudo (fora da dobra)
par3-4973,0.1291965693235397,estudo (fora da dobra)
par3-4974,0.9862043857574464,estudo (fora da dobra)
par3-4975,0.0039220373146235,estudo (fora da dobra)
par3-4976,0.9538071751594543,estudo (fora da dobra)
par3-4977,0.0039499909617006,estudo (fora da dobra)
par3-4979,0.0266320407390594,estudo (fora da dobra)
par3-4982,0.2884686887264251,estudo (fora da dobra)
par3-4983,0.1002433970570564,estudo (fora da dobra)
par3-4984,0.1058999747037887,estudo (fora da dobra)
par3-4985,0.0035394900478422,estudo (fora da dobra)
par3-4987,0.9779340624809264,estudo (fora da dobra)
par3-4988,0.9850844740867616,estudo (fora da dobra)
par3-4989,0.0051612043753266,estudo (fora da dobra)
par3-4991,0.0046040709130465,estudo (fora da dobra)
par3-4993,0.0930694341659545,estudo (fora da dobra)
par3-4994,0.0839539468288421,estudo (fora da dobra)
par3-4996,0.0054332809522747,estudo (fora da dobra)
par3-4998,0.848638117313385,estudo (fora da dobra)
par3-4999,0.0042044571600854,estudo (fora da dobra)
par3-5000,0.0045225890353322,estudo (fora da dobra)
par3-5002,0.0039252578280866,estudo (fora da dobra)
par3-5003,0.2005141973495483,estudo (fora da dobra)
par3-5004,0.5806255340576172,estudo (fora da dobra)
par3-5005,0.987691342830658,estudo (fora da dobra)
par3-5006,0.4860495626926422,estudo (fora da dobra)
par3-5007,0.0050974306650459,estudo (fora da dobra)
par3-5008,0.0056999423541128,estudo (fora da dobra)
par3-5009,0.0044884402304887,estudo (fora da dobra)
par3-5011,0.0274976138025522,estudo (fora da dobra)
par3-5012,0.0035021151416003,estudo (fora da dobra)
par3-5013,0.9416311979293824,estudo (fora da dobra)
par3-5014,0.0044162035919725,estudo (fora da dobra)
par3-5015,0.8193376064300537,estudo (fora da dobra)
par3-5017,0.0041281478479504,estudo (fora da dobra)
par3-5018,0.9550129175186156,estudo (fora da dobra)
par3-5019,0.0661465898156166,estudo (fora da dobra)
par3-5020,0.3420150876045227,estudo (fora da dobra)
par3-5021,0.0034546987153589,estudo (fora da dobra)
par3-5022,0.988109290599823,estudo (fora da dobra)
par3-5024,0.0364683307707309,estudo (fora da dobra)
par3-5025,0.0069841369986534,estudo (fora da dobra)
par3-5026,0.0054014739580452,estudo (fora da dobra)
par3-5027,0.0052272072061896,estudo (fora da dobra)
par3-5030,0.006434828042984,estudo (fora da dobra)
par3-5031,0.0058268560096621,estudo (fora da dobra)
par3-5033,0.0040457998402416,estudo (fora da dobra)
par3-5034,0.1895668357610702,estudo (fora da dobra)
par3-5036,0.0036957031115889,estudo (fora da dobra)
par3-5038,0.9939285516738892,estudo (fora da dobra)
par3-5039,0.0034303227439522,estudo (fora da dobra)
par3-5040,0.0051761977374553,estudo (fora da dobra)
par3-5041,0.0049805892631411,estudo (fora da dobra)
par3-5042,0.8473927974700928,estudo (fora da dobra)
par3-5044,0.0048235328868031,estudo (fora da dobra)
par3-5045,0.0059724072925746,estudo (fora da dobra)
par3-5046,0.0053220856934785,estudo (fora da dobra)
par3-5048,0.0123220365494489,estudo (fora da dobra)
par3-5050,0.0501214191317558,estudo (fora da dobra)
par3-5052,0.0064709316939115,estudo (fora da dobra)
par3-5053,0.2351879924535751,estudo (fora da dobra)
par3-5056,0.7339261770248413,estudo (fora da dobra)
par3-5058,0.0033483861479908,estudo (fora da dobra)
par3-5059,0.0045631304383277,estudo (fora da dobra)
par3-5060,0.9950337409973145,estudo (fora da dobra)
par3-5061,0.0051518334075808,estudo (fora da dobra)
par3-5062,0.6416505575180054,estudo (fora da dobra)
par3-5063,0.1967143416404724,estudo (fora da dobra)
par3-5064,0.003886898048222,estudo (fora da dobra)
par3-5068,0.0037597781047225,estudo (fora da dobra)
par3-5069,0.9949657320976256,estudo (fora da dobra)
par3-5070,0.0050612324848771,estudo (fora da dobra)
par3-5071,0.003805746557191,estudo (fora da dobra)
par3-5072,0.0035067745484411,estudo (fora da dobra)
par3-5073,0.0043690847232937,estudo (fora da dobra)
par3-5074,0.0033972272649407,estudo (fora da dobra)
par3-5075,0.7596556544303894,estudo (fora da dobra)
par3-5077,0.0049058455042541,estudo (fora da dobra)
par3-5078,0.1515009403228759,estudo (fora da dobra)
par3-5079,0.1286875903606414,estudo (fora da dobra)
par3-5080,0.0055906777270138,estudo (fora da dobra)
par3-5081,0.1093092039227485,estudo (fora da dobra)
par3-5082,0.0046376045793294,estudo (fora da dobra)
par3-5083,0.0049956077709794,estudo (fora da dobra)
par3-5085,0.0857533290982246,estudo (fora da dobra)
par3-5086,0.0039917775429785,estudo (fora da dobra)
par3-5087,0.0046763503924012,estudo (fora da dobra)
par3-5088,0.0049867508932948,estudo (fora da dobra)
par3-5091,0.0049868738278746,estudo (fora da dobra)
par3-5092,0.8781278729438782,estudo (fora da dobra)
par3-5094,0.0067105279304087,estudo (fora da dobra)
par3-5095,0.9842975735664368,estudo (fora da dobra)
par3-5096,0.0050979917868971,estudo (fora da dobra)
par3-5097,0.0358964949846267,estudo (fora da dobra)
par3-5098,0.0043066712096333,estudo (fora da dobra)
par3-5099,0.004841370973736,estudo (fora da dobra)
par3-5100,0.0045799231156706,estudo (fora da dobra)
par3-5101,0.990626335144043,estudo (fora da dobra)
par3-5102,0.0048807458952069,estudo (fora da dobra)
par3-5103,0.9911962747573853,estudo (fora da dobra)
par3-5104,0.9080449938774108,estudo (fora da dobra)
par3-5105,0.9931129813194276,estudo (fora da dobra)
par3-5107,0.0044088950380682,estudo (fora da dobra)
par3-5108,0.4185427129268646,estudo (fora da dobra)
par3-5109,0.989033818244934,estudo (fora da dobra)
par3-5110,0.0055682188831269,estudo (fora da dobra)
par3-5112,0.021272225305438,estudo (fora da dobra)
par3-5113,0.0035722702741622,estudo (fora da dobra)
par3-5114,0.004619454499334,estudo (fora da dobra)
par3-5115,0.0062593491747975,estudo (fora da dobra)
par3-5116,0.0076292282901704,estudo (fora da dobra)
par3-5118,0.0037423528265208,estudo (fora da dobra)
par3-5119,0.0046463711187243,estudo (fora da dobra)
par3-5120,0.9261170625686646,estudo (fora da dobra)
par3-5121,0.0174014419317245,estudo (fora da dobra)
par3-5123,0.0049398317933082,estudo (fora da dobra)
par3-5124,0.1009689792990684,estudo (fora da dobra)
par3-5125,0.038643829524517,estudo (fora da dobra)
par3-5127,0.0031119419727474,estudo (fora da dobra)
par3-5128,0.9056764245033264,estudo (fora da dobra)
par3-5129,0.0048507028259336,estudo (fora da dobra)
par3-5130,0.0437019877135753,estudo (fora da dobra)
par3-5131,0.003486264264211,estudo (fora da dobra)
par3-5134,0.0045853178016841,estudo (fora da dobra)
par3-5135,0.9896699786186218,estudo (fora da dobra)
par3-5136,0.0073488242924213,estudo (fora da dobra)
par3-5137,0.0029356440063565,estudo (fora da dobra)
par3-5138,0.0046689216978847,estudo (fora da dobra)
par3-5141,0.0034833068493753,estudo (fora da dobra)
par3-5144,0.288911759853363,estudo (fora da dobra)
par3-5145,0.0029522576369345,estudo (fora da dobra)
par3-5146,0.9654763340950012,estudo (fora da dobra)
par3-5147,0.0427555665373802,estudo (fora da dobra)
par3-5148,0.0043739350512623,estudo (fora da dobra)
par3-5149,0.0044156438671052,estudo (fora da dobra)
par3-5150,0.1819205582141876,estudo (fora da dobra)
par3-5154,0.0114965951070189,estudo (fora da dobra)
par3-5156,0.2919141352176666,estudo (fora da dobra)
par3-5157,0.3188366293907165,estudo (fora da dobra)
par3-5162,0.0038944876287132,estudo (fora da dobra)
par3-5163,0.3415307104587555,estudo (fora da dobra)
par3-5165,0.0041940212249755,estudo (fora da dobra)
par3-5169,0.0051963371224701,estudo (fora da dobra)
par3-5171,0.0078446138650178,estudo (fora da dobra)
par3-5172,0.0064272107556462,estudo (fora da dobra)
par3-5175,0.9782618284225464,estudo (fora da dobra)
par3-5176,0.0053696078248322,estudo (fora da dobra)
par3-5177,0.0135039221495389,estudo (fora da dobra)
par3-5178,0.0052786986343562,estudo (fora da dobra)
par3-5179,0.746300458908081,estudo (fora da dobra)
par3-5180,0.5171329379081726,estudo (fora da dobra)
par3-5181,0.4639022052288055,estudo (fora da dobra)
par3-5182,0.0050134896300733,estudo (fora da dobra)
par3-5183,0.0034368280321359,estudo (fora da dobra)
par3-5185,0.0043911193497478,estudo (fora da dobra)
par3-5186,0.0037762867286801,estudo (fora da dobra)
par3-5187,0.9909825921058656,estudo (fora da dobra)
par3-5189,0.0036546164192259,estudo (fora da dobra)
par3-5191,0.0221112724393606,estudo (fora da dobra)
par3-5192,0.0103258965536952,estudo (fora da dobra)
par3-5193,0.0067472676746547,estudo (fora da dobra)
par3-5194,0.0106431078165769,estudo (fora da dobra)
par3-5196,0.0035898433998227,estudo (fora da dobra)
par3-5197,0.0062841228209435,estudo (fora da dobra)
par3-5198,0.9946812987327576,estudo (fora da dobra)
par3-5199,0.0065914667211472,estudo (fora da dobra)
par3-5200,0.0039708190597593,estudo (fora da dobra)
par3-5201,0.0047940700314939,estudo (fora da dobra)
par3-5203,0.0172829087823629,estudo (fora da dobra)
par3-5204,0.0073783416301012,estudo (fora da dobra)
par3-5206,0.0103709399700164,estudo (fora da dobra)
par3-5207,0.0513808317482471,estudo (fora da dobra)
par3-5208,0.0030754355248063,estudo (fora da dobra)
par3-5209,0.7180060744285583,estudo (fora da dobra)
par3-5210,0.0652379989624023,estudo (fora da dobra)
par3-5211,0.0072554075159132,estudo (fora da dobra)
par3-5212,0.0076250843703746,estudo (fora da dobra)
par3-5213,0.0033592642284929,estudo (fora da dobra)
par3-5215,0.0042245867662131,estudo (fora da dobra)
par3-5216,0.0050193206407129,estudo (fora da dobra)
par3-5217,0.0058864126913249,estudo (fora da dobra)
par3-5218,0.0032386714592576,estudo (fora da dobra)
par3-5219,0.0054171280935406,estudo (fora da dobra)
par3-5220,0.0040353992953896,estudo (fora da dobra)
par3-5221,0.068233385682106,estudo (fora da dobra)
par3-5222,0.0036714430898427,estudo (fora da dobra)
par3-5224,0.004906678572297,estudo (fora da dobra)
par3-5225,0.0471323989331722,estudo (fora da dobra)
par3-5226,0.6955828070640564,estudo (fora da dobra)
par3-5227,0.0111610302701592,estudo (fora da dobra)
par3-5229,0.5750498175621033,estudo (fora da dobra)
par3-5230,0.98032408952713,estudo (fora da dobra)
par3-5232,0.0044982363469898,estudo (fora da dobra)
par3-5236,0.9467605352401732,estudo (fora da dobra)
par3-5237,0.0043039978481829,estudo (fora da dobra)
par3-5238,0.0252427663654088,estudo (fora da dobra)
par3-5239,0.146660178899765,estudo (fora da dobra)
par3-5240,0.1340560019016266,estudo (fora da dobra)
par3-5242,0.0059898304753005,estudo (fora da dobra)
par3-5243,0.0301942564547061,estudo (fora da dobra)
par3-5244,0.9856047034263612,estudo (fora da dobra)
par3-5245,0.004919484257698,estudo (fora da dobra)
par3-5247,0.010002595372498,estudo (fora da dobra)
par3-5248,0.9532680511474608,estudo (fora da dobra)
par3-5250,0.1736779808998108,estudo (fora da dobra)
par3-5251,0.9823939800262452,estudo (fora da dobra)
par3-5252,0.0064415992237627,estudo (fora da dobra)
par3-5253,0.9799898266792296,estudo (fora da dobra)
par3-5254,0.004606042522937,estudo (fora da dobra)
par3-5255,0.0055103609338402,estudo (fora da dobra)
par3-5257,0.0769114941358566,estudo (fora da dobra)
par3-5259,0.0055886977352201,estudo (fora da dobra)
par3-5261,0.004217087291181,estudo (fora da dobra)
par3-5262,0.0041047725826501,estudo (fora da dobra)
par3-5263,0.0045743440277874,estudo (fora da dobra)
par3-5264,0.0149859525263309,estudo (fora da dobra)
par3-5265,0.993878185749054,estudo (fora da dobra)
par3-5266,0.9682953357696532,estudo (fora da dobra)
par3-5267,0.0045743891969323,estudo (fora da dobra)
par3-5268,0.0038559439126402,estudo (fora da dobra)
par3-5269,0.0058567360974848,estudo (fora da dobra)
par3-5270,0.9869339466094972,estudo (fora da dobra)
par3-5272,0.0220313463360071,estudo (fora da dobra)
par3-5273,0.0245360434055328,estudo (fora da dobra)
par3-5274,0.0060205985791981,estudo (fora da dobra)
par3-5276,0.0035732297692447,estudo (fora da dobra)
par3-5277,0.058195948600769,estudo (fora da dobra)
par3-5278,0.0339550301432609,estudo (fora da dobra)
par3-5281,0.2072920054197311,estudo (fora da dobra)
par3-5282,0.0040503982454538,estudo (fora da dobra)
par3-5283,0.0051923305727541,estudo (fora da dobra)
par3-5285,0.0055184597149491,estudo (fora da dobra)
par3-5287,0.5799807906150818,estudo (fora da dobra)
par3-5288,0.0049537504091858,estudo (fora da dobra)
par3-5290,0.0159644391387701,estudo (fora da dobra)
par3-5291,0.0073883365839719,estudo (fora da dobra)
par3-5292,0.0054189935326576,estudo (fora da dobra)
par3-5295,0.0043317242525517,estudo (fora da dobra)
par3-5296,0.0047812541015446,estudo (fora da dobra)
par3-5297,0.01612457819283,estudo (fora da dobra)
par3-5298,0.0043064607307314,estudo (fora da dobra)
par3-5299,0.0194854252040386,estudo (fora da dobra)
par3-5300,0.0286097023636102,estudo (fora da dobra)
par3-5302,0.0053553935140371,estudo (fora da dobra)
par3-5303,0.0042692213319242,estudo (fora da dobra)
par3-5304,0.0047363960184156,estudo (fora da dobra)
par3-5306,0.0046724015846848,estudo (fora da dobra)
par3-5307,0.987866759300232,estudo (fora da dobra)
par3-5308,0.1009958386421203,estudo (fora da dobra)
par3-5309,0.0066992347128689,estudo (fora da dobra)
par3-5311,0.9787244200706482,estudo (fora da dobra)
par3-5312,0.0045023532584309,estudo (fora da dobra)
par3-5313,0.0099784154444932,estudo (fora da dobra)
par3-5314,0.2532207369804382,estudo (fora da dobra)
par3-5315,0.0046811937354505,estudo (fora da dobra)
par3-5317,0.0054942667484283,estudo (fora da dobra)
par3-5320,0.0047119399532675,estudo (fora da dobra)
par3-5322,0.0047086765989661,estudo (fora da dobra)
par3-5323,0.0040494250133633,estudo (fora da dobra)
par3-5324,0.0051577924750745,estudo (fora da dobra)
par3-5327,0.0031449762172997,estudo (fora da dobra)
par3-5328,0.0450544841587543,estudo (fora da dobra)
par3-5329,0.0036311876028776,estudo (fora da dobra)
par3-5330,0.0051466450095176,estudo (fora da dobra)
par3-5332,0.0654617697000503,estudo (fora da dobra)
par3-5333,0.0575901456177234,estudo (fora da dobra)
par3-5334,0.0173067841678857,estudo (fora da dobra)
par3-5335,0.0059815351851284,estudo (fora da dobra)
par3-5336,0.0363799147307872,estudo (fora da dobra)
par3-5337,0.0047631138004362,estudo (fora da dobra)
par3-5338,0.0177080836147069,estudo (fora da dobra)
par3-5341,0.0219633169472217,estudo (fora da dobra)
par3-5342,0.9855539202690125,estudo (fora da dobra)
par3-5343,0.0043910103850066,estudo (fora da dobra)
par3-5344,0.0058394628576934,estudo (fora da dobra)
par3-5345,0.1777838617563247,estudo (fora da dobra)
par3-5346,0.0045174481347203,estudo (fora da dobra)
par3-5347,0.5626910924911499,estudo (fora da dobra)
par3-5348,0.0076783229596912,estudo (fora da dobra)
par3-5349,0.0034211720339953,estudo (fora da dobra)
par3-5351,0.1081512123346328,estudo (fora da dobra)
par3-5352,0.0048308400437235,estudo (fora da dobra)
par3-5353,0.2838277816772461,estudo (fora da dobra)
par3-5354,0.9759562015533448,estudo (fora da dobra)
par3-5355,0.1017167866230011,estudo (fora da dobra)
par3-5356,0.0044100168161094,estudo (fora da dobra)
par3-5357,0.004338027909398,estudo (fora da dobra)
par3-5358,0.003553549060598,estudo (fora da dobra)
par3-5360,0.0055108340457081,estudo (fora da dobra)
par3-5362,0.0042305868119001,estudo (fora da dobra)
par3-5363,0.003180410247296,estudo (fora da dobra)
par3-5365,0.0437923707067966,estudo (fora da dobra)
par3-5366,0.0066396882757544,estudo (fora da dobra)
par3-5367,0.0033644579816609,estudo (fora da dobra)
par3-5368,0.9930579662322998,estudo (fora da dobra)
par3-5369,0.0061755147762596,estudo (fora da dobra)
par3-5370,0.9836565256118774,estudo (fora da dobra)
par3-5371,0.3654940128326416,estudo (fora da dobra)
par3-5372,0.0037938426248729,estudo (fora da dobra)
par3-5373,0.0041893813759088,estudo (fora da dobra)
par3-5374,0.0036735960748046,estudo (fora da dobra)
par3-5376,0.7085491418838501,estudo (fora da dobra)
par3-5377,0.0047392062842845,estudo (fora da dobra)
par3-5378,0.0051177600398659,estudo (fora da dobra)
par3-5384,0.003334833541885,estudo (fora da dobra)
par3-5385,0.0664373561739921,estudo (fora da dobra)
par3-5386,0.0046391785144805,estudo (fora da dobra)
par3-5387,0.0770190358161926,estudo (fora da dobra)
par3-5388,0.0048223799094557,estudo (fora da dobra)
par3-5389,0.0056625283323228,estudo (fora da dobra)
par3-5391,0.0184448789805173,estudo (fora da dobra)
par3-5392,0.0948130935430526,estudo (fora da dobra)
par3-5395,0.0043012029491364,estudo (fora da dobra)
par3-5396,0.0089489473029971,estudo (fora da dobra)
par3-5398,0.0588165484368801,estudo (fora da dobra)
par3-5400,0.0039609679952263,estudo (fora da dobra)
par3-5402,0.0061187837272882,estudo (fora da dobra)
par3-5403,0.0040379911661148,estudo (fora da dobra)
par3-5404,0.0034642594400793,estudo (fora da dobra)
par3-5405,0.0054170093499124,estudo (fora da dobra)
par3-5406,0.9846071600914,estudo (fora da dobra)
par3-5407,0.0046952199190855,estudo (fora da dobra)
par3-5408,0.005575384479016,estudo (fora da dobra)
par3-5409,0.9906042218208312,estudo (fora da dobra)
par3-5411,0.0032991652842611,estudo (fora da dobra)
par3-5412,0.044361475855112,estudo (fora da dobra)
par3-5413,0.1654203832149505,estudo (fora da dobra)
par3-5414,0.0180791690945625,estudo (fora da dobra)
par3-5415,0.0049706217832863,estudo (fora da dobra)
par3-5416,0.0125936027616262,estudo (fora da dobra)
par3-5418,0.0052426722832024,estudo (fora da dobra)
par3-5419,0.9880173206329346,estudo (fora da dobra)
par3-5420,0.011891926638782,estudo (fora da dobra)
par3-5421,0.3501769602298736,estudo (fora da dobra)
par3-5422,0.0057962913997471,estudo (fora da dobra)
par3-5423,0.0148750776425004,estudo (fora da dobra)
par3-5425,0.0059929313138127,estudo (fora da dobra)
par3-5426,0.0046979882754385,estudo (fora da dobra)
par3-5427,0.0055090780369937,estudo (fora da dobra)
par3-5428,0.0240053664892911,estudo (fora da dobra)
par3-5429,0.004942996893078,estudo (fora da dobra)
par3-5430,0.0031119759660214,estudo (fora da dobra)
par3-5431,0.0071851084940135,estudo (fora da dobra)
par3-5433,0.0052504045888781,estudo (fora da dobra)
par3-5434,0.0037561294157058,estudo (fora da dobra)
par3-5435,0.1138708665966987,estudo (fora da dobra)
par3-5436,0.9915735125541688,estudo (fora da dobra)
par3-5438,0.0211525652557611,estudo (fora da dobra)
par3-5440,0.0044135628268122,estudo (fora da dobra)
par3-5441,0.0037048268131911,estudo (fora da dobra)
par3-5442,0.0058419238775968,estudo (fora da dobra)
par3-5443,0.0363302156329155,estudo (fora da dobra)
par3-5444,0.9740763306617736,estudo (fora da dobra)
par3-5445,0.0095199402421712,estudo (fora da dobra)
par3-5447,0.0042394348420202,estudo (fora da dobra)
par3-5448,0.0075292326509952,estudo (fora da dobra)
par3-5449,0.0299032982438802,estudo (fora da dobra)
par3-5451,0.6323803663253784,estudo (fora da dobra)
par3-5453,0.005229468923062,estudo (fora da dobra)
par3-5454,0.0052862684242427,estudo (fora da dobra)
par3-5455,0.8094520568847656,estudo (fora da dobra)
par3-5456,0.004308178089559,estudo (fora da dobra)
par3-5457,0.0105338161811232,estudo (fora da dobra)
par3-5458,0.0058215190656483,estudo (fora da dobra)
par3-5460,0.0063634528778493,estudo (fora da dobra)
par3-5462,0.0043195560574531,estudo (fora da dobra)
par3-5464,0.98479962348938,estudo (fora da dobra)
par3-5466,0.0032771104015409,estudo (fora da dobra)
par3-5468,0.0062665338627994,estudo (fora da dobra)
par3-5469,0.0233435556292533,estudo (fora da dobra)
par3-5470,0.108252041041851,estudo (fora da dobra)
par3-5472,0.0644120872020721,estudo (fora da dobra)
par3-5473,0.017896968871355,estudo (fora da dobra)
par3-5475,0.0038517797365784,estudo (fora da dobra)
par3-5476,0.0052226344123482,estudo (fora da dobra)
par3-5478,0.0052762082777917,estudo (fora da dobra)
par3-5481,0.0048040659166872,estudo (fora da dobra)
par3-5482,0.9635778069496156,estudo (fora da dobra)
par3-5484,0.0040038987062871,estudo (fora da dobra)
par3-5485,0.9584720730781556,estudo (fora da dobra)
par3-5486,0.9910139441490172,estudo (fora da dobra)
par3-5488,0.0111984834074974,estudo (fora da dobra)
par3-5489,0.9896687865257264,estudo (fora da dobra)
par3-5490,0.0057683028280735,estudo (fora da dobra)
par3-5491,0.1332650482654571,estudo (fora da dobra)
par3-5493,0.9478833079338074,estudo (fora da dobra)
par3-5494,0.989212930202484,estudo (fora da dobra)
par3-5496,0.350125104188919,estudo (fora da dobra)
par3-5497,0.0051848506554961,estudo (fora da dobra)
par3-5498,0.9926891922950744,estudo (fora da dobra)
par3-5499,0.029234567657113,estudo (fora da dobra)
par3-5500,0.3458046615123749,estudo (fora da dobra)
par3-5501,0.0074633029289543,estudo (fora da dobra)
par3-5503,0.0556516200304031,estudo (fora da dobra)
par3-5506,0.0048190895467996,estudo (fora da dobra)
par3-5508,0.6876318454742432,estudo (fora da dobra)
par3-5509,0.0044562928378582,estudo (fora da dobra)
par3-5510,0.0068866466172039,estudo (fora da dobra)
par3-5513,0.9845863580703736,estudo (fora da dobra)
par3-5515,0.0060317609459161,estudo (fora da dobra)
par3-5517,0.9918527007102966,estudo (fora da dobra)
par3-5518,0.4875749349594116,estudo (fora da dobra)
par3-5519,0.0044494313187897,estudo (fora da dobra)
par3-5521,0.0045848125591874,estudo (fora da dobra)
par3-5522,0.0063749360851943,estudo (fora da dobra)
par3-5523,0.010608984157443,estudo (fora da dobra)
par3-5524,0.1072653234004974,estudo (fora da dobra)
par3-5526,0.9884137511253356,estudo (fora da dobra)
par3-5527,0.0047311098314821,estudo (fora da dobra)
par3-5529,0.0055242194794118,estudo (fora da dobra)
par3-5531,0.0155814690515398,estudo (fora da dobra)
par3-5533,0.0062102847732603,estudo (fora da dobra)
par3-5534,0.1044994816184043,estudo (fora da dobra)
par3-5535,0.0042159501463174,estudo (fora da dobra)
par3-5536,0.0070826699957251,estudo (fora da dobra)
par3-5537,0.004997921641916,estudo (fora da dobra)
par3-5538,0.0041372142732143,estudo (fora da dobra)
par3-5541,0.0073403734713792,estudo (fora da dobra)
par3-5542,0.0046977121382951,estudo (fora da dobra)
par3-5543,0.0062464699149131,estudo (fora da dobra)
par3-5544,0.9479160904884338,estudo (fora da dobra)
par3-5546,0.9359423518180848,estudo (fora da dobra)
par3-5547,0.0047483150847256,estudo (fora da dobra)
par3-5548,0.0049665346741676,estudo (fora da dobra)
par3-5550,0.6855509877204895,estudo (fora da dobra)
par3-5551,0.1210550591349601,estudo (fora da dobra)
par3-5552,0.003618259448558,estudo (fora da dobra)
par3-5553,0.9665874242782592,estudo (fora da dobra)
par3-5555,0.9932072758674622,estudo (fora da dobra)
par3-5556,0.0035373631399124,estudo (fora da dobra)
par3-5557,0.0053004915826022,estudo (fora da dobra)
par3-5558,0.9946227073669434,estudo (fora da dobra)
par3-5559,0.0133820101618766,estudo (fora da dobra)
par3-5560,0.0037867813371121,estudo (fora da dobra)
par3-5561,0.0171140562742948,estudo (fora da dobra)
par3-5562,0.0045483582653105,estudo (fora da dobra)
par3-5564,0.0050594531930983,estudo (fora da dobra)
par3-5565,0.0045579262077808,estudo (fora da dobra)
par3-5566,0.0164547115564346,estudo (fora da dobra)
par3-5567,0.9659092426300048,estudo (fora da dobra)
par3-5568,0.006475931033492,estudo (fora da dobra)
par3-5569,0.0042850268073379,estudo (fora da dobra)
par3-5570,0.0051289452239871,estudo (fora da dobra)
par3-5571,0.0613195300102233,estudo (fora da dobra)
par3-5572,0.8831238746643066,estudo (fora da dobra)
par3-5573,0.97101891040802,estudo (fora da dobra)
par3-5574,0.009700090624392,estudo (fora da dobra)
par3-5575,0.0497861355543136,estudo (fora da dobra)
par3-5576,0.0049919397570192,estudo (fora da dobra)
par3-5577,0.0810120105743408,estudo (fora da dobra)
par3-5578,0.9393666386604308,estudo (fora da dobra)
par3-5580,0.0338924266397953,estudo (fora da dobra)
par3-5581,0.0059081385843455,estudo (fora da dobra)
par3-5584,0.1002690270543098,estudo (fora da dobra)
par3-5585,0.0051851631142199,estudo (fora da dobra)
par3-5587,0.1500532329082489,estudo (fora da dobra)
par3-5590,0.0099630709737539,estudo (fora da dobra)
par3-5591,0.0037903285119682,estudo (fora da dobra)
par3-5592,0.0839667320251464,estudo (fora da dobra)
par3-5593,0.0136550050228834,estudo (fora da dobra)
par3-5594,0.9878424406051636,estudo (fora da dobra)
par3-5595,0.5107248425483704,estudo (fora da dobra)
par3-5597,0.0327031500637531,estudo (fora da dobra)
par3-5598,0.0037294109351933,estudo (fora da dobra)
par3-5599,0.0052973972633481,estudo (fora da dobra)
par3-5600,0.3476976752281189,estudo (fora da dobra)
par3-5601,0.0047455737367272,estudo (fora da dobra)
par3-5602,0.0061934096738696,estudo (fora da dobra)
par3-5604,0.0140740117058157,estudo (fora da dobra)
par3-5605,0.0710291191935539,estudo (fora da dobra)
par3-5607,0.0298359766602516,estudo (fora da dobra)
par3-5608,0.00396922044456,estudo (fora da dobra)
par3-5609,0.0758440718054771,estudo (fora da dobra)
par3-5610,0.0966243743896484,estudo (fora da dobra)
par3-5612,0.9915562868118286,estudo (fora da dobra)
par3-5615,0.0058036958798766,estudo (fora da dobra)
par3-5617,0.0044473446905612,estudo (fora da dobra)
par3-5619,0.0105169275775551,estudo (fora da dobra)
par3-5620,0.9671830534934998,estudo (fora da dobra)
par3-5621,0.2414992004632949,estudo (fora da dobra)
par3-5622,0.0037381697911769,estudo (fora da dobra)
par3-5627,0.0051172673702239,estudo (fora da dobra)
par3-5628,0.0055168503895401,estudo (fora da dobra)
par3-5629,0.0032906199339777,estudo (fora da dobra)
par3-5630,0.0034955579321831,estudo (fora da dobra)
par3-5631,0.3017121851444244,estudo (fora da dobra)
par3-5632,0.0063343881629407,estudo (fora da dobra)
par3-5634,0.9873627424240112,estudo (fora da dobra)
par3-5635,0.0057388353161513,estudo (fora da dobra)
par3-5636,0.004280162975192,estudo (fora da dobra)
par3-5637,0.0091793704777956,estudo (fora da dobra)
par3-5639,0.0031705074943602,estudo (fora da dobra)
par3-5641,0.0206626895815134,estudo (fora da dobra)
par3-5642,0.0279374476522207,estudo (fora da dobra)
par3-5645,0.0167738702148199,estudo (fora da dobra)
par3-5646,0.004313254263252,estudo (fora da dobra)
par3-5650,0.0053676017560064,estudo (fora da dobra)
par3-5651,0.4548676908016205,estudo (fora da dobra)
par3-5652,0.0132454000413417,estudo (fora da dobra)
par3-5655,0.0449955388903617,estudo (fora da dobra)
par3-5656,0.0035288571380078,estudo (fora da dobra)
par3-5657,0.9859485626220704,estudo (fora da dobra)
par3-5658,0.0045001143589615,estudo (fora da dobra)
par3-5660,0.0035925593692809,estudo (fora da dobra)
par3-5661,0.0051965685561299,estudo (fora da dobra)
par3-5664,0.5174450874328613,estudo (fora da dobra)
par3-5668,0.0174937341362237,estudo (fora da dobra)
par3-5669,0.0034116893075406,estudo (fora da dobra)
par3-5670,0.0041966564022004,estudo (fora da dobra)
par3-5671,0.9520674347877502,estudo (fora da dobra)
par3-5673,0.0598343424499034,estudo (fora da dobra)
par3-5674,0.003854444483295,estudo (fora da dobra)
par3-5675,0.1511795222759246,estudo (fora da dobra)
par3-5676,0.0074037504382431,estudo (fora da dobra)
par3-5677,0.0046197460032999,estudo (fora da dobra)
par3-5679,0.0033055439125746,estudo (fora da dobra)
par3-5680,0.0281637459993362,estudo (fora da dobra)
par3-5681,0.0254934653639793,estudo (fora da dobra)
par3-5684,0.0045433780178427,estudo (fora da dobra)
par3-5687,0.0047091459855437,estudo (fora da dobra)
par3-5689,0.1119431555271148,estudo (fora da dobra)
par3-5690,0.0102810747921466,estudo (fora da dobra)
par3-5691,0.0048212055116891,estudo (fora da dobra)
par3-5692,0.1046388745307922,estudo (fora da dobra)
par3-5693,0.0036770307924598,estudo (fora da dobra)
par3-5694,0.0038411277346313,estudo (fora da dobra)
par3-5695,0.0035092295147478,estudo (fora da dobra)
par3-5697,0.2823799252510071,estudo (fora da dobra)
par3-5699,0.0036618497688323,estudo (fora da dobra)
par3-5700,0.2548815310001373,estudo (fora da dobra)
par3-5704,0.0052283704280853,estudo (fora da dobra)
par3-5705,0.4871696829795837,estudo (fora da dobra)
par3-5707,0.0398983135819435,estudo (fora da dobra)
par3-5708,0.0092881750315427,estudo (fora da dobra)
par3-5710,0.0054892017506062,estudo (fora da dobra)
par3-5711,0.0040364037267863,estudo (fora da dobra)
par3-5712,0.9942029118537904,estudo (fora da dobra)
par3-5713,0.0034984028898179,estudo (fora da dobra)
par3-5714,0.003841231809929,estudo (fora da dobra)
par3-5715,0.0067363153211772,estudo (fora da dobra)
par3-5716,0.0035118954256176,estudo (fora da dobra)
par3-5717,0.2924444079399109,estudo (fora da dobra)
par3-5719,0.0136835938319563,estudo (fora da dobra)
par3-5720,0.003566124709323,estudo (fora da dobra)
par3-5721,0.0090741962194442,estudo (fora da dobra)
par3-5722,0.0037549324333667,estudo (fora da dobra)
par3-5723,0.2431949228048324,estudo (fora da dobra)
par3-5726,0.0126209734007716,estudo (fora da dobra)
par3-5728,0.0095982905477285,estudo (fora da dobra)
par3-5729,0.0043925973586738,estudo (fora da dobra)
par3-5730,0.1351102143526077,estudo (fora da dobra)
par3-5732,0.0049361721612513,estudo (fora da dobra)
par3-5733,0.0207052417099475,estudo (fora da dobra)
par3-5734,0.0083639370277524,estudo (fora da dobra)
par3-5735,0.0218374580144882,estudo (fora da dobra)
par3-5736,0.0056874086149036,estudo (fora da dobra)
par3-5737,0.9908000826835632,estudo (fora da dobra)
par3-5738,0.9681058526039124,estudo (fora da dobra)
par3-5739,0.0044899038039147,estudo (fora da dobra)
par3-5740,0.0040315794758498,estudo (fora da dobra)
par3-5741,0.0053854691796004,estudo (fora da dobra)
par3-5742,0.0033316083718091,estudo (fora da dobra)
par3-5743,0.0044712079688906,estudo (fora da dobra)
par3-5744,0.3271380066871643,estudo (fora da dobra)
par3-5746,0.5175085067749023,estudo (fora da dobra)
par3-5748,0.0057602380402386,estudo (fora da dobra)
par3-5749,0.0145292002707719,estudo (fora da dobra)
par3-5750,0.005306642036885,estudo (fora da dobra)
par3-5751,0.992649495601654,estudo (fora da dobra)
par3-5752,0.0067020724527537,estudo (fora da dobra)
par3-5754,0.0185148492455482,estudo (fora da dobra)
par3-5755,0.9948914051055908,estudo (fora da dobra)
par3-5756,0.3283188045024872,estudo (fora da dobra)
par3-5760,0.295866459608078,estudo (fora da dobra)
par3-5761,0.0032125741709023,estudo (fora da dobra)
par3-5762,0.0037995474413037,estudo (fora da dobra)
par3-5764,0.985124409198761,estudo (fora da dobra)
par3-5765,0.0054836519993841,estudo (fora da dobra)
par3-5766,0.9874690771102904,estudo (fora da dobra)
par3-5770,0.0107633396983146,estudo (fora da dobra)
par3-5771,0.0050190729089081,estudo (fora da dobra)
par3-5772,0.0266417413949966,estudo (fora da dobra)
par3-5773,0.4311872720718384,estudo (fora da dobra)
par3-5776,0.0044474289752542,estudo (fora da dobra)
par3-5777,0.0052347551099956,estudo (fora da dobra)
par3-5778,0.0038168681785464,estudo (fora da dobra)
par3-5780,0.0035162519197911,estudo (fora da dobra)
par3-5781,0.007844298146665,estudo (fora da dobra)
par3-5782,0.0041290731169283,estudo (fora da dobra)
par3-5783,0.3191125988960266,estudo (fora da dobra)
par3-5785,0.0046903737820684,estudo (fora da dobra)
par3-5787,0.0037388803903013,estudo (fora da dobra)
par3-5788,0.9326860308647156,estudo (fora da dobra)
par3-5791,0.0356251560151577,estudo (fora da dobra)
par3-5793,0.0041589327156543,estudo (fora da dobra)
par3-5794,0.0047776768915355,estudo (fora da dobra)
par3-5795,0.0946434140205383,estudo (fora da dobra)
par3-5796,0.9876002073287964,estudo (fora da dobra)
par3-5797,0.0049602705985307,estudo (fora da dobra)
par3-5798,0.0039235837757587,estudo (fora da dobra)
par3-5799,0.0041744327172636,estudo (fora da dobra)
par3-5800,0.0042311735451221,estudo (fora da dobra)
par3-5801,0.0051256958395242,estudo (fora da dobra)
par3-5802,0.1824760138988495,estudo (fora da dobra)
par3-5803,0.9877365827560424,estudo (fora da dobra)
par3-5804,0.0051610991358757,estudo (fora da dobra)
par3-5806,0.0043825656175613,estudo (fora da dobra)
par3-5807,0.0047836801968514,estudo (fora da dobra)
par3-5809,0.0049755438230931,estudo (fora da dobra)
par3-5810,0.0040361005812883,estudo (fora da dobra)
par3-5811,0.0038190898485481,estudo (fora da dobra)
par3-5812,0.0135337272658944,estudo (fora da dobra)
par3-5813,0.0247722752392292,estudo (fora da dobra)
par3-5814,0.0038390760309994,estudo (fora da dobra)
par3-5815,0.0360559672117233,estudo (fora da dobra)
par3-5816,0.9869012236595154,estudo (fora da dobra)
par3-5817,0.9881799221038818,estudo (fora da dobra)
par3-5819,0.0148638244718313,estudo (fora da dobra)
par3-5821,0.0036092319060117,estudo (fora da dobra)
par3-5822,0.0333653949201107,estudo (fora da dobra)
par3-5823,0.2061468809843063,estudo (fora da dobra)
par3-5824,0.0038106525316834,estudo (fora da dobra)
par3-5825,0.0069979075342416,estudo (fora da dobra)
par3-5828,0.0743097215890884,estudo (fora da dobra)
par3-5829,0.0047992649488151,estudo (fora da dobra)
par3-5831,0.0042333337478339,estudo (fora da dobra)
par3-5833,0.0220195390284061,estudo (fora da dobra)
par3-5835,0.0087317572906613,estudo (fora da dobra)
par3-5837,0.0064216316677629,estudo (fora da dobra)
par3-5838,0.9557139277458192,estudo (fora da dobra)
par3-5839,0.1102610081434249,estudo (fora da dobra)
par3-5840,0.9889426231384276,estudo (fora da dobra)
par3-5841,0.0075835799798369,estudo (fora da dobra)
par3-5843,0.004818033427,estudo (fora da dobra)
par3-5844,0.989307940006256,estudo (fora da dobra)
par3-5845,0.2526215016841888,estudo (fora da dobra)
par3-5846,0.0037655248306691,estudo (fora da dobra)
par3-5847,0.0051248278468847,estudo (fora da dobra)
par3-5848,0.2197727411985397,estudo (fora da dobra)
par3-5849,0.0538433194160461,estudo (fora da dobra)
par3-5850,0.2595640122890472,estudo (fora da dobra)
par3-5851,0.0054194047115743,estudo (fora da dobra)
par3-5852,0.0071079959161579,estudo (fora da dobra)
par3-5853,0.0035819001495838,estudo (fora da dobra)
par3-5854,0.0091646630316972,estudo (fora da dobra)
par3-5856,0.1129254549741745,estudo (fora da dobra)
par3-5857,0.9794999361038208,estudo (fora da dobra)
par3-5858,0.0032841206993907,estudo (fora da dobra)
par3-5859,0.002994175069034,estudo (fora da dobra)
par3-5860,0.9434643983840942,estudo (fora da dobra)
par3-5861,0.9938408136367798,estudo (fora da dobra)
par3-5862,0.0036612167023122,estudo (fora da dobra)
par3-5863,0.013221968896687,estudo (fora da dobra)
par3-5864,0.0086162649095058,estudo (fora da dobra)
par3-5865,0.0101424967870116,estudo (fora da dobra)
par3-5867,0.0076519115827977,estudo (fora da dobra)
par3-5868,0.0156413149088621,estudo (fora da dobra)
par3-5869,0.003830115776509,estudo (fora da dobra)
par3-5870,0.0047268369235098,estudo (fora da dobra)
par3-5872,0.079302079975605,estudo (fora da dobra)
par3-5873,0.008564899675548,estudo (fora da dobra)
par3-5874,0.9534808397293092,estudo (fora da dobra)
par3-5876,0.687231183052063,estudo (fora da dobra)
par3-5878,0.0786835253238678,estudo (fora da dobra)
par3-5879,0.0537362396717071,estudo (fora da dobra)
par3-5880,0.1376508474349975,estudo (fora da dobra)
par3-5881,0.0034086506348103,estudo (fora da dobra)
par3-5882,0.0033106363844126,estudo (fora da dobra)
par3-5886,0.0103742899373173,estudo (fora da dobra)
par3-5887,0.0033259002957493,estudo (fora da dobra)
par3-5888,0.0034070913679897,estudo (fora da dobra)
par3-5889,0.0061762845143675,estudo (fora da dobra)
par3-5892,0.5878668427467346,estudo (fora da dobra)
par3-5894,0.0036901487037539,estudo (fora da dobra)
par3-5895,0.004886214621365,estudo (fora da dobra)
par3-5896,0.0464532040059566,estudo (fora da dobra)
par3-5897,0.0227521192282438,estudo (fora da dobra)
par3-5899,0.0765974000096321,estudo (fora da dobra)
par3-5900,0.0051590800285339,estudo (fora da dobra)
par3-5901,0.9948082566261292,estudo (fora da dobra)
par3-5903,0.0046766903251409,estudo (fora da dobra)
par3-5904,0.0048382482491433,estudo (fora da dobra)
par3-5906,0.0034237368963658,estudo (fora da dobra)
par3-5907,0.0030524022877216,estudo (fora da dobra)
par3-5908,0.9485092163085938,estudo (fora da dobra)
par3-5909,0.0035863872617483,estudo (fora da dobra)
par3-5910,0.0049862521700561,estudo (fora da dobra)
par3-5913,0.0059545254334807,estudo (fora da dobra)
par3-5914,0.0034477254375815,estudo (fora da dobra)
par3-5915,0.0057749105617403,estudo (fora da dobra)
par3-5916,0.1772120594978332,estudo (fora da dobra)
par3-5917,0.0032476796768605,estudo (fora da dobra)
par3-5918,0.0820864140987396,estudo (fora da dobra)
par3-5919,0.0122161917388439,estudo (fora da dobra)
par3-5920,0.0048761973157525,estudo (fora da dobra)
par3-5921,0.0031004010234028,estudo (fora da dobra)
par3-5922,0.0040788524784147,estudo (fora da dobra)
par3-5923,0.0043717618100345,estudo (fora da dobra)
par3-5924,0.0402086451649665,estudo (fora da dobra)
par3-5926,0.0039790878072381,estudo (fora da dobra)
par3-5927,0.9898096323013306,estudo (fora da dobra)
par3-5928,0.0122659355401992,estudo (fora da dobra)
par3-5929,0.0042138728313148,estudo (fora da dobra)
par3-5930,0.0058800708502531,estudo (fora da dobra)
par3-5931,0.004173822235316,estudo (fora da dobra)
par3-5932,0.0033198110759258,estudo (fora da dobra)
par3-5933,0.0028445511125028,estudo (fora da dobra)
par3-5935,0.0629811510443687,estudo (fora da dobra)
par3-5936,0.0083458945155143,estudo (fora da dobra)
par3-5937,0.3359191119670868,estudo (fora da dobra)
par3-5938,0.4117260277271271,estudo (fora da dobra)
par3-5940,0.0031562123913317,estudo (fora da dobra)
par3-5941,0.6939946413040161,estudo (fora da dobra)
par3-5944,0.0120727531611919,estudo (fora da dobra)
par3-5945,0.5289043188095093,estudo (fora da dobra)
par3-5946,0.004552689846605,estudo (fora da dobra)
par3-5947,0.0050796922296285,estudo (fora da dobra)
par3-5950,0.0270326379686594,estudo (fora da dobra)
par3-5951,0.0052035492844879,estudo (fora da dobra)
par3-5952,0.0263698864728212,estudo (fora da dobra)
par3-5953,0.0035323549527674,estudo (fora da dobra)
par3-5954,0.131871297955513,estudo (fora da dobra)
par3-5955,0.0032926022540777,estudo (fora da dobra)
par3-5956,0.0034936952870339,estudo (fora da dobra)
par3-5957,0.9453193545341492,estudo (fora da dobra)
par3-5958,0.0041895946487784,estudo (fora da dobra)
par3-5960,0.0067377798259258,estudo (fora da dobra)
par3-5961,0.0032449301797896,estudo (fora da dobra)
par3-5962,0.0086161261424422,estudo (fora da dobra)
par3-5963,0.0035988017916679,estudo (fora da dobra)
par3-5965,0.0063576311804354,estudo (fora da dobra)
par3-5966,0.0048059923574328,estudo (fora da dobra)
par3-5967,0.0049921409226953,estudo (fora da dobra)
par3-5968,0.1161190941929817,estudo (fora da dobra)
par3-5970,0.0051652383990585,estudo (fora da dobra)
par3-5971,0.00566210411489,estudo (fora da dobra)
par3-5972,0.8674747347831726,estudo (fora da dobra)
par3-5973,0.0045063882134854,estudo (fora da dobra)
par3-5977,0.0067366380244493,estudo (fora da dobra)
par3-5978,0.0051511540077626,estudo (fora da dobra)
par3-5981,0.0060418494977056,estudo (fora da dobra)
par3-5982,0.0045068715699017,estudo (fora da dobra)
par3-5983,0.0036642968188971,estudo (fora da dobra)
par3-5984,0.9855952262878418,estudo (fora da dobra)
par3-5985,0.0101551776751875,estudo (fora da dobra)
par3-5987,0.0047007137909531,estudo (fora da dobra)
par3-5989,0.0206923820078372,estudo (fora da dobra)
par3-5990,0.0060384599491953,estudo (fora da dobra)
par3-5991,0.5846250057220459,estudo (fora da dobra)
par3-5992,0.0044436855241656,estudo (fora da dobra)
par3-5993,0.0077018900774419,estudo (fora da dobra)
par3-5994,0.8523905277252197,estudo (fora da dobra)
par3-5995,0.0049576847814023,estudo (fora da dobra)
par3-5998,0.0040671676397323,estudo (fora da dobra)
par3-5999,0.0044845002703368,estudo (fora da dobra)
par3-6000,0.994761049747467,estudo (fora da dobra)
par3-6001,0.196152001619339,estudo (fora da dobra)
par3-6002,0.0043093464337289,estudo (fora da dobra)
par3-6003,0.0174329187721014,estudo (fora da dobra)
par3-6004,0.0078705120831727,estudo (fora da dobra)
par3-6005,0.0471289306879043,estudo (fora da dobra)
par3-6007,0.1175571307539939,estudo (fora da dobra)
par3-6008,0.0044231256470084,estudo (fora da dobra)
par3-6009,0.003756966209039,estudo (fora da dobra)
par3-6010,0.0064732250757515,estudo (fora da dobra)
par3-6013,0.0035671717487275,estudo (fora da dobra)
par3-6014,0.0085897976532578,estudo (fora da dobra)
par3-6015,0.004215067718178,estudo (fora da dobra)
par3-6016,0.1054551899433136,estudo (fora da dobra)
par3-6017,0.0039913547225296,estudo (fora da dobra)
par3-6018,0.0055889841169118,estudo (fora da dobra)
par3-6019,0.0073911310173571,estudo (fora da dobra)
par3-6020,0.0681253969669342,estudo (fora da dobra)
par3-6022,0.003975159022957,estudo (fora da dobra)
par3-6023,0.1396921426057815,estudo (fora da dobra)
par3-6025,0.0061429580673575,estudo (fora da dobra)
par3-6026,0.0254439990967512,estudo (fora da dobra)
par3-6027,0.0039707589894533,estudo (fora da dobra)
par3-6028,0.0043272390030324,estudo (fora da dobra)
par3-6029,0.0035924043040722,estudo (fora da dobra)
par3-6030,0.044959008693695,estudo (fora da dobra)
par3-6031,0.9682640433311462,estudo (fora da dobra)
par3-6032,0.0108284447342157,estudo (fora da dobra)
par3-6033,0.4861018359661102,estudo (fora da dobra)
par3-6034,0.0092959627509117,estudo (fora da dobra)
par3-6035,0.0031852289102971,estudo (fora da dobra)
par3-6036,0.1842775195837021,estudo (fora da dobra)
par3-6037,0.4862680435180664,estudo (fora da dobra)
par3-6038,0.0036699117626994,estudo (fora da dobra)
par3-6039,0.0042719710618257,estudo (fora da dobra)
par3-6040,0.0046180384233593,estudo (fora da dobra)
par3-6041,0.0264738593250513,estudo (fora da dobra)
par3-6043,0.0073478226549923,estudo (fora da dobra)
par3-6045,0.9463225603103638,estudo (fora da dobra)
par3-6047,0.0034403067547827,estudo (fora da dobra)
par3-6048,0.003706976538524,estudo (fora da dobra)
par3-6050,0.9885685443878174,estudo (fora da dobra)
par3-6051,0.0061402283608913,estudo (fora da dobra)
par3-6052,0.0213709753006696,estudo (fora da dobra)
par3-6053,0.9790940880775452,estudo (fora da dobra)
par3-6054,0.0990553051233291,estudo (fora da dobra)
par3-6056,0.9868332743644714,estudo (fora da dobra)
par3-6057,0.0055776084773242,estudo (fora da dobra)
par3-6059,0.9777877330780028,estudo (fora da dobra)
par3-6060,0.0039484039880335,estudo (fora da dobra)
par3-6062,0.0034548789262771,estudo (fora da dobra)
par3-6064,0.0042137647978961,estudo (fora da dobra)
par3-6065,0.9147992134094238,estudo (fora da dobra)
par3-6066,0.0075165126472711,estudo (fora da dobra)
par3-6067,0.0037059921305626,estudo (fora da dobra)
par3-6068,0.00461584655568,estudo (fora da dobra)
par3-6069,0.0063893110491335,estudo (fora da dobra)
par3-6070,0.005260550417006,estudo (fora da dobra)
par3-6071,0.0037126974202692,estudo (fora da dobra)
par3-6072,0.0045389938168227,estudo (fora da dobra)
par3-6073,0.8208919763565063,estudo (fora da dobra)
par3-6074,0.0942979454994201,estudo (fora da dobra)
par3-6075,0.0066921948455274,estudo (fora da dobra)
par3-6076,0.0045716981403529,estudo (fora da dobra)
par3-6077,0.0098503176122903,estudo (fora da dobra)
par3-6078,0.003867303719744,estudo (fora da dobra)
par3-6079,0.0033534436952322,estudo (fora da dobra)
par3-6080,0.0034687961451709,estudo (fora da dobra)
par3-6081,0.0034320447593927,estudo (fora da dobra)
par3-6083,0.030791176483035,estudo (fora da dobra)
par3-6085,0.0538800805807113,estudo (fora da dobra)
par3-6086,0.0045227627269923,estudo (fora da dobra)
par3-6089,0.96346253156662,estudo (fora da dobra)
par3-6090,0.0432184189558029,estudo (fora da dobra)
par3-6091,0.0039438907988369,estudo (fora da dobra)
par3-6093,0.006327164825052,estudo (fora da dobra)
par3-6095,0.0029629287309944,estudo (fora da dobra)
par3-6096,0.0075869862921535,estudo (fora da dobra)
par3-6098,0.0040531866252422,estudo (fora da dobra)
par3-6099,0.0081477593630552,estudo (fora da dobra)
par3-6100,0.0036277575418353,estudo (fora da dobra)
par3-6101,0.004585959482938,estudo (fora da dobra)
par3-6102,0.0031305905431509,estudo (fora da dobra)
par3-6103,0.409656286239624,estudo (fora da dobra)
par3-6106,0.0048160129226744,estudo (fora da dobra)
par3-6107,0.0043412009254097,estudo (fora da dobra)
par3-6108,0.0101673491299152,estudo (fora da dobra)
par3-6112,0.7663710117340088,estudo (fora da dobra)
par3-6113,0.0331715196371078,estudo (fora da dobra)
par3-6114,0.0032594799995422,estudo (fora da dobra)
par3-6116,0.7825886011123657,estudo (fora da dobra)
par3-6117,0.6039422154426575,estudo (fora da dobra)
par3-6120,0.2355983704328537,estudo (fora da dobra)
par3-6121,0.0050545348785817,estudo (fora da dobra)
par3-6123,0.0046680774539709,estudo (fora da dobra)
par3-6125,0.0154385631904006,estudo (fora da dobra)
par3-6126,0.0043059047311544,estudo (fora da dobra)
par3-6127,0.0088643804192543,estudo (fora da dobra)
par3-6128,0.0050069787539541,estudo (fora da dobra)
par3-6130,0.0709308758378028,estudo (fora da dobra)
par3-6131,0.0038226549513638,estudo (fora da dobra)
par3-6133,0.0051827086135745,estudo (fora da dobra)
par3-6134,0.0105827096849679,estudo (fora da dobra)
par3-6137,0.9635945558547974,estudo (fora da dobra)
par3-6138,0.016822800040245,estudo (fora da dobra)
par3-6140,0.1580076366662979,estudo (fora da dobra)
par3-6141,0.0065674660727381,estudo (fora da dobra)
par3-6142,0.1454549431800842,estudo (fora da dobra)
par3-6144,0.0045630889944732,estudo (fora da dobra)
par3-6146,0.0108373807743191,estudo (fora da dobra)
par3-6147,0.799381673336029,estudo (fora da dobra)
par3-6149,0.6852985620498657,estudo (fora da dobra)
par3-6151,0.0053541790693998,estudo (fora da dobra)
par3-6152,0.0171945001929998,estudo (fora da dobra)
par3-6153,0.969702124595642,estudo (fora da dobra)
par3-6154,0.0098143201321363,estudo (fora da dobra)
par3-6155,0.0038910636212676,estudo (fora da dobra)
par3-6156,0.0503673739731311,estudo (fora da dobra)
par3-6157,0.9759244322776794,estudo (fora da dobra)
par3-6158,0.0035414819139987,estudo (fora da dobra)
par3-6159,0.0114868944510817,estudo (fora da dobra)
par3-6160,0.0036980917211622,estudo (fora da dobra)
par3-6162,0.0039306003600358,estudo (fora da dobra)
par3-6163,0.0346905104815959,estudo (fora da dobra)
par3-6164,0.004740014206618,estudo (fora da dobra)
par3-6165,0.0091695878654718,estudo (fora da dobra)
par3-6166,0.015443000011146,estudo (fora da dobra)
par3-6167,0.0231367386877536,estudo (fora da dobra)
par3-6168,0.0045674727298319,estudo (fora da dobra)
par3-6169,0.0133204087615013,estudo (fora da dobra)
par3-6170,0.0046529388055205,estudo (fora da dobra)
par3-6172,0.0075943749397993,estudo (fora da dobra)
par3-6175,0.0069437455385923,estudo (fora da dobra)
par3-6176,0.0040628570131957,estudo (fora da dobra)
par3-6177,0.0074392231181263,estudo (fora da dobra)
par3-6178,0.0066527305170893,estudo (fora da dobra)
par3-6180,0.0041719935834407,estudo (fora da dobra)
par3-6181,0.0038488807622343,estudo (fora da dobra)
par3-6182,0.0034229315351694,estudo (fora da dobra)
par3-6183,0.0056313117966055,estudo (fora da dobra)
par3-6185,0.0415880903601646,estudo (fora da dobra)
par3-6186,0.0053524961695075,estudo (fora da dobra)
par3-6188,0.0038443552330136,estudo (fora da dobra)
par3-6192,0.0055951918475329,estudo (fora da dobra)
par3-6193,0.0288041140884161,estudo (fora da dobra)
par3-6194,0.0046472530812025,estudo (fora da dobra)
par3-6195,0.0029571012128144,estudo (fora da dobra)
par3-6198,0.0044311201199889,estudo (fora da dobra)
par3-6202,0.0039076842367649,estudo (fora da dobra)
par3-6206,0.9818798303604126,estudo (fora da dobra)
par3-6207,0.0138659430667757,estudo (fora da dobra)
par3-6208,0.0042981654405593,estudo (fora da dobra)
par3-6210,0.5898943543434143,estudo (fora da dobra)
par3-6212,0.0044328537769615,estudo (fora da dobra)
par3-6213,0.9722299575805664,estudo (fora da dobra)
par3-6214,0.0737839639186859,estudo (fora da dobra)
par3-6215,0.0123027674853801,estudo (fora da dobra)
par3-6218,0.1974851936101913,estudo (fora da dobra)
par3-6220,0.0904274880886077,estudo (fora da dobra)
par3-6221,0.0132226161658763,estudo (fora da dobra)
par3-6222,0.9646444320678712,estudo (fora da dobra)
par3-6223,0.0109647931531071,estudo (fora da dobra)
par3-6224,0.0036346276756376,estudo (fora da dobra)
par3-6226,0.0038532908074557,estudo (fora da dobra)
par3-6227,0.0045445668511092,estudo (fora da dobra)
par3-6230,0.0034463021438568,estudo (fora da dobra)
par3-6232,0.0054936911910772,estudo (fora da dobra)
par3-6233,0.0040453057736158,estudo (fora da dobra)
par3-6235,0.0803936496376991,estudo (fora da dobra)
par3-6236,0.0298193991184234,estudo (fora da dobra)
par3-6237,0.0059215407818555,estudo (fora da dobra)
par3-6239,0.2941033542156219,estudo (fora da dobra)
par3-6240,0.0053683626465499,estudo (fora da dobra)
par3-6241,0.0071878815069794,estudo (fora da dobra)
par3-6242,0.7365971803665161,estudo (fora da dobra)
par3-6243,0.004000243730843,estudo (fora da dobra)
par3-6245,0.0037488972302526,estudo (fora da dobra)
par3-6246,0.0040601277723908,estudo (fora da dobra)
par3-6247,0.0033739209175109,estudo (fora da dobra)
par3-6249,0.0315025746822357,estudo (fora da dobra)
par3-6252,0.0157075561583042,estudo (fora da dobra)
par3-6253,0.491312563419342,estudo (fora da dobra)
par3-6254,0.0534719750285148,estudo (fora da dobra)
par3-6255,0.0056198691017925,estudo (fora da dobra)
par3-6256,0.0346075184643268,estudo (fora da dobra)
par3-6257,0.8345016837120056,estudo (fora da dobra)
par3-6258,0.004005987662822,estudo (fora da dobra)
par3-6260,0.0619380213320255,estudo (fora da dobra)
par3-6261,0.0109102800488471,estudo (fora da dobra)
par3-6262,0.0109796123579144,estudo (fora da dobra)
par3-6263,0.0050985771231353,estudo (fora da dobra)
par3-6264,0.0044547510333359,estudo (fora da dobra)
par3-6266,0.0199389979243278,estudo (fora da dobra)
par3-6268,0.0193702690303325,estudo (fora da dobra)
par3-6270,0.004315732512623,estudo (fora da dobra)
par3-6272,0.8601934313774109,estudo (fora da dobra)
par3-6274,0.0056969812139868,estudo (fora da dobra)
par3-6275,0.0089349057525396,estudo (fora da dobra)
par3-6277,0.0080726910382509,estudo (fora da dobra)
par3-6278,0.987622082233429,estudo (fora da dobra)
par3-6279,0.0552852787077426,estudo (fora da dobra)
par3-6280,0.9907032251358032,estudo (fora da dobra)
par3-6282,0.0039493083022534,estudo (fora da dobra)
par3-6283,0.0042817359790205,estudo (fora da dobra)
par3-6284,0.0051618730649352,estudo (fora da dobra)
par3-6285,0.6199235320091248,estudo (fora da dobra)
par3-6286,0.0058098044246435,estudo (fora da dobra)
par3-6287,0.0242930948734283,estudo (fora da dobra)
par3-6289,0.1396972984075546,estudo (fora da dobra)
par3-6290,0.389131486415863,estudo (fora da dobra)
par3-6292,0.0155334575101733,estudo (fora da dobra)
par3-6293,0.0053271646611392,estudo (fora da dobra)
par3-6295,0.8858450651168823,estudo (fora da dobra)
par3-6296,0.0077763926237821,estudo (fora da dobra)
par3-6297,0.005087127443403,estudo (fora da dobra)
par3-6298,0.0082800006493926,estudo (fora da dobra)
par3-6299,0.0059329136274755,estudo (fora da dobra)
par3-6300,0.0044988729059696,estudo (fora da dobra)
par3-6301,0.0044149188324809,estudo (fora da dobra)
par3-6302,0.6300947666168213,estudo (fora da dobra)
par3-6304,0.0303085725754499,estudo (fora da dobra)
par3-6305,0.006184303201735,estudo (fora da dobra)
par3-6306,0.0044456394389271,estudo (fora da dobra)
par3-6307,0.0033150417730212,estudo (fora da dobra)
par3-6310,0.0035303661134094,estudo (fora da dobra)
par3-6311,0.0172878410667181,estudo (fora da dobra)
par3-6312,0.9877215027809144,estudo (fora da dobra)
par3-6313,0.0043655624613165,estudo (fora da dobra)
par3-6314,0.0039155264385044,estudo (fora da dobra)
par3-6315,0.5133818984031677,estudo (fora da dobra)
par3-6316,0.0045442432165145,estudo (fora da dobra)
par3-6317,0.207996979355812,estudo (fora da dobra)
par3-6318,0.3832743763923645,estudo (fora da dobra)
par3-6319,0.0777317062020301,estudo (fora da dobra)
par3-6320,0.0038769834209233,estudo (fora da dobra)
par3-6321,0.0232764985412359,estudo (fora da dobra)
par3-6323,0.2709173858165741,estudo (fora da dobra)
par3-6325,0.003890806576237,estudo (fora da dobra)
par3-6326,0.0042041055858135,estudo (fora da dobra)
par3-6328,0.0525632612407207,estudo (fora da dobra)
par3-6329,0.0057357889600098,estudo (fora da dobra)
par3-6330,0.1543127447366714,estudo (fora da dobra)
par3-6331,0.0034060114994645,estudo (fora da dobra)
par3-6332,0.0044483542442321,estudo (fora da dobra)
par3-6333,0.1329685747623443,estudo (fora da dobra)
par3-6336,0.0041138269007205,estudo (fora da dobra)
par3-6337,0.0057895760983228,estudo (fora da dobra)
par3-6339,0.0034430725499987,estudo (fora da dobra)
par3-6341,0.982003390789032,estudo (fora da dobra)
par3-6342,0.0046535679139196,estudo (fora da dobra)
par3-6343,0.0076647181995213,estudo (fora da dobra)
par3-6344,0.0168479792773723,estudo (fora da dobra)
par3-6345,0.0033256791066378,estudo (fora da dobra)
par3-6347,0.1093339473009109,estudo (fora da dobra)
par3-6348,0.9524285793304444,estudo (fora da dobra)
par3-6349,0.0254761986434459,estudo (fora da dobra)
par3-6350,0.0052403770387172,estudo (fora da dobra)
par3-6351,0.0074258702807128,estudo (fora da dobra)
par3-6353,0.9890830516815186,estudo (fora da dobra)
par3-6354,0.017229264602065,estudo (fora da dobra)
par3-6355,0.0075671039521694,estudo (fora da dobra)
par3-6356,0.0043910979293286,estudo (fora da dobra)
par3-6357,0.5442821383476257,estudo (fora da dobra)
par3-6358,0.0074989567510783,estudo (fora da dobra)
par3-6361,0.0192583948373794,estudo (fora da dobra)
par3-6363,0.0136810913681983,estudo (fora da dobra)
par3-6364,0.0067828255705535,estudo (fora da dobra)
par3-6365,0.0039884462021291,estudo (fora da dobra)
par3-6366,0.0071694678626954,estudo (fora da dobra)
par3-6367,0.9868462681770324,estudo (fora da dobra)
par3-6369,0.0039111990481615,estudo (fora da dobra)
par3-6370,0.0047959042713046,estudo (fora da dobra)
par3-6372,0.0049126497469842,estudo (fora da dobra)
par3-6373,0.005308658350259,estudo (fora da dobra)
par3-6377,0.005521907005459,estudo (fora da dobra)
par3-6381,0.0035880268551409,estudo (fora da dobra)
par3-6383,0.0037569485139101,estudo (fora da dobra)
par3-6384,0.0991007387638092,estudo (fora da dobra)
par3-6385,0.0042937472462654,estudo (fora da dobra)
par3-6387,0.0068697449751198,estudo (fora da dobra)
par3-6390,0.7175455093383789,estudo (fora da dobra)
par3-6392,0.0609006471931934,estudo (fora da dobra)
par3-6393,0.0621942691504955,estudo (fora da dobra)
par3-6396,0.0039873532950878,estudo (fora da dobra)
par3-6397,0.0580195263028144,estudo (fora da dobra)
par3-6398,0.0058171050623059,estudo (fora da dobra)
par3-6399,0.0051441504620015,estudo (fora da dobra)
par3-6400,0.9554986953735352,estudo (fora da dobra)
par3-6401,0.9910460114479064,estudo (fora da dobra)
par3-6402,0.0045094331726431,estudo (fora da dobra)
par3-6403,0.0033976647537201,estudo (fora da dobra)
par3-6404,0.0050346059724688,estudo (fora da dobra)
par3-6405,0.012916125357151,estudo (fora da dobra)
par3-6407,0.0576675496995449,estudo (fora da dobra)
par3-6408,0.0034799268469214,estudo (fora da dobra)
par3-6409,0.0043294997885823,estudo (fora da dobra)
par3-6410,0.0060323728248476,estudo (fora da dobra)
par3-6412,0.0076036532409489,estudo (fora da dobra)
par3-6413,0.0060882754623889,estudo (fora da dobra)
par3-6414,0.0851016417145729,estudo (fora da dobra)
par3-6415,0.0037963991053402,estudo (fora da dobra)
par3-6416,0.0223908610641956,estudo (fora da dobra)
par3-6417,0.0112949889153242,estudo (fora da dobra)
par3-6418,0.0043136393651366,estudo (fora da dobra)
par3-6419,0.0081063490360975,estudo (fora da dobra)
par3-6420,0.0036662872880697,estudo (fora da dobra)
par3-6421,0.9941554069519044,estudo (fora da dobra)
par3-6422,0.0064963432960212,estudo (fora da dobra)
par3-6423,0.0051751174032688,estudo (fora da dobra)
par3-6424,0.0067559396848082,estudo (fora da dobra)
par3-6425,0.0057560829445719,estudo (fora da dobra)
par3-6426,0.9736362099647522,estudo (fora da dobra)
par3-6428,0.0048179375007748,estudo (fora da dobra)
par3-6430,0.9939684867858888,estudo (fora da dobra)
par3-6431,0.0055078603327274,estudo (fora da dobra)
par3-6432,0.0034877636935561,estudo (fora da dobra)
par3-6433,0.9885051846504213,estudo (fora da dobra)
par3-6435,0.1633572876453399,estudo (fora da dobra)
par3-6438,0.0050706104375422,estudo (fora da dobra)
par3-6439,0.0048158480785787,estudo (fora da dobra)
par3-6441,0.0034134306479245,estudo (fora da dobra)
par3-6442,0.9905105233192444,estudo (fora da dobra)
par3-6445,0.0205054357647895,estudo (fora da dobra)
par3-6446,0.003775811754167,estudo (fora da dobra)
par3-6447,0.0041679814457893,estudo (fora da dobra)
par3-6448,0.0041431947611272,estudo (fora da dobra)
par3-6449,0.0047814603894948,estudo (fora da dobra)
par3-6450,0.017586313188076,estudo (fora da dobra)
par3-6452,0.0376743674278259,estudo (fora da dobra)
par3-6454,0.0077234436757862,estudo (fora da dobra)
par3-6455,0.0067720627412199,estudo (fora da dobra)
par3-6456,0.0043490561656653,estudo (fora da dobra)
par3-6457,0.0038819180335849,estudo (fora da dobra)
par3-6458,0.9852458834648132,estudo (fora da dobra)
par3-6459,0.0671519711613655,estudo (fora da dobra)
par3-6460,0.0052591008134186,estudo (fora da dobra)
par3-6461,0.0137696657329797,estudo (fora da dobra)
par3-6462,0.0034321537241339,estudo (fora da dobra)
par3-6463,0.0055661862716078,estudo (fora da dobra)
par3-6464,0.0120628559961915,estudo (fora da dobra)
par3-6465,0.1968424767255783,estudo (fora da dobra)
par3-6466,0.005018956027925,estudo (fora da dobra)
par3-6468,0.0040199267677962,estudo (fora da dobra)
par3-6470,0.0039253733120858,estudo (fora da dobra)
par3-6472,0.0046708118170499,estudo (fora da dobra)
par3-6473,0.0039408821612596,estudo (fora da dobra)
par3-6474,0.1381919533014297,estudo (fora da dobra)
par3-6475,0.0154573619365692,estudo (fora da dobra)
par3-6476,0.0053798933513462,estudo (fora da dobra)
par3-6477,0.0087740933522582,estudo (fora da dobra)
par3-6478,0.4164948463439941,estudo (fora da dobra)
par3-6479,0.2642789483070373,estudo (fora da dobra)
par3-6480,0.1696952283382415,estudo (fora da dobra)
par3-6481,0.0040307007730007,estudo (fora da dobra)
par3-6483,0.1315075308084488,estudo (fora da dobra)
par3-6486,0.1161358281970024,estudo (fora da dobra)
par3-6487,0.0047508464194834,estudo (fora da dobra)
par3-6488,0.0062706130556762,estudo (fora da dobra)
par3-6492,0.0034470178652554,estudo (fora da dobra)
par3-6494,0.0056187841109931,estudo (fora da dobra)
par3-6496,0.0037967346142977,estudo (fora da dobra)
par3-6497,0.8697189688682556,estudo (fora da dobra)
par3-6498,0.0050118174403905,estudo (fora da dobra)
par3-6499,0.0114316940307617,estudo (fora da dobra)
par3-6502,0.9940525889396667,estudo (fora da dobra)
par3-6503,0.2850751280784607,estudo (fora da dobra)
par3-6505,0.0043980367481708,estudo (fora da dobra)
par3-6506,0.9796903133392334,estudo (fora da dobra)
par3-6507,0.0077186073176562,estudo (fora da dobra)
par3-6508,0.0043672434985637,estudo (fora da dobra)
par3-6511,0.1434507071971893,estudo (fora da dobra)
par3-6512,0.0446333885192871,estudo (fora da dobra)
par3-6514,0.0129413669928908,estudo (fora da dobra)
par3-6515,0.0061455955728888,estudo (fora da dobra)
par3-6516,0.0042636101134121,estudo (fora da dobra)
par3-6517,0.986125648021698,estudo (fora da dobra)
par3-6518,0.0035021987278014,estudo (fora da dobra)
par3-6519,0.0055796955712139,estudo (fora da dobra)
par3-6520,0.0035248501226305,estudo (fora da dobra)
par3-6522,0.6859496235847473,estudo (fora da dobra)
par3-6523,0.0549664348363876,estudo (fora da dobra)
par3-6524,0.0063511906191706,estudo (fora da dobra)
par3-6525,0.0481732375919818,estudo (fora da dobra)
par3-6526,0.003769394243136,estudo (fora da dobra)
par3-6527,0.0143666006624698,estudo (fora da dobra)
par3-6528,0.0573210343718528,estudo (fora da dobra)
par3-6529,0.0293003153055906,estudo (fora da dobra)
par3-6530,0.0065968236885964,estudo (fora da dobra)
par3-6531,0.9778517484664916,estudo (fora da dobra)
par3-6532,0.0042174058035016,estudo (fora da dobra)
par3-6535,0.1525923609733581,estudo (fora da dobra)
par3-6536,0.0075886878184974,estudo (fora da dobra)
par3-6537,0.0065718567930161,estudo (fora da dobra)
par3-6538,0.0039823399856686,estudo (fora da dobra)
par3-6540,0.0060345972888171,estudo (fora da dobra)
par3-6542,0.0047435672022402,estudo (fora da dobra)
par3-6543,0.3762187659740448,estudo (fora da dobra)
par3-6544,0.0148732038214802,estudo (fora da dobra)
par3-6546,0.3000281155109405,estudo (fora da dobra)
par3-6547,0.0321825370192527,estudo (fora da dobra)
par3-6548,0.0039563747122883,estudo (fora da dobra)
par3-6550,0.7189161777496338,estudo (fora da dobra)
par3-6551,0.0192097667604684,estudo (fora da dobra)
par3-6552,0.0361603461205959,estudo (fora da dobra)
par3-6555,0.0045214896090328,estudo (fora da dobra)
par3-6556,0.0110146608203649,estudo (fora da dobra)
par3-6557,0.0033418664243072,estudo (fora da dobra)
par3-6558,0.0062247137539088,estudo (fora da dobra)
par3-6559,0.299742728471756,estudo (fora da dobra)
par3-6560,0.9913480877876282,estudo (fora da dobra)
par3-6561,0.0056929718703031,estudo (fora da dobra)
par3-6563,0.9944063425064088,estudo (fora da dobra)
par3-6565,0.011919418349862,estudo (fora da dobra)
par3-6568,0.190274566411972,estudo (fora da dobra)
par3-6569,0.9268251061439514,estudo (fora da dobra)
par3-6570,0.0327556394040584,estudo (fora da dobra)
par3-6572,0.9769853353500366,estudo (fora da dobra)
par3-6573,0.2659144699573517,estudo (fora da dobra)
par3-6574,0.9738734364509584,estudo (fora da dobra)
par3-6575,0.0036020947154611,estudo (fora da dobra)
par3-6576,0.2438832372426986,estudo (fora da dobra)
par3-6577,0.0176441669464111,estudo (fora da dobra)
par3-6578,0.0032616930548101,estudo (fora da dobra)
par3-6579,0.5846300721168518,estudo (fora da dobra)
par3-6580,0.0228053033351898,estudo (fora da dobra)
par3-6581,0.498738020658493,estudo (fora da dobra)
par3-6583,0.0036928127519786,estudo (fora da dobra)
par3-6584,0.954869508743286,estudo (fora da dobra)
par3-6585,0.9632428884506226,estudo (fora da dobra)
par3-6587,0.0042286668904125,estudo (fora da dobra)
par3-6588,0.3148408234119415,estudo (fora da dobra)
par3-6589,0.0118541875854134,estudo (fora da dobra)
par3-6590,0.0038136404473334,estudo (fora da dobra)
par3-6591,0.8525897264480591,estudo (fora da dobra)
par3-6592,0.0195220410823822,estudo (fora da dobra)
par3-6594,0.0036395592615008,estudo (fora da dobra)
par3-6595,0.0043101320043206,estudo (fora da dobra)
par3-6598,0.0794567838311195,estudo (fora da dobra)
par3-6600,0.0049351109191775,estudo (fora da dobra)
par3-6601,0.988146722316742,estudo (fora da dobra)
par3-6602,0.0156511254608631,estudo (fora da dobra)
par3-6603,0.0053960974328219,estudo (fora da dobra)
par3-6604,0.006307472474873,estudo (fora da dobra)
par3-6605,0.0333495400846004,estudo (fora da dobra)
par3-6606,0.0114843165501952,estudo (fora da dobra)
par3-6607,0.0030398895032703,estudo (fora da dobra)
par3-6608,0.0049757021479308,estudo (fora da dobra)
par3-6609,0.0039740963838994,estudo (fora da dobra)
par3-6610,0.019610708579421,estudo (fora da dobra)
par3-6613,0.0045970501378178,estudo (fora da dobra)
par3-6617,0.0317577645182609,estudo (fora da dobra)
par3-6619,0.133662924170494,estudo (fora da dobra)
par3-6620,0.0051819635555148,estudo (fora da dobra)
par3-6621,0.0158048346638679,estudo (fora da dobra)
par3-6623,0.0047887493856251,estudo (fora da dobra)
par3-6624,0.0033913124352693,estudo (fora da dobra)
par3-6625,0.0035064797848463,estudo (fora da dobra)
par3-6627,0.9354436993598938,estudo (fora da dobra)
par3-6628,0.0053194742649793,estudo (fora da dobra)
par3-6629,0.0632378533482551,estudo (fora da dobra)
par3-6630,0.1772370636463165,estudo (fora da dobra)
par3-6631,0.9866700768470764,estudo (fora da dobra)
par3-6632,0.0047187856398522,estudo (fora da dobra)
par3-6634,0.0046713487245142,estudo (fora da dobra)
par3-6635,0.517359733581543,estudo (fora da dobra)
par3-6637,0.0043275882489979,estudo (fora da dobra)
par3-6638,0.0083623873069882,estudo (fora da dobra)
par3-6640,0.0045223915949463,estudo (fora da dobra)
par3-6642,0.0158765483647584,estudo (fora da dobra)
par3-6644,0.5327644348144531,estudo (fora da dobra)
par3-6646,0.972611963748932,estudo (fora da dobra)
par3-6647,0.0034754914231598,estudo (fora da dobra)
par3-6649,0.0036616341676563,estudo (fora da dobra)
par3-6650,0.006541768554598,estudo (fora da dobra)
par3-6651,0.0037484180647879,estudo (fora da dobra)
par3-6654,0.0096983090043067,estudo (fora da dobra)
par3-6655,0.0057557635009288,estudo (fora da dobra)
par3-6656,0.0039472267962992,estudo (fora da dobra)
par3-6659,0.9203658103942872,estudo (fora da dobra)
par3-6660,0.00553121836856,estudo (fora da dobra)
par3-6662,0.0041560935787856,estudo (fora da dobra)
par3-6666,0.1783942580223083,estudo (fora da dobra)
par3-6667,0.4134891331195831,estudo (fora da dobra)
par3-6668,0.4076380729675293,estudo (fora da dobra)
par3-6669,0.0047837072052061,estudo (fora da dobra)
par3-6670,0.0037636291235685,estudo (fora da dobra)
par3-6671,0.9558616280555724,estudo (fora da dobra)
par3-6672,0.0058363853022456,estudo (fora da dobra)
par3-6674,0.0059256851673126,estudo (fora da dobra)
par3-6676,0.2151113599538803,estudo (fora da dobra)
par3-6677,0.9247002601623536,estudo (fora da dobra)
par3-6678,0.9923173189163208,estudo (fora da dobra)
par3-6679,0.0056789368391036,estudo (fora da dobra)
par3-6680,0.9409914016723632,estudo (fora da dobra)
par3-6681,0.0046520950272679,estudo (fora da dobra)
par3-6682,0.0620004534721374,estudo (fora da dobra)
par3-6683,0.0050620939582586,estudo (fora da dobra)
par3-6684,0.9942576885223388,estudo (fora da dobra)
par3-6686,0.8787460327148438,estudo (fora da dobra)
par3-6687,0.3904184699058532,estudo (fora da dobra)
par3-6688,0.0081566842272877,estudo (fora da dobra)
par3-6689,0.0054202992469072,estudo (fora da dobra)
par3-6690,0.0054217930883169,estudo (fora da dobra)
par3-6691,0.5788049697875977,estudo (fora da dobra)
par3-6692,0.9877938628196716,estudo (fora da dobra)
par3-6693,0.022316176444292,estudo (fora da dobra)
par3-6694,0.0063739600591361,estudo (fora da dobra)
par3-6695,0.0053128954023122,estudo (fora da dobra)
par3-6696,0.003702595597133,estudo (fora da dobra)
par3-6700,0.6331089735031128,estudo (fora da dobra)
par3-6701,0.1935196667909622,estudo (fora da dobra)
par3-6702,0.0288262665271759,estudo (fora da dobra)
par3-6703,0.0040350235067307,estudo (fora da dobra)
par3-6704,0.4943438768386841,estudo (fora da dobra)
par3-6705,0.7764487862586975,estudo (fora da dobra)
par3-6706,0.4902345836162567,estudo (fora da dobra)
par3-6707,0.0044559524394571,estudo (fora da dobra)
par3-6708,0.4742628633975982,estudo (fora da dobra)
par3-6710,0.0212439373135566,estudo (fora da dobra)
par3-6711,0.0159806590527296,estudo (fora da dobra)
par3-6712,0.0036170769017189,estudo (fora da dobra)
par3-6713,0.0046695596538484,estudo (fora da dobra)
par3-6717,0.004504270851612,estudo (fora da dobra)
par3-6719,0.2027759701013565,estudo (fora da dobra)
par3-6720,0.004867535084486,estudo (fora da dobra)
par3-6722,0.0055641494691371,estudo (fora da dobra)
par3-6723,0.0067016468383371,estudo (fora da dobra)
par3-6724,0.0038316627033054,estudo (fora da dobra)
par3-6725,0.0037064866628497,estudo (fora da dobra)
par3-6726,0.0041798339225351,estudo (fora da dobra)
par3-6727,0.0053159934468567,estudo (fora da dobra)
par3-6728,0.0980079025030136,estudo (fora da dobra)
par3-6729,0.0035075726918876,estudo (fora da dobra)
par3-6732,0.3808917701244354,estudo (fora da dobra)
par3-6733,0.0032930825836956,estudo (fora da dobra)
par3-6735,0.0037649541627615,estudo (fora da dobra)
par3-6737,0.0051615545526146,estudo (fora da dobra)
par3-6738,0.0412225611507892,estudo (fora da dobra)
par3-6739,0.0031046352814882,estudo (fora da dobra)
par3-6740,0.0067132841795682,estudo (fora da dobra)
par3-6741,0.0042156199924647,estudo (fora da dobra)
par3-6742,0.9792648553848268,estudo (fora da dobra)
par3-6743,0.3646167814731598,estudo (fora da dobra)
par3-6744,0.0111726140603423,estudo (fora da dobra)
par3-6745,0.0080615757033228,estudo (fora da dobra)
par3-6746,0.0057960106059908,estudo (fora da dobra)
par3-6747,0.0187612026929855,estudo (fora da dobra)
par3-6748,0.0046879611909389,estudo (fora da dobra)
par3-6749,0.0228952523320913,estudo (fora da dobra)
par3-6750,0.0051635629497468,estudo (fora da dobra)
par3-6751,0.0035880983341485,estudo (fora da dobra)
par3-6752,0.1184499412775039,estudo (fora da dobra)
par3-6753,0.9781340956687928,estudo (fora da dobra)
par3-6755,0.0040513179264962,estudo (fora da dobra)
par3-6756,0.004523282404989,estudo (fora da dobra)
par3-6757,0.0059598623774945,estudo (fora da dobra)
par3-6759,0.006506192497909,estudo (fora da dobra)
par3-6762,0.4315248727798462,estudo (fora da dobra)
par3-6763,0.0034484562929719,estudo (fora da dobra)
par3-6764,0.487567126750946,estudo (fora da dobra)
par3-6765,0.0035909090656787,estudo (fora da dobra)
par3-6766,0.0036511421203613,estudo (fora da dobra)
par3-6767,0.004374242387712,estudo (fora da dobra)
par3-6768,0.0031596859917044,estudo (fora da dobra)
par3-6771,0.0035481282975524,estudo (fora da dobra)
par3-6773,0.00391082232818,estudo (fora da dobra)
par3-6775,0.0186036769300699,estudo (fora da dobra)
par3-6776,0.1989825814962387,estudo (fora da dobra)
par3-6777,0.0053288051858544,estudo (fora da dobra)
par3-6778,0.0360941588878631,estudo (fora da dobra)
par3-6780,0.072644755244255,estudo (fora da dobra)
par3-6781,0.0060856794007122,estudo (fora da dobra)
par3-6782,0.0776468142867088,estudo (fora da dobra)
par3-6783,0.0067166108638048,estudo (fora da dobra)
par3-6784,0.0035936005879193,estudo (fora da dobra)
par3-6786,0.9870442748069764,estudo (fora da dobra)
par3-6788,0.0077820122241973,estudo (fora da dobra)
par3-6790,0.0046687400899827,estudo (fora da dobra)
par3-6791,0.9911229610443116,estudo (fora da dobra)
par3-6792,0.9587485790252686,estudo (fora da dobra)
par3-6793,0.0032334972638636,estudo (fora da dobra)
par3-6795,0.0043715229257941,estudo (fora da dobra)
par3-6796,0.9641085267066956,estudo (fora da dobra)
par3-6797,0.0031497857999056,estudo (fora da dobra)
par3-6798,0.0103471875190734,estudo (fora da dobra)
par3-6802,0.0221297219395637,estudo (fora da dobra)
par3-6803,0.0042595509439706,estudo (fora da dobra)
par3-6804,0.3025378882884979,estudo (fora da dobra)
par3-6805,0.0043765772134065,estudo (fora da dobra)
par3-6806,0.0042896806262433,estudo (fora da dobra)
par3-6807,0.7595185041427612,estudo (fora da dobra)
par3-6808,0.0205280445516109,estudo (fora da dobra)
par3-6809,0.049684565514326,estudo (fora da dobra)
par3-6810,0.0617269538342952,estudo (fora da dobra)
par3-6811,0.0056611401960253,estudo (fora da dobra)
par3-6812,0.0359037220478057,estudo (fora da dobra)
par3-6814,0.0076118214055895,estudo (fora da dobra)
par3-6815,0.0034061700571328,estudo (fora da dobra)
par3-6818,0.0040842038579285,estudo (fora da dobra)
par3-6819,0.9866968989372252,estudo (fora da dobra)
par3-6821,0.0067813224159181,estudo (fora da dobra)
par3-6822,0.0077395578846335,estudo (fora da dobra)
par3-6823,0.3623120486736297,estudo (fora da dobra)
par3-6824,0.1991257518529892,estudo (fora da dobra)
par3-6825,0.8329601287841797,estudo (fora da dobra)
par3-6826,0.0368724726140499,estudo (fora da dobra)
par3-6827,0.0040701492689549,estudo (fora da dobra)
par3-6828,0.0041248337365686,estudo (fora da dobra)
par3-6829,0.030123371630907,estudo (fora da dobra)
par3-6830,0.0058714197948575,estudo (fora da dobra)
par3-6832,0.0038729340303689,estudo (fora da dobra)
par3-6833,0.0106661235913634,estudo (fora da dobra)
par3-6834,0.2073217928409576,estudo (fora da dobra)
par3-6836,0.0042397328652441,estudo (fora da dobra)
par3-6837,0.0034669127780944,estudo (fora da dobra)
par3-6838,0.3068102300167084,estudo (fora da dobra)
par3-6839,0.0262055061757564,estudo (fora da dobra)
par3-6842,0.029282784089446,estudo (fora da dobra)
par3-6843,0.2709946036338806,estudo (fora da dobra)
par3-6844,0.2659350335597992,estudo (fora da dobra)
par3-6846,0.0067147719673812,estudo (fora da dobra)
par3-6847,0.9940669536590576,estudo (fora da dobra)
par3-6849,0.004252690821886,estudo (fora da dobra)
par3-6850,0.9165261387825012,estudo (fora da dobra)
par3-6852,0.0037743663415312,estudo (fora da dobra)
par3-6855,0.177889347076416,estudo (fora da dobra)
par3-6856,0.0049620689824223,estudo (fora da dobra)
par3-6857,0.0071671707555651,estudo (fora da dobra)
par3-6858,0.003469961695373,estudo (fora da dobra)
par3-6859,0.0033788497094064,estudo (fora da dobra)
par3-6860,0.0363522283732891,estudo (fora da dobra)
par3-6861,0.0038518893998116,estudo (fora da dobra)
par3-6862,0.0043442770838737,estudo (fora da dobra)
par3-6863,0.0034130269195884,estudo (fora da dobra)
par3-6864,0.1019280850887298,estudo (fora da dobra)
par3-6865,0.989035189151764,estudo (fora da dobra)
par3-6866,0.0048728180117905,estudo (fora da dobra)
par3-6867,0.0047736205160617,estudo (fora da dobra)
par3-6868,0.004731610417366,estudo (fora da dobra)
par3-6869,0.0061427564360201,estudo (fora da dobra)
par3-6870,0.9618934988975524,estudo (fora da dobra)
par3-6872,0.9930880665779114,estudo (fora da dobra)
par3-6873,0.0041667367331683,estudo (fora da dobra)
par3-6874,0.0053285672329366,estudo (fora da dobra)
par3-6875,0.0033896029926836,estudo (fora da dobra)
par3-6876,0.0847155824303627,estudo (fora da dobra)
par3-6877,0.0052877580747008,estudo (fora da dobra)
par3-6878,0.4355457723140716,estudo (fora da dobra)
par3-6879,0.0042850938625633,estudo (fora da dobra)
par3-6880,0.0046644518151879,estudo (fora da dobra)
par3-6882,0.0061144097708165,estudo (fora da dobra)
par3-6884,0.9470924139022828,estudo (fora da dobra)
par3-6886,0.0039650262333452,estudo (fora da dobra)
par3-6889,0.0186767056584358,estudo (fora da dobra)
par3-6891,0.9939861297607422,estudo (fora da dobra)
par3-6892,0.196785107254982,estudo (fora da dobra)
par3-6895,0.0083598727360367,estudo (fora da dobra)
par3-6896,0.0062592038884758,estudo (fora da dobra)
par3-6898,0.0146931931376457,estudo (fora da dobra)
par3-6899,0.003926960285753,estudo (fora da dobra)
par3-6900,0.0293731018900871,estudo (fora da dobra)
par3-6901,0.0035420239437371,estudo (fora da dobra)
par3-6902,0.020313873887062,estudo (fora da dobra)
par3-6903,0.0417526699602603,estudo (fora da dobra)
par3-6905,0.0055527123622596,estudo (fora da dobra)
par3-6906,0.0039499029517173,estudo (fora da dobra)
par3-6908,0.003597583156079,estudo (fora da dobra)
par3-6909,0.0049667651765048,estudo (fora da dobra)
par3-6912,0.0042654001154005,estudo (fora da dobra)
par3-6913,0.1455967277288437,estudo (fora da dobra)
par3-6914,0.0037489326205104,estudo (fora da dobra)
par3-6915,0.0054813069291412,estudo (fora da dobra)
par3-6916,0.3674304783344269,estudo (fora da dobra)
par3-6917,0.0040810089558362,estudo (fora da dobra)
par3-6919,0.0220294669270515,estudo (fora da dobra)
par3-6922,0.0234176758676767,estudo (fora da dobra)
par3-6924,0.0543880462646484,estudo (fora da dobra)
par3-6925,0.942881166934967,estudo (fora da dobra)
par3-6926,0.0048335646279156,estudo (fora da dobra)
par3-6927,0.0034169638529419,estudo (fora da dobra)
par3-6929,0.3982364237308502,estudo (fora da dobra)
par3-6930,0.0055525940842926,estudo (fora da dobra)
par3-6931,0.0045707845129072,estudo (fora da dobra)
par3-6932,0.9875146150588988,estudo (fora da dobra)
par3-6934,0.9858123064041138,estudo (fora da dobra)
par3-6935,0.0037683143746107,estudo (fora da dobra)
par3-6937,0.0041189268231391,estudo (fora da dobra)
par3-6940,0.0082321567460894,estudo (fora da dobra)
par3-6941,0.0037592782173305,estudo (fora da dobra)
par3-6942,0.0077408142387866,estudo (fora da dobra)
par3-6946,0.0292821340262889,estudo (fora da dobra)
par3-6947,0.0059834970161318,estudo (fora da dobra)
par3-6949,0.0035543122794479,estudo (fora da dobra)
par3-6950,0.0110295889899134,estudo (fora da dobra)
par3-6951,0.004806357435882,estudo (fora da dobra)
par3-6952,0.0035736658610403,estudo (fora da dobra)
par3-6953,0.0043205404654145,estudo (fora da dobra)
par3-6955,0.0047946162521839,estudo (fora da dobra)
par3-6956,0.0309396740049123,estudo (fora da dobra)
par3-6959,0.1177037134766578,estudo (fora da dobra)
par3-6960,0.0527239479124546,estudo (fora da dobra)
par3-6962,0.0107964621856808,estudo (fora da dobra)
par3-6963,0.0048079816624522,estudo (fora da dobra)
par3-6965,0.0942875668406486,estudo (fora da dobra)
par3-6966,0.0038801615592092,estudo (fora da dobra)
par3-6967,0.0383671186864376,estudo (fora da dobra)
par3-6968,0.0058183320797979,estudo (fora da dobra)
par3-6969,0.0040191290900111,estudo (fora da dobra)
par3-6970,0.004360135179013,estudo (fora da dobra)
par3-6971,0.0036321193911135,estudo (fora da dobra)
par3-6973,0.5461940169334412,estudo (fora da dobra)
par3-6974,0.0251616295427083,estudo (fora da dobra)
par3-6975,0.0047041908837854,estudo (fora da dobra)
par3-6976,0.0347261987626552,estudo (fora da dobra)
par3-6977,0.0141664706170558,estudo (fora da dobra)
par3-6979,0.653802216053009,estudo (fora da dobra)
par3-6980,0.0081859463825821,estudo (fora da dobra)
par3-6981,0.0070699783973395,estudo (fora da dobra)
par3-6982,0.0036682120990008,estudo (fora da dobra)
par3-6984,0.9917187690734864,estudo (fora da dobra)
par3-6986,0.0252600070089101,estudo (fora da dobra)
par3-6988,0.0137919653207063,estudo (fora da dobra)
par3-6990,0.0040970351547002,estudo (fora da dobra)
par3-6991,0.0402699336409568,estudo (fora da dobra)
par3-6992,0.9189390540122986,estudo (fora da dobra)
par3-6994,0.0037406994961202,estudo (fora da dobra)
par3-6995,0.0985122919082641,estudo (fora da dobra)
par3-6997,0.0051540280692279,estudo (fora da dobra)
par3-6998,0.0039325426332652,estudo (fora da dobra)
par3-6999,0.0039530219510197,estudo (fora da dobra)
par3-7000,0.0038393181748688,estudo (fora da dobra)
par3-7001,0.0414177291095256,estudo (fora da dobra)
par3-7002,0.0046681882813572,estudo (fora da dobra)
par3-7003,0.0038443205412477,estudo (fora da dobra)
par3-7004,0.1322716623544693,estudo (fora da dobra)
par3-7005,0.003766875481233,estudo (fora da dobra)
par3-7010,0.0040587801486253,estudo (fora da dobra)
par3-7011,0.9101759791374208,estudo (fora da dobra)
par3-7013,0.0061885099858045,estudo (fora da dobra)
par3-7016,0.9934378266334534,estudo (fora da dobra)
par3-7018,0.6336309313774109,estudo (fora da dobra)
par3-7020,0.0036957873962819,estudo (fora da dobra)
par3-7021,0.0226376000791788,estudo (fora da dobra)
par3-7022,0.0045856591314077,estudo (fora da dobra)
par3-7023,0.0052318857051432,estudo (fora da dobra)
par3-7024,0.0030561627354472,estudo (fora da dobra)
par3-7026,0.132253959774971,estudo (fora da dobra)
par3-7027,0.0041079390794038,estudo (fora da dobra)
par3-7030,0.0075718318112194,estudo (fora da dobra)
par3-7032,0.9271560907363892,estudo (fora da dobra)
par3-7033,0.005415026564151,estudo (fora da dobra)
par3-7034,0.0037433698307722,estudo (fora da dobra)
par3-7035,0.9941352605819702,estudo (fora da dobra)
par3-7036,0.0841515809297561,estudo (fora da dobra)
par3-7037,0.0119038168340921,estudo (fora da dobra)
par3-7039,0.0695791691541671,estudo (fora da dobra)
par3-7040,0.0046688569709658,estudo (fora da dobra)
par3-7041,0.0033008169848471,estudo (fora da dobra)
par3-7042,0.0338660962879657,estudo (fora da dobra)
par3-7043,0.9155694842338562,estudo (fora da dobra)
par3-7044,0.0669086724519729,estudo (fora da dobra)
par3-7046,0.2130889594554901,estudo (fora da dobra)
par3-7047,0.0667970478534698,estudo (fora da dobra)
par3-7048,0.0045918645337224,estudo (fora da dobra)
par3-7049,0.9849342107772828,estudo (fora da dobra)
par3-7051,0.0861047133803367,estudo (fora da dobra)
par3-7052,0.0077884881757199,estudo (fora da dobra)
par3-7053,0.9049772620201112,estudo (fora da dobra)
par3-7054,0.0084125036373734,estudo (fora da dobra)
par3-7055,0.0051056980155408,estudo (fora da dobra)
par3-7056,0.9417471289634703,estudo (fora da dobra)
par3-7058,0.0086644813418388,estudo (fora da dobra)
par3-7059,0.0040350910276174,estudo (fora da dobra)
par3-7061,0.1526655703783035,estudo (fora da dobra)
par3-7063,0.0048496215604245,estudo (fora da dobra)
par3-7065,0.0050330036319792,estudo (fora da dobra)
par3-7068,0.0203375630080699,estudo (fora da dobra)
par3-7070,0.0036381143145263,estudo (fora da dobra)
par3-7071,0.1774186044931411,estudo (fora da dobra)
par3-7073,0.0058195977471768,estudo (fora da dobra)
par3-7075,0.0112126898020505,estudo (fora da dobra)
par3-7076,0.9858545660972596,estudo (fora da dobra)
par3-7077,0.0101370699703693,estudo (fora da dobra)
par3-7078,0.0044902213849127,estudo (fora da dobra)
par3-7079,0.0443240031599998,estudo (fora da dobra)
par3-7080,0.0036600949242711,estudo (fora da dobra)
par3-7081,0.7641781568527222,estudo (fora da dobra)
par3-7082,0.0053042820654809,estudo (fora da dobra)
par3-7083,0.0899309813976287,estudo (fora da dobra)
par3-7085,0.0044263936579227,estudo (fora da dobra)
par3-7087,0.1598142385482788,estudo (fora da dobra)
par3-7088,0.0870502218604087,estudo (fora da dobra)
par3-7089,0.0076726749539375,estudo (fora da dobra)
par3-7090,0.0122993160039186,estudo (fora da dobra)
par3-7092,0.005394484847784,estudo (fora da dobra)
par3-7093,0.0045230397954583,estudo (fora da dobra)
par3-7094,0.3896142244338989,estudo (fora da dobra)
par3-7095,0.3187142312526703,estudo (fora da dobra)
par3-7098,0.0159615408629179,estudo (fora da dobra)
par3-7099,0.0102683696895837,estudo (fora da dobra)
par3-7100,0.0050683948211371,estudo (fora da dobra)
par3-7101,0.0064372150227427,estudo (fora da dobra)
par3-7102,0.0073987087234854,estudo (fora da dobra)
par3-7104,0.0031107678078114,estudo (fora da dobra)
par3-7106,0.0037694366183131,estudo (fora da dobra)
par3-7107,0.0050916830077767,estudo (fora da dobra)
par3-7108,0.0143640832975506,estudo (fora da dobra)
par3-7110,0.2079956978559494,estudo (fora da dobra)
par3-7112,0.004627093207091,estudo (fora da dobra)
par3-7113,0.0053348410874605,estudo (fora da dobra)
par3-7115,0.4152274131774902,estudo (fora da dobra)
par3-7117,0.015329492278397,estudo (fora da dobra)
par3-7118,0.0046643763780593,estudo (fora da dobra)
par3-7119,0.0054971990175545,estudo (fora da dobra)
par3-7120,0.0069266031496226,estudo (fora da dobra)
par3-7121,0.8270289301872253,estudo (fora da dobra)
par3-7122,0.006390098016709,estudo (fora da dobra)
par3-7123,0.0058269137516617,estudo (fora da dobra)
par3-7124,0.0032477874774485,estudo (fora da dobra)
par3-7125,0.0054604886099696,estudo (fora da dobra)
par3-7127,0.0040169381536543,estudo (fora da dobra)
par3-7128,0.098265416920185,estudo (fora da dobra)
par3-7130,0.0038778027519583,estudo (fora da dobra)
par3-7131,0.0045164981856942,estudo (fora da dobra)
par3-7133,0.0045263255015015,estudo (fora da dobra)
par3-7135,0.0039435951039195,estudo (fora da dobra)
par3-7136,0.0423315502703189,estudo (fora da dobra)
par3-7137,0.0047849584370851,estudo (fora da dobra)
par3-7138,0.003574487986043,estudo (fora da dobra)
par3-7139,0.0032537949737161,estudo (fora da dobra)
par3-7140,0.0052014314569532,estudo (fora da dobra)
par3-7141,0.0298072807490825,estudo (fora da dobra)
par3-7143,0.0057715438306331,estudo (fora da dobra)
par3-7144,0.9445623159408568,estudo (fora da dobra)
par3-7145,0.6609357595443726,estudo (fora da dobra)
par3-7146,0.9196895360946656,estudo (fora da dobra)
par3-7147,0.005001759622246,estudo (fora da dobra)
par3-7153,0.9807900190353394,estudo (fora da dobra)
par3-7154,0.9629039168357848,estudo (fora da dobra)
par3-7155,0.0089171631261706,estudo (fora da dobra)
par3-7156,0.0124930990859866,estudo (fora da dobra)
par3-7157,0.0042305788956582,estudo (fora da dobra)
par3-7158,0.3581103682518005,estudo (fora da dobra)
par3-7160,0.8658244013786316,estudo (fora da dobra)
par3-7161,0.0041334517300128,estudo (fora da dobra)
par3-7163,0.2119948267936706,estudo (fora da dobra)
par3-7164,0.0038512067403644,estudo (fora da dobra)
par3-7165,0.3115503191947937,estudo (fora da dobra)
par3-7166,0.0045046554878354,estudo (fora da dobra)
par3-7167,0.0196968857198953,estudo (fora da dobra)
par3-7168,0.0043855062685906,estudo (fora da dobra)
par3-7169,0.0046557332389056,estudo (fora da dobra)
par3-7170,0.004491054918617,estudo (fora da dobra)
par3-7171,0.0050654769875109,estudo (fora da dobra)
par3-7172,0.0126154841855168,estudo (fora da dobra)
par3-7173,0.0043407534249126,estudo (fora da dobra)
par3-7174,0.9936962723731996,estudo (fora da dobra)
par3-7175,0.0034907713998109,estudo (fora da dobra)
par3-7176,0.0035267567727714,estudo (fora da dobra)
par3-7177,0.0072267539799213,estudo (fora da dobra)
par3-7178,0.0048569678328931,estudo (fora da dobra)
par3-7182,0.3907753527164459,estudo (fora da dobra)
par3-7183,0.03283017501235,estudo (fora da dobra)
par3-7184,0.987039029598236,estudo (fora da dobra)
par3-7185,0.0035792565904557,estudo (fora da dobra)
par3-7186,0.9850724339485168,estudo (fora da dobra)
par3-7187,0.0063291946426033,estudo (fora da dobra)
par3-7188,0.0055679180659353,estudo (fora da dobra)
par3-7191,0.0035835411399602,estudo (fora da dobra)
par3-7192,0.1253209710121154,estudo (fora da dobra)
par3-7193,0.0070710028521716,estudo (fora da dobra)
par3-7194,0.0029540981631726,estudo (fora da dobra)
par3-7195,0.0032740279566496,estudo (fora da dobra)
par3-7196,0.0058569256216287,estudo (fora da dobra)
par3-7197,0.0092221787199378,estudo (fora da dobra)
par3-7198,0.0053529222495853,estudo (fora da dobra)
par3-7199,0.2272632867097854,estudo (fora da dobra)
par3-7200,0.0044044638052582,estudo (fora da dobra)
par3-7201,0.0031624175608158,estudo (fora da dobra)
par3-7202,0.0040278383530676,estudo (fora da dobra)
par3-7203,0.0070247882977128,estudo (fora da dobra)
par3-7205,0.0045178597792983,estudo (fora da dobra)
par3-7206,0.0125637231394648,estudo (fora da dobra)
par3-7207,0.005293795838952,estudo (fora da dobra)
par3-7208,0.1210648715496063,estudo (fora da dobra)
par3-7209,0.2241975367069244,estudo (fora da dobra)
par3-7210,0.974294900894165,estudo (fora da dobra)
par3-7211,0.0051917959935963,estudo (fora da dobra)
par3-7214,0.0056846886873245,estudo (fora da dobra)
par3-7215,0.0628072097897529,estudo (fora da dobra)
par3-7216,0.0118095194920897,estudo (fora da dobra)
par3-7217,0.988281786441803,estudo (fora da dobra)
par3-7221,0.0197034049779176,estudo (fora da dobra)
par3-7222,0.016451247036457,estudo (fora da dobra)
par3-7223,0.003225184045732,estudo (fora da dobra)
par3-7224,0.0041783335618674,estudo (fora da dobra)
par3-7226,0.0043202554807066,estudo (fora da dobra)
par3-7228,0.0038979758974164,estudo (fora da dobra)
par3-7229,0.0040535754524171,estudo (fora da dobra)
par3-7230,0.0046611102297902,estudo (fora da dobra)
par3-7231,0.0364802628755569,estudo (fora da dobra)
par3-7232,0.0045050280168652,estudo (fora da dobra)
par3-7235,0.0057139694690704,estudo (fora da dobra)
par3-7236,0.0043103653006255,estudo (fora da dobra)
par3-7238,0.0358189158141613,estudo (fora da dobra)
par3-7239,0.0105205057188868,estudo (fora da dobra)
par3-7240,0.9946342706680298,estudo (fora da dobra)
par3-7241,0.0146197844296693,estudo (fora da dobra)
par3-7242,0.0324372760951519,estudo (fora da dobra)
par3-7244,0.0034741240087896,estudo (fora da dobra)
par3-7245,0.0348165482282638,estudo (fora da dobra)
par3-7246,0.9922285676002502,estudo (fora da dobra)
par3-7247,0.0036427094601094,estudo (fora da dobra)
par3-7248,0.0047017494216561,estudo (fora da dobra)
par3-7250,0.0034572654403746,estudo (fora da dobra)
par3-7251,0.9920946955680848,estudo (fora da dobra)
par3-7253,0.3278688490390777,estudo (fora da dobra)
par3-7254,0.0169658698141574,estudo (fora da dobra)
par3-7257,0.0035565623547881,estudo (fora da dobra)
par3-7258,0.0081284213811159,estudo (fora da dobra)
par3-7259,0.962721049785614,estudo (fora da dobra)
par3-7260,0.0033740089274942,estudo (fora da dobra)
par3-7263,0.0051105883903801,estudo (fora da dobra)
par3-7264,0.0498208999633789,estudo (fora da dobra)
par3-7265,0.0049837948754429,estudo (fora da dobra)
par3-7266,0.0270691886544227,estudo (fora da dobra)
par3-7267,0.0047086831182241,estudo (fora da dobra)
par3-7269,0.1777218133211136,estudo (fora da dobra)
par3-7271,0.0050748651847243,estudo (fora da dobra)
par3-7273,0.9869419932365416,estudo (fora da dobra)
par3-7274,0.0044832294806838,estudo (fora da dobra)
par3-7275,0.0066330581903457,estudo (fora da dobra)
par3-7276,0.0927978083491325,estudo (fora da dobra)
par3-7278,0.0064500062726438,estudo (fora da dobra)
par3-7279,0.0048492229543626,estudo (fora da dobra)
par3-7281,0.1193917021155357,estudo (fora da dobra)
par3-7282,0.0042733321897685,estudo (fora da dobra)
par3-7283,0.0031772539950907,estudo (fora da dobra)
par3-7285,0.0058471406809985,estudo (fora da dobra)
par3-7286,0.0082506937906146,estudo (fora da dobra)
par3-7290,0.2672954797744751,estudo (fora da dobra)
par3-7291,0.0044694021344184,estudo (fora da dobra)
par3-7293,0.9829133152961732,estudo (fora da dobra)
par3-7294,0.0053617469966411,estudo (fora da dobra)
par3-7295,0.0033533354289829,estudo (fora da dobra)
par3-7297,0.0745693743228912,estudo (fora da dobra)
par3-7299,0.0054373149760067,estudo (fora da dobra)
par3-7300,0.4921194911003113,estudo (fora da dobra)
par3-7301,0.0060382080264389,estudo (fora da dobra)
par3-7302,0.0955725088715553,estudo (fora da dobra)
par3-7303,0.0048379353247582,estudo (fora da dobra)
par3-7304,0.0044991164468228,estudo (fora da dobra)
par3-7306,0.0036238266620785,estudo (fora da dobra)
par3-7307,0.0049507259391248,estudo (fora da dobra)
par3-7308,0.0615758635103702,estudo (fora da dobra)
par3-7310,0.04663522914052,estudo (fora da dobra)
par3-7311,0.0048495614901185,estudo (fora da dobra)
par3-7313,0.0051793782040476,estudo (fora da dobra)
par3-7314,0.0051285098306834,estudo (fora da dobra)
par3-7315,0.0067747542634606,estudo (fora da dobra)
par3-7316,0.0048097111284732,estudo (fora da dobra)
par3-7317,0.0038177224341779,estudo (fora da dobra)
par3-7318,0.0337813273072242,estudo (fora da dobra)
par3-7319,0.0057629202492535,estudo (fora da dobra)
par3-7320,0.004223097115755,estudo (fora da dobra)
par3-7321,0.1099381819367408,estudo (fora da dobra)
par3-7322,0.0038338091690093,estudo (fora da dobra)
par3-7323,0.9903440475463868,estudo (fora da dobra)
par3-7324,0.0683444887399673,estudo (fora da dobra)
par3-7325,0.0061844321899116,estudo (fora da dobra)
par3-7327,0.0037958726752549,estudo (fora da dobra)
par3-7328,0.057630930095911,estudo (fora da dobra)
par3-7329,0.0063133030198514,estudo (fora da dobra)
par3-7331,0.0041670058853924,estudo (fora da dobra)
par3-7332,0.0049888952635228,estudo (fora da dobra)
par3-7333,0.0096177970990538,estudo (fora da dobra)
par3-7334,0.0114738577976822,estudo (fora da dobra)
par3-7335,0.2617958486080169,estudo (fora da dobra)
par3-7336,0.0056911311112344,estudo (fora da dobra)
par3-7337,0.0197922028601169,estudo (fora da dobra)
par3-7338,0.0931499898433685,estudo (fora da dobra)
par3-7340,0.0064374529756605,estudo (fora da dobra)
par3-7341,0.0046416521072387,estudo (fora da dobra)
par3-7342,0.0051201861351728,estudo (fora da dobra)
par3-7343,0.0057625682093203,estudo (fora da dobra)
par3-7344,0.0051691136322915,estudo (fora da dobra)
par3-7345,0.0042369253933429,estudo (fora da dobra)
par3-7346,0.966029167175293,estudo (fora da dobra)
par3-7347,0.003859220072627,estudo (fora da dobra)
par3-7349,0.0037796071264892,estudo (fora da dobra)
par3-7350,0.0239677410572767,estudo (fora da dobra)
par3-7351,0.8246271014213562,estudo (fora da dobra)
par3-7352,0.0037774299271404,estudo (fora da dobra)
par3-7353,0.9030466675758362,estudo (fora da dobra)
par3-7355,0.0057847066782414,estudo (fora da dobra)
par3-7357,0.1981186419725418,estudo (fora da dobra)
par3-7360,0.0761808007955551,estudo (fora da dobra)
par3-7362,0.0036003682762384,estudo (fora da dobra)
par3-7363,0.0031706942245364,estudo (fora da dobra)
par3-7364,0.0047847111709415,estudo (fora da dobra)
par3-7365,0.0048352140001952,estudo (fora da dobra)
par3-7366,0.7675982713699341,estudo (fora da dobra)
par3-7368,0.9826724529266356,estudo (fora da dobra)
par3-7370,0.0790992230176925,estudo (fora da dobra)
par3-7371,0.0273478273302316,estudo (fora da dobra)
par3-7374,0.057147067040205,estudo (fora da dobra)
par3-7375,0.006603633519262,estudo (fora da dobra)
par3-7377,0.1501878499984741,estudo (fora da dobra)
par3-7378,0.0033893627114593,estudo (fora da dobra)
par3-7380,0.0122890779748559,estudo (fora da dobra)
par3-7381,0.0037595266476273,estudo (fora da dobra)
par3-7382,0.0042205089703202,estudo (fora da dobra)
par3-7384,0.0516656376421451,estudo (fora da dobra)
par3-7386,0.0053307181224226,estudo (fora da dobra)
par3-7388,0.0036406021099537,estudo (fora da dobra)
par3-7389,0.0042216493748128,estudo (fora da dobra)
par3-7391,0.9822390079498292,estudo (fora da dobra)
par3-7392,0.0039127287454903,estudo (fora da dobra)
par3-7393,0.0055270544253289,estudo (fora da dobra)
par3-7394,0.8526073694229126,estudo (fora da dobra)
par3-7395,0.0067513659596443,estudo (fora da dobra)
par3-7397,0.9542669653892516,estudo (fora da dobra)
par3-7398,0.0113182561472058,estudo (fora da dobra)
par3-7401,0.0061594401486217,estudo (fora da dobra)
par3-7402,0.0920840874314308,estudo (fora da dobra)
par3-7404,0.0045828740112483,estudo (fora da dobra)
par3-7405,0.0036367971915751,estudo (fora da dobra)
par3-7406,0.0037435761187225,estudo (fora da dobra)
par3-7407,0.0060213413089513,estudo (fora da dobra)
par3-7408,0.0037913064006716,estudo (fora da dobra)
par3-7410,0.005888748448342,estudo (fora da dobra)
par3-7412,0.0033362710382789,estudo (fora da dobra)
par3-7416,0.0805821120738983,estudo (fora da dobra)
par3-7417,0.1317843645811081,estudo (fora da dobra)
par3-7418,0.0035559777170419,estudo (fora da dobra)
par3-7421,0.0167508274316787,estudo (fora da dobra)
par3-7422,0.0168366562575101,estudo (fora da dobra)
par3-7423,0.580257773399353,estudo (fora da dobra)
par3-7424,0.0139165921136736,estudo (fora da dobra)
par3-7427,0.0109024923294782,estudo (fora da dobra)
par3-7428,0.0050292825326323,estudo (fora da dobra)
par3-7429,0.0047089620493352,estudo (fora da dobra)
par3-7431,0.0048481300473213,estudo (fora da dobra)
par3-7432,0.0058598862960934,estudo (fora da dobra)
par3-7437,0.0043963775970041,estudo (fora da dobra)
par3-7438,0.0063631609082221,estudo (fora da dobra)
par3-7441,0.0060206591151654,estudo (fora da dobra)
par3-7442,0.0034664955455809,estudo (fora da dobra)
par3-7443,0.0037976887542754,estudo (fora da dobra)
par3-7444,0.039856169372797,estudo (fora da dobra)
par3-7445,0.005333631299436,estudo (fora da dobra)
par3-7446,0.0039278948679566,estudo (fora da dobra)
par3-7447,0.6230181455612183,estudo (fora da dobra)
par3-7448,0.3398549854755401,estudo (fora da dobra)
par3-7449,0.005963934585452,estudo (fora da dobra)
par3-7450,0.004803498275578,estudo (fora da dobra)
par3-7451,0.6047936677932739,estudo (fora da dobra)
par3-7452,0.0042440770193934,estudo (fora da dobra)
par3-7453,0.0040452005341649,estudo (fora da dobra)
par3-7454,0.0050830286927521,estudo (fora da dobra)
par3-7455,0.0104185594245791,estudo (fora da dobra)
par3-7456,0.1094500944018364,estudo (fora da dobra)
par3-7458,0.0042034732177853,estudo (fora da dobra)
par3-7459,0.0070549850352108,estudo (fora da dobra)
par3-7461,0.1488375514745712,estudo (fora da dobra)
par3-7462,0.0045740511268377,estudo (fora da dobra)
par3-7464,0.0051405769772827,estudo (fora da dobra)
par3-7465,0.0042610336095094,estudo (fora da dobra)
par3-7466,0.0054411301389336,estudo (fora da dobra)
par3-7468,0.4162485897541046,estudo (fora da dobra)
par3-7469,0.0048256800509989,estudo (fora da dobra)
par3-7470,0.8909175395965576,estudo (fora da dobra)
par3-7472,0.00471594883129,estudo (fora da dobra)
par3-7473,0.0040439940057694,estudo (fora da dobra)
par3-7474,0.0083565879613161,estudo (fora da dobra)
par3-7475,0.004807801451534,estudo (fora da dobra)
par3-7476,0.0489235073328018,estudo (fora da dobra)
par3-7477,0.0058647571131587,estudo (fora da dobra)
par3-7478,0.0047996561042964,estudo (fora da dobra)
par3-7479,0.0044807908125221,estudo (fora da dobra)
par3-7480,0.0037284244317561,estudo (fora da dobra)
par3-7481,0.9876430034637452,estudo (fora da dobra)
par3-7482,0.0118703404441475,estudo (fora da dobra)
par3-7484,0.9916911125183104,estudo (fora da dobra)
par3-7485,0.9897239208221436,estudo (fora da dobra)
par3-7486,0.0106233926489949,estudo (fora da dobra)
par3-7489,0.0396419987082481,estudo (fora da dobra)
par3-7490,0.004911936353892,estudo (fora da dobra)
par3-7491,0.0039097042754292,estudo (fora da dobra)
par3-7492,0.0055574276484549,estudo (fora da dobra)
par3-7493,0.1342545002698898,estudo (fora da dobra)
par3-7494,0.0037329772021621,estudo (fora da dobra)
par3-7496,0.5011648535728455,estudo (fora da dobra)
par3-7497,0.0031927032396197,estudo (fora da dobra)
par3-7498,0.7787486910820007,estudo (fora da dobra)
par3-7499,0.0618449747562408,estudo (fora da dobra)
par3-7500,0.0081964489072561,estudo (fora da dobra)
par3-7504,0.0062923701480031,estudo (fora da dobra)
par3-7506,0.0038066583219915,estudo (fora da dobra)
par3-7507,0.010380302555859,estudo (fora da dobra)
par3-7509,0.0038127910811454,estudo (fora da dobra)
par3-7510,0.0052447691559791,estudo (fora da dobra)
par3-7511,0.730945348739624,estudo (fora da dobra)
par3-7512,0.147905558347702,estudo (fora da dobra)
par3-7514,0.0033417250961065,estudo (fora da dobra)
par3-7515,0.0130437724292278,estudo (fora da dobra)
par3-7518,0.027615800499916,estudo (fora da dobra)
par3-7520,0.0045193480327725,estudo (fora da dobra)
par3-7521,0.0554618351161479,estudo (fora da dobra)
par3-7522,0.0727370977401733,estudo (fora da dobra)
par3-7523,0.8617989420890808,estudo (fora da dobra)
par3-7524,0.0222120657563209,estudo (fora da dobra)
par3-7527,0.0044651315547525,estudo (fora da dobra)
par3-7528,0.0065030278638005,estudo (fora da dobra)
par3-7531,0.0177185963839292,estudo (fora da dobra)
par3-7532,0.078159399330616,estudo (fora da dobra)
par3-7534,0.0043390886858105,estudo (fora da dobra)
par3-7535,0.0037862095050513,estudo (fora da dobra)
par3-7537,0.765978991985321,estudo (fora da dobra)
par3-7539,0.984915852546692,estudo (fora da dobra)
par3-7540,0.9755182266235352,estudo (fora da dobra)
par3-7541,0.0035771585535258,estudo (fora da dobra)
par3-7542,0.0039691561833024,estudo (fora da dobra)
par3-7543,0.004440838471055,estudo (fora da dobra)
par3-7544,0.0309123508632183,estudo (fora da dobra)
par3-7545,0.0621306784451007,estudo (fora da dobra)
par3-7547,0.0040525016374886,estudo (fora da dobra)
par3-7548,0.0168105345219373,estudo (fora da dobra)
par3-7549,0.0217095632106065,estudo (fora da dobra)
par3-7550,0.0067687761038541,estudo (fora da dobra)
par3-7552,0.093518815934658,estudo (fora da dobra)
par3-7553,0.994097113609314,estudo (fora da dobra)
par3-7556,0.8091089129447937,estudo (fora da dobra)
par3-7558,0.0122314374893903,estudo (fora da dobra)
par3-7560,0.0050654145888984,estudo (fora da dobra)
par3-7561,0.0186070669442415,estudo (fora da dobra)
par3-7562,0.0504005700349807,estudo (fora da dobra)
par3-7564,0.0067245690152049,estudo (fora da dobra)
par3-7565,0.0124597707763314,estudo (fora da dobra)
par3-7566,0.0106108207255601,estudo (fora da dobra)
par3-7567,0.0097409049049019,estudo (fora da dobra)
par3-7568,0.0103269536048173,estudo (fora da dobra)
par3-7569,0.0564365461468696,estudo (fora da dobra)
par3-7570,0.0063959620893001,estudo (fora da dobra)
par3-7571,0.0048809964209795,estudo (fora da dobra)
par3-7572,0.0092392563819885,estudo (fora da dobra)
par3-7573,0.0039322697557508,estudo (fora da dobra)
par3-7574,0.0036206087097525,estudo (fora da dobra)
par3-7575,0.9064273238182068,estudo (fora da dobra)
par3-7576,0.9896754622459412,estudo (fora da dobra)
par3-7577,0.0043560159392654,estudo (fora da dobra)
par3-7580,0.0056228376924991,estudo (fora da dobra)
par3-7581,0.0041149188764393,estudo (fora da dobra)
par3-7584,0.038469199091196,estudo (fora da dobra)
par3-7586,0.0036408598534762,estudo (fora da dobra)
par3-7587,0.9944220185279846,estudo (fora da dobra)
par3-7588,0.0041879671625792,estudo (fora da dobra)
par3-7589,0.0036153208930045,estudo (fora da dobra)
par3-7590,0.0035736642312258,estudo (fora da dobra)
par3-7591,0.0060119763948023,estudo (fora da dobra)
par3-7593,0.003691669087857,estudo (fora da dobra)
par3-7594,0.0097846006974577,estudo (fora da dobra)
par3-7595,0.0036027692258358,estudo (fora da dobra)
par3-7596,0.0082331346347928,estudo (fora da dobra)
par3-7597,0.004212106578052,estudo (fora da dobra)
par3-7598,0.0047583016566932,estudo (fora da dobra)
par3-7599,0.667163610458374,estudo (fora da dobra)
par3-7600,0.005559423007071,estudo (fora da dobra)
par3-7603,0.4939371645450592,estudo (fora da dobra)
par3-7605,0.0056206863373517,estudo (fora da dobra)
par3-7606,0.0443617440760135,estudo (fora da dobra)
par3-7607,0.1623108088970184,estudo (fora da dobra)
par3-7609,0.0036480955313891,estudo (fora da dobra)
par3-7610,0.003218010533601,estudo (fora da dobra)
par3-7612,0.0043365536257624,estudo (fora da dobra)
par3-7613,0.0050043235532939,estudo (fora da dobra)
par3-7616,0.0049671069718897,estudo (fora da dobra)
par3-7617,0.0032203928567469,estudo (fora da dobra)
par3-7618,0.0035157571546733,estudo (fora da dobra)
par3-7619,0.6438206434249878,estudo (fora da dobra)
par3-7620,0.0047730877995491,estudo (fora da dobra)
par3-7621,0.0109223015606403,estudo (fora da dobra)
par3-7623,0.1761600375175476,estudo (fora da dobra)
par3-7624,0.0039827502332627,estudo (fora da dobra)
par3-7625,0.973175883293152,estudo (fora da dobra)
par3-7626,0.0040734075009822,estudo (fora da dobra)
par3-7627,0.0747161209583282,estudo (fora da dobra)
par3-7632,0.0781740471720695,estudo (fora da dobra)
par3-7633,0.0062243328429758,estudo (fora da dobra)
par3-7634,0.962401807308197,estudo (fora da dobra)
par3-7635,0.0047250869683921,estudo (fora da dobra)
par3-7637,0.9815075993537904,estudo (fora da dobra)
par3-7638,0.0159577149897813,estudo (fora da dobra)
par3-7639,0.9868521094322203,estudo (fora da dobra)
par3-7642,0.0054337726905941,estudo (fora da dobra)
par3-7644,0.0416512601077556,estudo (fora da dobra)
par3-7645,0.009333518333733,estudo (fora da dobra)
par3-7647,0.005427295807749,estudo (fora da dobra)
par3-7648,0.0038217124529182,estudo (fora da dobra)
par3-7649,0.1197805032134056,estudo (fora da dobra)
par3-7652,0.0144914528355002,estudo (fora da dobra)
par3-7654,0.97558331489563,estudo (fora da dobra)
par3-7657,0.0043457951396703,estudo (fora da dobra)
par3-7658,0.0058270790614187,estudo (fora da dobra)
par3-7661,0.006873607635498,estudo (fora da dobra)
par3-7662,0.9382094144821168,estudo (fora da dobra)
par3-7663,0.0048706796951591,estudo (fora da dobra)
par3-7665,0.6894375681877136,estudo (fora da dobra)
par3-7666,0.0052180783823132,estudo (fora da dobra)
par3-7668,0.0035155618097633,estudo (fora da dobra)
par3-7669,0.4690827131271362,estudo (fora da dobra)
par3-7673,0.0034482204355299,estudo (fora da dobra)
par3-7674,0.0250774454325437,estudo (fora da dobra)
par3-7675,0.0042943302541971,estudo (fora da dobra)
par3-7676,0.0741199553012847,estudo (fora da dobra)
par3-7678,0.0029117160011082,estudo (fora da dobra)
par3-7679,0.0042561646550893,estudo (fora da dobra)
par3-7680,0.0073779020458459,estudo (fora da dobra)
par3-7681,0.0030152588151395,estudo (fora da dobra)
par3-7683,0.0192646495997905,estudo (fora da dobra)
par3-7686,0.0040610204450786,estudo (fora da dobra)
par3-7687,0.6780177354812622,estudo (fora da dobra)
par3-7688,0.1785173714160919,estudo (fora da dobra)
par3-7689,0.0046497201547026,estudo (fora da dobra)
par3-7690,0.0036362095270305,estudo (fora da dobra)
par3-7691,0.0090791368857026,estudo (fora da dobra)
par3-7692,0.0041013467125594,estudo (fora da dobra)
par3-7694,0.4775211811065674,estudo (fora da dobra)
par3-7697,0.990403652191162,estudo (fora da dobra)
par3-7698,0.0035167096648365,estudo (fora da dobra)
par3-7699,0.0052937529981136,estudo (fora da dobra)
par3-7700,0.0034945469815284,estudo (fora da dobra)
par3-7701,0.0035132591146975,estudo (fora da dobra)
par3-7702,0.0065538655035197,estudo (fora da dobra)
par3-7703,0.0504156276583671,estudo (fora da dobra)
par3-7704,0.0043977196328341,estudo (fora da dobra)
par3-7705,0.9507527947425842,estudo (fora da dobra)
par3-7706,0.0035069079603999,estudo (fora da dobra)
par3-7709,0.0036146494094282,estudo (fora da dobra)
par3-7710,0.6959749460220337,estudo (fora da dobra)
par3-7711,0.0042504575103521,estudo (fora da dobra)
par3-7712,0.0461940951645374,estudo (fora da dobra)
par3-7714,0.424729973077774,estudo (fora da dobra)
par3-7715,0.7105434536933899,estudo (fora da dobra)
par3-7717,0.1209725067019462,estudo (fora da dobra)
par3-7720,0.0038175212685018,estudo (fora da dobra)
par3-7721,0.0049992827698588,estudo (fora da dobra)
par3-7722,0.9859856367111206,estudo (fora da dobra)
par3-7723,0.0061589875258505,estudo (fora da dobra)
par3-7725,0.0070380591787397,estudo (fora da dobra)
par3-7726,0.0031864675693213,estudo (fora da dobra)
par3-7727,0.0044930381700396,estudo (fora da dobra)
par3-7728,0.3755072355270386,estudo (fora da dobra)
par3-7729,0.003841625759378,estudo (fora da dobra)
par3-7730,0.0057939309626817,estudo (fora da dobra)
par3-7731,0.0049414094537496,estudo (fora da dobra)
par3-7732,0.0675840750336647,estudo (fora da dobra)
par3-7734,0.0048036803491413,estudo (fora da dobra)
par3-7735,0.0055804573930799,estudo (fora da dobra)
par3-7738,0.0055985543876886,estudo (fora da dobra)
par3-7740,0.4203174412250519,estudo (fora da dobra)
par3-7741,0.0047651235945522,estudo (fora da dobra)
par3-7743,0.0051521994173526,estudo (fora da dobra)
par3-7745,0.8927572965621948,estudo (fora da dobra)
par3-7748,0.2486642301082611,estudo (fora da dobra)
par3-7749,0.9949435591697692,estudo (fora da dobra)
par3-7751,0.0053952191956341,estudo (fora da dobra)
par3-7753,0.9842466115951538,estudo (fora da dobra)
par3-7754,0.0048182252794504,estudo (fora da dobra)
par3-7756,0.0050588506273925,estudo (fora da dobra)
par3-7757,0.1288904994726181,estudo (fora da dobra)
par3-7759,0.0037215899210423,estudo (fora da dobra)
par3-7760,0.3246891796588897,estudo (fora da dobra)
par3-7761,0.1365718394517898,estudo (fora da dobra)
par3-7762,0.0621277056634426,estudo (fora da dobra)
par3-7763,0.0501593016088008,estudo (fora da dobra)
par3-7765,0.0047509325668215,estudo (fora da dobra)
par3-7766,0.0054000164382159,estudo (fora da dobra)
par3-7767,0.0293109491467475,estudo (fora da dobra)
par3-7768,0.0040752864442765,estudo (fora da dobra)
par3-7770,0.0038740932941436,estudo (fora da dobra)
par3-7771,0.0160636510699987,estudo (fora da dobra)
par3-7772,0.0730587318539619,estudo (fora da dobra)
par3-7773,0.004557138774544,estudo (fora da dobra)
par3-7774,0.0048158182762563,estudo (fora da dobra)
par3-7775,0.0039674467407166,estudo (fora da dobra)
par3-7776,0.0054320930503308,estudo (fora da dobra)
par3-7777,0.093768872320652,estudo (fora da dobra)
par3-7778,0.6681442856788635,estudo (fora da dobra)
par3-7780,0.0057843439280986,estudo (fora da dobra)
par3-7782,0.9716441035270692,estudo (fora da dobra)
par3-7785,0.0038417645264416,estudo (fora da dobra)
par3-7788,0.9604364037513732,estudo (fora da dobra)
par3-7790,0.0048766531981527,estudo (fora da dobra)
par3-7791,0.0034690101165324,estudo (fora da dobra)
par3-7793,0.2284679859876632,estudo (fora da dobra)
par3-7794,0.0076680551283061,estudo (fora da dobra)
par3-7795,0.0081343939527869,estudo (fora da dobra)
par3-7796,0.0035877185873687,estudo (fora da dobra)
par3-7797,0.0044089620932936,estudo (fora da dobra)
par3-7798,0.0044277217239141,estudo (fora da dobra)
par3-7800,0.0041447849944233,estudo (fora da dobra)
par3-7801,0.9061949849128724,estudo (fora da dobra)
par3-7804,0.6738552451133728,estudo (fora da dobra)
par3-7805,0.1416891515254974,estudo (fora da dobra)
par3-7806,0.0032099157106131,estudo (fora da dobra)
par3-7807,0.96841561794281,estudo (fora da dobra)
par3-7808,0.0038131061010062,estudo (fora da dobra)
par3-7809,0.0044001922942698,estudo (fora da dobra)
par3-7810,0.0183539055287837,estudo (fora da dobra)
par3-7813,0.95203697681427,estudo (fora da dobra)
par3-7814,0.003444330766797,estudo (fora da dobra)
par3-7817,0.0037451540119946,estudo (fora da dobra)
par3-7818,0.0050055463798344,estudo (fora da dobra)
par3-7819,0.0433717630803585,estudo (fora da dobra)
par3-7820,0.0064256638288497,estudo (fora da dobra)
par3-7821,0.004551354330033,estudo (fora da dobra)
par3-7822,0.0031954511068761,estudo (fora da dobra)
par3-7823,0.1819149851799011,estudo (fora da dobra)
par3-7824,0.0285930130630731,estudo (fora da dobra)
par3-7826,0.0034647171851247,estudo (fora da dobra)
par3-7828,0.0033469733316451,estudo (fora da dobra)
par3-7829,0.0033175491262227,estudo (fora da dobra)
par3-7830,0.0043606939725577,estudo (fora da dobra)
par3-7831,0.0046033519320189,estudo (fora da dobra)
par3-7832,0.0051867249421775,estudo (fora da dobra)
par3-7833,0.0041098436340689,estudo (fora da dobra)
par3-7834,0.9928355813026428,estudo (fora da dobra)
par3-7835,0.1850629299879074,estudo (fora da dobra)
par3-7836,0.3565788567066192,estudo (fora da dobra)
par3-7839,0.0066005592234432,estudo (fora da dobra)
par3-7840,0.7511577010154724,estudo (fora da dobra)
par3-7841,0.988401472568512,estudo (fora da dobra)
par3-7842,0.9885104894638062,estudo (fora da dobra)
par3-7843,0.004392753355205,estudo (fora da dobra)
par3-7844,0.0044289017096161,estudo (fora da dobra)
par3-7845,0.0348722264170646,estudo (fora da dobra)
par3-7847,0.0235192030668258,estudo (fora da dobra)
par3-7848,0.0046770139597356,estudo (fora da dobra)
par3-7849,0.2134584039449691,estudo (fora da dobra)
par3-7850,0.0052046058699488,estudo (fora da dobra)
par3-7851,0.003564991056919,estudo (fora da dobra)
par3-7852,0.0032458049245178,estudo (fora da dobra)
par3-7853,0.0035902538802474,estudo (fora da dobra)
par3-7855,0.0043346351012587,estudo (fora da dobra)
par3-7856,0.5057204365730286,estudo (fora da dobra)
par3-7857,0.0375853329896926,estudo (fora da dobra)
par3-7858,0.0049437899142503,estudo (fora da dobra)
par3-7860,0.0445780865848064,estudo (fora da dobra)
par3-7863,0.0044668233022093,estudo (fora da dobra)
par3-7864,0.1067913249135017,estudo (fora da dobra)
par3-7865,0.3346292376518249,estudo (fora da dobra)
par3-7866,0.0334290899336338,estudo (fora da dobra)
par3-7867,0.9944774508476256,estudo (fora da dobra)
par3-7868,0.0043501053005456,estudo (fora da dobra)
par3-7869,0.0137138804420828,estudo (fora da dobra)
par3-7870,0.6486031413078308,estudo (fora da dobra)
par3-7872,0.0195885058492422,estudo (fora da dobra)
par3-7873,0.204515591263771,estudo (fora da dobra)
par3-7874,0.3586736917495727,estudo (fora da dobra)
par3-7876,0.0051170922815799,estudo (fora da dobra)
par3-7878,0.0036905114538967,estudo (fora da dobra)
par3-7879,0.0031352650839835,estudo (fora da dobra)
par3-7881,0.0039143213070929,estudo (fora da dobra)
par3-7882,0.0050885370001196,estudo (fora da dobra)
par3-7883,0.4194890558719635,estudo (fora da dobra)
par3-7884,0.0039399294182658,estudo (fora da dobra)
par3-7885,0.9918404817581176,estudo (fora da dobra)
par3-7886,0.0043889805674552,estudo (fora da dobra)
par3-7887,0.0879850685596466,estudo (fora da dobra)
par3-7888,0.0070729758590459,estudo (fora da dobra)
par3-7889,0.0082765594124794,estudo (fora da dobra)
par3-7890,0.0032724270131438,estudo (fora da dobra)
par3-7891,0.0062785181216895,estudo (fora da dobra)
par3-7892,0.003639820497483,estudo (fora da dobra)
par3-7893,0.006271774880588,estudo (fora da dobra)
par3-7894,0.9904747605323792,estudo (fora da dobra)
par3-7895,0.3645474910736084,estudo (fora da dobra)
par3-7896,0.0057222321629524,estudo (fora da dobra)
par3-7897,0.0031850759405642,estudo (fora da dobra)
par3-7900,0.0230855271220207,estudo (fora da dobra)
par3-7902,0.0049620689824223,estudo (fora da dobra)
par3-7904,0.0037259613163769,estudo (fora da dobra)
par3-7905,0.0590548813343048,estudo (fora da dobra)
par3-7906,0.0044476320035755,estudo (fora da dobra)
par3-7907,0.0052235713228583,estudo (fora da dobra)
par3-7908,0.0088661238551139,estudo (fora da dobra)
par3-7909,0.0041048345156013,estudo (fora da dobra)
par3-7910,0.0072777718305587,estudo (fora da dobra)
par3-7912,0.4587105214595794,estudo (fora da dobra)
par3-7913,0.0107956482097506,estudo (fora da dobra)
par3-7915,0.0057989074848592,estudo (fora da dobra)
par3-7916,0.0050685508176684,estudo (fora da dobra)
par3-7917,0.0039068455807864,estudo (fora da dobra)
par3-7918,0.0055324751883745,estudo (fora da dobra)
par3-7919,0.0038130285684019,estudo (fora da dobra)
par3-7922,0.0046794340014457,estudo (fora da dobra)
par3-7923,0.9309129118919371,estudo (fora da dobra)
par3-7924,0.0039911465719342,estudo (fora da dobra)
par3-7925,0.0038078769575804,estudo (fora da dobra)
par3-7926,0.0037025378551334,estudo (fora da dobra)
par3-7927,0.961370885372162,estudo (fora da dobra)
par3-7929,0.9243031144142152,estudo (fora da dobra)
par3-7930,0.0055850185453891,estudo (fora da dobra)
par3-7932,0.0043433038517832,estudo (fora da dobra)
par3-7933,0.0042138071730732,estudo (fora da dobra)
par3-7934,0.2384699583053589,estudo (fora da dobra)
par3-7935,0.0043512950651347,estudo (fora da dobra)
par3-7936,0.003702224465087,estudo (fora da dobra)
par3-7938,0.0047821798361837,estudo (fora da dobra)
par3-7939,0.0052253478206694,estudo (fora da dobra)
par3-7940,0.0059767481870949,estudo (fora da dobra)
par3-7941,0.0160740092396736,estudo (fora da dobra)
par3-7942,0.0034188753925263,estudo (fora da dobra)
par3-7943,0.0039462354034185,estudo (fora da dobra)
par3-7944,0.0064298450015485,estudo (fora da dobra)
par3-7945,0.0056475801393389,estudo (fora da dobra)
par3-7946,0.7813653349876404,estudo (fora da dobra)
par3-7947,0.0041940826922655,estudo (fora da dobra)
par3-7949,0.0108817685395479,estudo (fora da dobra)
par3-7950,0.0248298104852437,estudo (fora da dobra)
par3-7953,0.0345495902001857,estudo (fora da dobra)
par3-7954,0.003391787642613,estudo (fora da dobra)
par3-7955,0.969049632549286,estudo (fora da dobra)
par3-7960,0.0033849040046334,estudo (fora da dobra)
par3-7961,0.0035030706785619,estudo (fora da dobra)
par3-7962,0.0066297762095928,estudo (fora da dobra)
par3-7963,0.0083410535007715,estudo (fora da dobra)
par3-7964,0.040481936186552,estudo (fora da dobra)
par3-7965,0.0037810131907463,estudo (fora da dobra)
par3-7968,0.0666649118065834,estudo (fora da dobra)
par3-7969,0.9842511415481568,estudo (fora da dobra)
par3-7971,0.0039009449537843,estudo (fora da dobra)
par3-7973,0.0051493239589035,estudo (fora da dobra)
par3-7974,0.0046902825124561,estudo (fora da dobra)
par3-7975,0.0033547012135386,estudo (fora da dobra)
par3-7976,0.9716898202896118,estudo (fora da dobra)
par3-7977,0.0063289850950241,estudo (fora da dobra)
par3-7978,0.0039066025055944,estudo (fora da dobra)
par3-7979,0.027009168639779,estudo (fora da dobra)
par3-7981,0.0114511810243129,estudo (fora da dobra)
par3-7982,0.0325354039669036,estudo (fora da dobra)
par3-7986,0.0228587575256824,estudo (fora da dobra)
par3-7987,0.9791030287742616,estudo (fora da dobra)
par3-7988,0.0087945330888032,estudo (fora da dobra)
par3-7992,0.0175560303032398,estudo (fora da dobra)
par3-7993,0.0044215801171958,estudo (fora da dobra)
par3-7994,0.0044861221686005,estudo (fora da dobra)
par3-7995,0.004192370455712,estudo (fora da dobra)
par3-7996,0.9850051403045654,estudo (fora da dobra)
par3-7997,0.0085753286257386,estudo (fora da dobra)
par3-7998,0.0079665537923574,estudo (fora da dobra)
par3-8000,0.0052752047777175,estudo (fora da dobra)
par3-8002,0.9907478094100952,estudo (fora da dobra)
par3-8003,0.0792747437953949,estudo (fora da dobra)
par3-8004,0.0070332982577383,estudo (fora da dobra)
par3-8005,0.0053716176189482,estudo (fora da dobra)
par3-8006,0.0043410938233137,estudo (fora da dobra)
par3-8007,0.0042349118739366,estudo (fora da dobra)
par3-8009,0.0084994314238429,estudo (fora da dobra)
par3-8012,0.0037919275928288,estudo (fora da dobra)
par3-8015,0.0059274663217365,estudo (fora da dobra)
par3-8016,0.0167776066809892,estudo (fora da dobra)
par3-8017,0.0037371541839092,estudo (fora da dobra)
par3-8018,0.0035102439578622,estudo (fora da dobra)
par3-8019,0.9751993417739868,estudo (fora da dobra)
par3-8020,0.0110893193632364,estudo (fora da dobra)
par3-8022,0.1167596578598022,estudo (fora da dobra)
par3-8023,0.0053799678571522,estudo (fora da dobra)
par3-8024,0.9653878211975098,estudo (fora da dobra)
par3-8026,0.0044351397082209,estudo (fora da dobra)
par3-8027,0.0064295497722923,estudo (fora da dobra)
par3-8028,0.0051912665367126,estudo (fora da dobra)
par3-8029,0.0092475237324833,estudo (fora da dobra)
par3-8030,0.0050206282176077,estudo (fora da dobra)
par3-8031,0.8911871314048767,estudo (fora da dobra)
par3-8032,0.0041823689825832,estudo (fora da dobra)
par3-8035,0.0245358720421791,estudo (fora da dobra)
par3-8036,0.0033487104810774,estudo (fora da dobra)
par3-8037,0.0040093162097036,estudo (fora da dobra)
par3-8038,0.0176292955875396,estudo (fora da dobra)
par3-8039,0.0513066314160823,estudo (fora da dobra)
par3-8040,0.0042245751246809,estudo (fora da dobra)
par3-8041,0.0051164710894227,estudo (fora da dobra)
par3-8042,0.0065864603966474,estudo (fora da dobra)
par3-8043,0.0035899656359106,estudo (fora da dobra)
par3-8045,0.9239014983177184,estudo (fora da dobra)
par3-8047,0.00452845916152,estudo (fora da dobra)
par3-8049,0.1663306504487991,estudo (fora da dobra)
par3-8051,0.9885511994361876,estudo (fora da dobra)
par3-8053,0.0038410034030675,estudo (fora da dobra)
par3-8054,0.0389650091528892,estudo (fora da dobra)
par3-8056,0.089103914797306,estudo (fora da dobra)
par3-8057,0.9592416882514954,estudo (fora da dobra)
par3-8058,0.9856233596801758,estudo (fora da dobra)
par3-8061,0.9837290644645692,estudo (fora da dobra)
par3-8062,0.9780266284942628,estudo (fora da dobra)
par3-8063,0.9949839115142822,estudo (fora da dobra)
par3-8064,0.0040150862187147,estudo (fora da dobra)
par3-8065,0.004902197048068,estudo (fora da dobra)
par3-8070,0.0905104577541351,estudo (fora da dobra)
par3-8071,0.061609961092472,estudo (fora da dobra)
par3-8073,0.0074716899544,estudo (fora da dobra)
par3-8074,0.9518012404441832,estudo (fora da dobra)
par3-8075,0.003618782153353,estudo (fora da dobra)
par3-8076,0.0033857279922813,estudo (fora da dobra)
par3-8077,0.2288981974124908,estudo (fora da dobra)
par3-8078,0.020514553412795,estudo (fora da dobra)
par3-8079,0.0035635384265333,estudo (fora da dobra)
par3-8080,0.0035782805643975,estudo (fora da dobra)
par3-8081,0.0144241973757743,estudo (fora da dobra)
par3-8082,0.00871108379215,estudo (fora da dobra)
par3-8084,0.9899331331253052,estudo (fora da dobra)
par3-8085,0.0067194108851253,estudo (fora da dobra)
par3-8086,0.0238178446888923,estudo (fora da dobra)
par3-8087,0.005373460240662,estudo (fora da dobra)
par3-8088,0.004871476907283,estudo (fora da dobra)
par3-8089,0.004815359134227,estudo (fora da dobra)
par3-8092,0.9796115756034852,estudo (fora da dobra)
par3-8093,0.0535623580217361,estudo (fora da dobra)
par3-8094,0.0624431073665618,estudo (fora da dobra)
par3-8096,0.4030385017395019,estudo (fora da dobra)
par3-8099,0.0044258977286517,estudo (fora da dobra)
par3-8100,0.0040180408395826,estudo (fora da dobra)
par3-8101,0.0054713529534637,estudo (fora da dobra)
par3-8102,0.5989283323287964,estudo (fora da dobra)
par3-8106,0.0324572063982486,estudo (fora da dobra)
par3-8108,0.004246016498655,estudo (fora da dobra)
par3-8109,0.0227025970816612,estudo (fora da dobra)
par3-8110,0.0275677181780338,estudo (fora da dobra)
par3-8111,0.1022251918911933,estudo (fora da dobra)
par3-8114,0.0043840263970196,estudo (fora da dobra)
par3-8116,0.0244547650218009,estudo (fora da dobra)
par3-8117,0.1960914731025695,estudo (fora da dobra)
par3-8118,0.1163237988948822,estudo (fora da dobra)
par3-8119,0.0037281159311532,estudo (fora da dobra)
par3-8120,0.0055489693768322,estudo (fora da dobra)
par3-8121,0.0691267773509025,estudo (fora da dobra)
par3-8123,0.0080939289182424,estudo (fora da dobra)
par3-8124,0.0057525746524333,estudo (fora da dobra)
par3-8126,0.992177665233612,estudo (fora da dobra)
par3-8128,0.0042258747853338,estudo (fora da dobra)
par3-8129,0.0044190729968249,estudo (fora da dobra)
par3-8130,0.2256049364805221,estudo (fora da dobra)
par3-8131,0.4389230012893677,estudo (fora da dobra)
par3-8133,0.006567652337253,estudo (fora da dobra)
par3-8134,0.0084947478026151,estudo (fora da dobra)
par3-8135,0.0824037566781044,estudo (fora da dobra)
par3-8137,0.0045841033570468,estudo (fora da dobra)
par3-8140,0.0221537854522466,estudo (fora da dobra)
par3-8141,0.0052113672718405,estudo (fora da dobra)
par3-8144,0.0042618755251169,estudo (fora da dobra)
par3-8146,0.0049660019576549,estudo (fora da dobra)
par3-8147,0.0030126555357128,estudo (fora da dobra)
par3-8148,0.0224947426468133,estudo (fora da dobra)
par3-8149,0.0037992601282894,estudo (fora da dobra)
par3-8151,0.0045362198725342,estudo (fora da dobra)
par3-8152,0.9893091917037964,estudo (fora da dobra)
par3-8153,0.004622658714652,estudo (fora da dobra)
par3-8154,0.0041161756962537,estudo (fora da dobra)
par3-8155,0.0050891283899545,estudo (fora da dobra)
par3-8157,0.0035435741301625,estudo (fora da dobra)
par3-8158,0.21958027780056,estudo (fora da dobra)
par3-8159,0.0049556926824152,estudo (fora da dobra)
par3-8160,0.0088991904631257,estudo (fora da dobra)
par3-8161,0.8260428309440613,estudo (fora da dobra)
par3-8162,0.158538356423378,estudo (fora da dobra)
par3-8163,0.0037339385598897,estudo (fora da dobra)
par3-8165,0.0039977501146495,estudo (fora da dobra)
par3-8166,0.0040688449516892,estudo (fora da dobra)
par3-8167,0.0229938570410013,estudo (fora da dobra)
par3-8168,0.9931453466415404,estudo (fora da dobra)
par3-8172,0.4773696660995483,estudo (fora da dobra)
par3-8173,0.0057829706929624,estudo (fora da dobra)
par3-8174,0.0046712886542081,estudo (fora da dobra)
par3-8175,0.0034199627116322,estudo (fora da dobra)
par3-8177,0.0049197669140994,estudo (fora da dobra)
par3-8178,0.0066988067701458,estudo (fora da dobra)
par3-8179,0.0036160822492092,estudo (fora da dobra)
par3-8180,0.0069164298474788,estudo (fora da dobra)
par3-8182,0.0069122808054089,estudo (fora da dobra)
par3-8183,0.0993389710783958,estudo (fora da dobra)
par3-8184,0.0043299780227243,estudo (fora da dobra)
par3-8185,0.9919758439064026,estudo (fora da dobra)
par3-8186,0.0054159229621291,estudo (fora da dobra)
par3-8187,0.0037044130731374,estudo (fora da dobra)
par3-8188,0.004012999124825,estudo (fora da dobra)
par3-8189,0.0036517789121717,estudo (fora da dobra)
par3-8191,0.0330920629203319,estudo (fora da dobra)
par3-8192,0.0065406314097344,estudo (fora da dobra)
par3-8193,0.9907158613204956,estudo (fora da dobra)
par3-8194,0.1296031326055526,estudo (fora da dobra)
par3-8195,0.0032039678189903,estudo (fora da dobra)
par3-8196,0.0035080544184893,estudo (fora da dobra)
par3-8197,0.4121198952198028,estudo (fora da dobra)
par3-8198,0.4802954494953155,estudo (fora da dobra)
par3-8199,0.0052947425283491,estudo (fora da dobra)
par3-8200,0.0150666683912277,estudo (fora da dobra)
par3-8201,0.0525511279702186,estudo (fora da dobra)
par3-8202,0.0087720779702067,estudo (fora da dobra)
par3-8203,0.0267285332083702,estudo (fora da dobra)
par3-8204,0.8305392265319824,estudo (fora da dobra)
par3-8205,0.8210879564285278,estudo (fora da dobra)
par3-8206,0.9044839143753052,estudo (fora da dobra)
par3-8207,0.0035908189602196,estudo (fora da dobra)
par3-8208,0.0270673856139183,estudo (fora da dobra)
par3-8209,0.0053730215877294,estudo (fora da dobra)
par3-8211,0.0066755334846675,estudo (fora da dobra)
par3-8212,0.9557942748069764,estudo (fora da dobra)
par3-8213,0.0054322965443134,estudo (fora da dobra)
par3-8214,0.0043107606470584,estudo (fora da dobra)
par3-8215,0.0033304225653409,estudo (fora da dobra)
par3-8216,0.0035029223654419,estudo (fora da dobra)
par3-8219,0.0043641161173582,estudo (fora da dobra)
par3-8220,0.0035491753369569,estudo (fora da dobra)
par3-8221,0.0050052520819008,estudo (fora da dobra)
par3-8222,0.0063216425478458,estudo (fora da dobra)
par3-8223,0.0053978199139237,estudo (fora da dobra)
par3-8224,0.0028772205114364,estudo (fora da dobra)
par3-8225,0.0039706965908408,estudo (fora da dobra)
par3-8226,0.007903846912086,estudo (fora da dobra)
par3-8227,0.9355498552322388,estudo (fora da dobra)
par3-8228,0.0036447660531848,estudo (fora da dobra)
par3-8230,0.0043668164871633,estudo (fora da dobra)
par3-8231,0.0035499630030244,estudo (fora da dobra)
par3-8232,0.0177981778979301,estudo (fora da dobra)
par3-8233,0.0046132118441164,estudo (fora da dobra)
par3-8234,0.0191775243729352,estudo (fora da dobra)
par3-8235,0.004199253860861,estudo (fora da dobra)
par3-8239,0.0093732522800564,estudo (fora da dobra)
par3-8240,0.0041587552987039,estudo (fora da dobra)
par3-8241,0.0050396486185491,estudo (fora da dobra)
par3-8242,0.004782045725733,estudo (fora da dobra)
par3-8243,0.0217171851545572,estudo (fora da dobra)
par3-8244,0.6799823641777039,estudo (fora da dobra)
par3-8245,0.0055760848335921,estudo (fora da dobra)
par3-8246,0.0054437830112874,estudo (fora da dobra)
par3-8248,0.9121526479721068,estudo (fora da dobra)
par3-8251,0.0147917866706848,estudo (fora da dobra)
par3-8252,0.6373416185379028,estudo (fora da dobra)
par3-8253,0.0613648258149623,estudo (fora da dobra)
par3-8257,0.010586105287075,estudo (fora da dobra)
par3-8258,0.0313022211194038,estudo (fora da dobra)
par3-8259,0.0042316438630223,estudo (fora da dobra)
par3-8260,0.37968310713768,estudo (fora da dobra)
par3-8262,0.0031856361310929,estudo (fora da dobra)
par3-8263,0.9904385209083556,estudo (fora da dobra)
par3-8264,0.0057435682974755,estudo (fora da dobra)
par3-8265,0.0052485992200672,estudo (fora da dobra)
par3-8266,0.0030278607737272,estudo (fora da dobra)
par3-8267,0.0075293756090104,estudo (fora da dobra)
par3-8268,0.0054419143125414,estudo (fora da dobra)
par3-8269,0.0088046062737703,estudo (fora da dobra)
par3-8270,0.0037613485474139,estudo (fora da dobra)
par3-8271,0.0123780127614736,estudo (fora da dobra)
par3-8272,0.0410031899809837,estudo (fora da dobra)
par3-8273,0.9941741824150084,estudo (fora da dobra)
par3-8275,0.0044920439831912,estudo (fora da dobra)
par3-8277,0.0053416318260133,estudo (fora da dobra)
par3-8279,0.0047761853784322,estudo (fora da dobra)
par3-8280,0.0058045592159032,estudo (fora da dobra)
par3-8282,0.0936204269528389,estudo (fora da dobra)
par3-8283,0.111849658191204,estudo (fora da dobra)
par3-8284,0.0033469332847744,estudo (fora da dobra)
par3-8285,0.928215742111206,estudo (fora da dobra)
par3-8286,0.0109934788197278,estudo (fora da dobra)
par3-8287,0.0033905871678143,estudo (fora da dobra)
par3-8288,0.719939112663269,estudo (fora da dobra)
par3-8289,0.0033172133844345,estudo (fora da dobra)
par3-8291,0.0059842853806912,estudo (fora da dobra)
par3-8292,0.0075669675134122,estudo (fora da dobra)
par3-8293,0.0033714878372848,estudo (fora da dobra)
par3-8295,0.004556265193969,estudo (fora da dobra)
par3-8296,0.0035140221007168,estudo (fora da dobra)
par3-8297,0.003900435520336,estudo (fora da dobra)
par3-8298,0.0604021921753883,estudo (fora da dobra)
par3-8299,0.9459668397903442,estudo (fora da dobra)
par3-8300,0.9910020232200624,estudo (fora da dobra)
par3-8301,0.0053080520592629,estudo (fora da dobra)
par3-8302,0.5418496131896973,estudo (fora da dobra)
par3-8303,0.3316584825515747,estudo (fora da dobra)
par3-8304,0.0056635080836713,estudo (fora da dobra)
par3-8306,0.005275975447148,estudo (fora da dobra)
par3-8307,0.0446816049516201,estudo (fora da dobra)
par3-8309,0.0113057447597384,estudo (fora da dobra)
par3-8310,0.0101073281839489,estudo (fora da dobra)
par3-8312,0.9853501319885254,estudo (fora da dobra)
par3-8313,0.005326947197318,estudo (fora da dobra)
par3-8315,0.0038708616048097,estudo (fora da dobra)
par3-8317,0.014321681112051,estudo (fora da dobra)
par3-8318,0.0051658144220709,estudo (fora da dobra)
par3-8323,0.0948382243514061,estudo (fora da dobra)
par3-8324,0.0082443747669458,estudo (fora da dobra)
par3-8325,0.9889124631881714,estudo (fora da dobra)
par3-8326,0.0070049036294221,estudo (fora da dobra)
par3-8328,0.0134739652276039,estudo (fora da dobra)
par3-8330,0.0043912399560213,estudo (fora da dobra)
par3-8331,0.004662315826863,estudo (fora da dobra)
par3-8332,0.0038022669032216,estudo (fora da dobra)
par3-8333,0.0083686215803027,estudo (fora da dobra)
par3-8335,0.004270255099982,estudo (fora da dobra)
par3-8336,0.0207947194576263,estudo (fora da dobra)
par3-8339,0.1420127749443054,estudo (fora da dobra)
par3-8340,0.00380813004449,estudo (fora da dobra)
par3-8341,0.0033208858221769,estudo (fora da dobra)
par3-8342,0.0048824995756149,estudo (fora da dobra)
par3-8343,0.0034461123868823,estudo (fora da dobra)
par3-8344,0.5982758402824402,estudo (fora da dobra)
par3-8345,0.0037872528191655,estudo (fora da dobra)
par3-8346,0.0030873694922775,estudo (fora da dobra)
par3-8347,0.004781512543559,estudo (fora da dobra)
par3-8348,0.0086830910295248,estudo (fora da dobra)
par3-8349,0.64312344789505,estudo (fora da dobra)
par3-8350,0.0631563961505889,estudo (fora da dobra)
par3-8352,0.0039876052178442,estudo (fora da dobra)
par3-8353,0.0039539211429655,estudo (fora da dobra)
par3-8354,0.0041557382792234,estudo (fora da dobra)
par3-8356,0.0101685393601655,estudo (fora da dobra)
par3-8357,0.0036212329287081,estudo (fora da dobra)
par3-8358,0.0167004819959402,estudo (fora da dobra)
par3-8359,0.994123637676239,estudo (fora da dobra)
par3-8360,0.0034536810126155,estudo (fora da dobra)
par3-8361,0.0036135779228061,estudo (fora da dobra)
par3-8362,0.0146882161498069,estudo (fora da dobra)
par3-8363,0.0031115824822336,estudo (fora da dobra)
par3-8365,0.9909502863883972,estudo (fora da dobra)
par3-8366,0.0041192239150404,estudo (fora da dobra)
par3-8367,0.005038013216108,estudo (fora da dobra)
par3-8368,0.0040923119522631,estudo (fora da dobra)
par3-8370,0.0078445505350828,estudo (fora da dobra)
par3-8371,0.004434491507709,estudo (fora da dobra)
par3-8373,0.0476318523287773,estudo (fora da dobra)
par3-8374,0.005781402811408,estudo (fora da dobra)
par3-8375,0.0124363405629992,estudo (fora da dobra)
par3-8376,0.0053819329477846,estudo (fora da dobra)
par3-8377,0.0051009985618293,estudo (fora da dobra)
par3-8378,0.0359161794185638,estudo (fora da dobra)
par3-8379,0.0049246060661971,estudo (fora da dobra)
par3-8380,0.986505091190338,estudo (fora da dobra)
par3-8381,0.0050444160588085,estudo (fora da dobra)
par3-8383,0.0078169796615839,estudo (fora da dobra)
par3-8384,0.9683958292007446,estudo (fora da dobra)
par3-8385,0.0329870209097862,estudo (fora da dobra)
par3-8386,0.0049264896661043,estudo (fora da dobra)
par3-8387,0.0388813912868499,estudo (fora da dobra)
par3-8389,0.0055574015714228,estudo (fora da dobra)
par3-8392,0.0138757210224866,estudo (fora da dobra)
par3-8393,0.0283963344991207,estudo (fora da dobra)
par3-8394,0.0035197455435991,estudo (fora da dobra)
par3-8395,0.0066542909480631,estudo (fora da dobra)
par3-8396,0.0040368963964283,estudo (fora da dobra)
par3-8397,0.0051552848890423,estudo (fora da dobra)
par3-8398,0.3014622926712036,estudo (fora da dobra)
par3-8399,0.9718486666679382,estudo (fora da dobra)
par3-8401,0.0043807388283312,estudo (fora da dobra)
par3-8402,0.0038316245190799,estudo (fora da dobra)
par3-8404,0.0032849058043211,estudo (fora da dobra)
par3-8406,0.0029534003697335,estudo (fora da dobra)
par3-8407,0.0163360815495252,estudo (fora da dobra)
par3-8408,0.0032252101227641,estudo (fora da dobra)
par3-8409,0.2072314023971557,estudo (fora da dobra)
par3-8411,0.1252067685127258,estudo (fora da dobra)
par3-8412,0.0493135228753089,estudo (fora da dobra)
par3-8413,0.1276136636734008,estudo (fora da dobra)
par3-8415,0.006081907544285,estudo (fora da dobra)
par3-8416,0.0035198491532355,estudo (fora da dobra)
par3-8417,0.0034651847090572,estudo (fora da dobra)
par3-8418,0.3662433624267578,estudo (fora da dobra)
par3-8420,0.1036019101738929,estudo (fora da dobra)
par3-8421,0.036680094897747,estudo (fora da dobra)
par3-8422,0.0054184617474675,estudo (fora da dobra)
par3-8423,0.0120197050273418,estudo (fora da dobra)
par3-8424,0.0039168638177216,estudo (fora da dobra)
par3-8426,0.9913668036460876,estudo (fora da dobra)
par3-8427,0.0188936609774827,estudo (fora da dobra)
par3-8428,0.0349292047321796,estudo (fora da dobra)
par3-8429,0.0038772192783653,estudo (fora da dobra)
par3-8430,0.0054825833067297,estudo (fora da dobra)
par3-8433,0.0053167981095612,estudo (fora da dobra)
par3-8434,0.0047433488070964,estudo (fora da dobra)
par3-8435,0.8264148235321045,estudo (fora da dobra)
par3-8436,0.1334425210952758,estudo (fora da dobra)
par3-8437,0.0036187409423291,estudo (fora da dobra)
par3-8438,0.003420055611059,estudo (fora da dobra)
par3-8440,0.003947333432734,estudo (fora da dobra)
par3-8442,0.0099655119702219,estudo (fora da dobra)
par3-8443,0.0073190252296626,estudo (fora da dobra)
par3-8444,0.0057743382640182,estudo (fora da dobra)
par3-8445,0.0093318959698081,estudo (fora da dobra)
par3-8446,0.9920114874839784,estudo (fora da dobra)
par3-8447,0.9870061874389648,estudo (fora da dobra)
par3-8449,0.8316314220428467,estudo (fora da dobra)
par3-8450,0.0057404893450438,estudo (fora da dobra)
par3-8451,0.0142884943634271,estudo (fora da dobra)
par3-8452,0.0875690579414367,estudo (fora da dobra)
par3-8453,0.0058380919508636,estudo (fora da dobra)
par3-8454,0.0091855358332395,estudo (fora da dobra)
par3-8456,0.0037413076497614,estudo (fora da dobra)
par3-8457,0.0044236043468117,estudo (fora da dobra)
par3-8458,0.166713684797287,estudo (fora da dobra)
par3-8459,0.0053697633557021,estudo (fora da dobra)
par3-8460,0.0078823463991284,estudo (fora da dobra)
par3-8461,0.993727207183838,estudo (fora da dobra)
par3-8463,0.9758398532867432,estudo (fora da dobra)
par3-8464,0.0058772950433194,estudo (fora da dobra)
par3-8465,0.0033207309897989,estudo (fora da dobra)
par3-8466,0.0281169954687356,estudo (fora da dobra)
par3-8467,0.4774988889694214,estudo (fora da dobra)
par3-8469,0.738426923751831,estudo (fora da dobra)
par3-8471,0.0046223974786698,estudo (fora da dobra)
par3-8472,0.0238380152732133,estudo (fora da dobra)
par3-8473,0.4973578751087188,estudo (fora da dobra)
par3-8474,0.0047785933129489,estudo (fora da dobra)
par3-8475,0.0414956845343112,estudo (fora da dobra)
par3-8476,0.0304215550422668,estudo (fora da dobra)
par3-8477,0.0039491639472544,estudo (fora da dobra)
par3-8478,0.0069816936738789,estudo (fora da dobra)
par3-8479,0.007769773248583,estudo (fora da dobra)
par3-8480,0.0054169222712516,estudo (fora da dobra)
par3-8481,0.0037955029401928,estudo (fora da dobra)
par3-8482,0.0412656888365745,estudo (fora da dobra)
par3-8483,0.0032850289717316,estudo (fora da dobra)
par3-8484,0.0038867630064487,estudo (fora da dobra)
par3-8486,0.0183496866375207,estudo (fora da dobra)
par3-8487,0.0051054707728326,estudo (fora da dobra)
par3-8488,0.0129739334806799,estudo (fora da dobra)
par3-8489,0.0034082164056599,estudo (fora da dobra)
par3-8490,0.9494892954826356,estudo (fora da dobra)
par3-8494,0.0073624579235911,estudo (fora da dobra)
par3-8495,0.0048404959961771,estudo (fora da dobra)
par3-8497,0.9880857467651368,estudo (fora da dobra)
par3-8498,0.0042652217671275,estudo (fora da dobra)
par3-8499,0.976603388786316,estudo (fora da dobra)
par3-8500,0.0057734982110559,estudo (fora da dobra)
par3-8502,0.003546870779246,estudo (fora da dobra)
par3-8503,0.0040470929816365,estudo (fora da dobra)
par3-8505,0.0109217138960957,estudo (fora da dobra)
par3-8506,0.1867854595184326,estudo (fora da dobra)
par3-8507,0.0035901190713047,estudo (fora da dobra)
par3-8508,0.0155489677563309,estudo (fora da dobra)
par3-8509,0.0034579571802169,estudo (fora da dobra)
par3-8510,0.0040005422197282,estudo (fora da dobra)
par3-8512,0.0045090005733072,estudo (fora da dobra)
par3-8513,0.064397320151329,estudo (fora da dobra)
par3-8514,0.0039976020343601,estudo (fora da dobra)
par3-8515,0.0686213299632072,estudo (fora da dobra)
par3-8516,0.0449722483754158,estudo (fora da dobra)
par3-8517,0.98045414686203,estudo (fora da dobra)
par3-8519,0.0035728884395211,estudo (fora da dobra)
par3-8520,0.0066278665326535,estudo (fora da dobra)
par3-8521,0.0037974417209625,estudo (fora da dobra)
par3-8522,0.0083432029932737,estudo (fora da dobra)
par3-8523,0.0042670955881476,estudo (fora da dobra)
par3-8526,0.9418023228645324,estudo (fora da dobra)
par3-8527,0.005567749030888,estudo (fora da dobra)
par3-8528,0.8493015766143799,estudo (fora da dobra)
par3-8529,0.0067010978236794,estudo (fora da dobra)
par3-8530,0.6155079007148743,estudo (fora da dobra)
par3-8531,0.0060114059597253,estudo (fora da dobra)
par3-8532,0.048946090042591,estudo (fora da dobra)
par3-8533,0.00440971320495,estudo (fora da dobra)
par3-8534,0.0050666951574385,estudo (fora da dobra)
par3-8536,0.1010591387748718,estudo (fora da dobra)
par3-8538,0.0102255707606673,estudo (fora da dobra)
par3-8539,0.0066278767772018,estudo (fora da dobra)
par3-8540,0.0070318863727152,estudo (fora da dobra)
par3-8541,0.9824021458625792,estudo (fora da dobra)
par3-8544,0.0066668721847236,estudo (fora da dobra)
par3-8545,0.0034703428391367,estudo (fora da dobra)
par3-8546,0.0053838985040783,estudo (fora da dobra)
par3-8548,0.0050085796974599,estudo (fora da dobra)
par3-8549,0.0037311478517949,estudo (fora da dobra)
par3-8551,0.0039323372766375,estudo (fora da dobra)
par3-8553,0.0037319487892091,estudo (fora da dobra)
par3-8554,0.0038551092147827,estudo (fora da dobra)
par3-8555,0.0040305247530341,estudo (fora da dobra)
par3-8556,0.404887318611145,estudo (fora da dobra)
par3-8558,0.9390692710876464,estudo (fora da dobra)
par3-8561,0.0051914388313889,estudo (fora da dobra)
par3-8563,0.002871363190934,estudo (fora da dobra)
par3-8568,0.2578577399253845,estudo (fora da dobra)
par3-8569,0.9509676098823548,estudo (fora da dobra)
par3-8572,0.0039870315231382,estudo (fora da dobra)
par3-8573,0.0033298081252723,estudo (fora da dobra)
par3-8574,0.0044353501871228,estudo (fora da dobra)
par3-8575,0.1922813951969146,estudo (fora da dobra)
par3-8576,0.0037453316617757,estudo (fora da dobra)
par3-8577,0.1179276928305625,estudo (fora da dobra)
par3-8578,0.0036431557964533,estudo (fora da dobra)
par3-8579,0.0057622399181127,estudo (fora da dobra)
par3-8580,0.0131950713694095,estudo (fora da dobra)
par3-8581,0.4335567951202392,estudo (fora da dobra)
par3-8583,0.0038528423756361,estudo (fora da dobra)
par3-8585,0.005616117734462,estudo (fora da dobra)
par3-8586,0.971053421497345,estudo (fora da dobra)
par3-8587,0.0041705393232405,estudo (fora da dobra)
par3-8588,0.0192480105906724,estudo (fora da dobra)
par3-8589,0.0045553352683782,estudo (fora da dobra)
par3-8590,0.040648728609085,estudo (fora da dobra)
par3-8592,0.0038816859014332,estudo (fora da dobra)
par3-8593,0.1784445792436599,estudo (fora da dobra)
par3-8594,0.0066275685094296,estudo (fora da dobra)
par3-8595,0.6925029158592224,estudo (fora da dobra)
par3-8596,0.0035244936589151,estudo (fora da dobra)
par3-8597,0.0048062363639473,estudo (fora da dobra)
par3-8599,0.0036662782076746,estudo (fora da dobra)
par3-8600,0.9406645894050598,estudo (fora da dobra)
par3-8602,0.1477022618055343,estudo (fora da dobra)
par3-8603,0.0080192387104034,estudo (fora da dobra)
par3-8604,0.0223667416721582,estudo (fora da dobra)
par3-8605,0.0067156911827623,estudo (fora da dobra)
par3-8606,0.0308572240173816,estudo (fora da dobra)
par3-8608,0.0168985780328512,estudo (fora da dobra)
par3-8609,0.0047716703265905,estudo (fora da dobra)
par3-8610,0.0047943429090082,estudo (fora da dobra)
par3-8611,0.0824301689863205,estudo (fora da dobra)
par3-8614,0.0048883804120123,estudo (fora da dobra)
par3-8615,0.0416279919445514,estudo (fora da dobra)
par3-8617,0.910814881324768,estudo (fora da dobra)
par3-8618,0.0200648345053195,estudo (fora da dobra)
par3-8619,0.0048410454764962,estudo (fora da dobra)
par3-8620,0.0057685952633619,estudo (fora da dobra)
par3-8621,0.1060885861515998,estudo (fora da dobra)
par3-8622,0.9170957803726196,estudo (fora da dobra)
par3-8624,0.3288749158382416,estudo (fora da dobra)
par3-8626,0.0051152263768017,estudo (fora da dobra)
par3-8627,0.9933772683143616,estudo (fora da dobra)
par3-8628,0.003724550595507,estudo (fora da dobra)
par3-8630,0.004705365281552,estudo (fora da dobra)
par3-8631,0.0042528137564659,estudo (fora da dobra)
par3-8633,0.9458864331245422,estudo (fora da dobra)
par3-8634,0.0125942304730415,estudo (fora da dobra)
par3-8635,0.00486182840541,estudo (fora da dobra)
par3-8637,0.0609549321234226,estudo (fora da dobra)
par3-8638,0.0041156243532896,estudo (fora da dobra)
par3-8639,0.695963978767395,estudo (fora da dobra)
par3-8640,0.0057172589004039,estudo (fora da dobra)
par3-8641,0.004448102787137,estudo (fora da dobra)
par3-8642,0.0034853583201766,estudo (fora da dobra)
par3-8643,0.0907382667064666,estudo (fora da dobra)
par3-8644,0.9948660135269164,estudo (fora da dobra)
par3-8646,0.0061837024986743,estudo (fora da dobra)
par3-8647,0.6870415210723877,estudo (fora da dobra)
par3-8648,0.988148272037506,estudo (fora da dobra)
par3-8649,0.0128655582666397,estudo (fora da dobra)
par3-8650,0.0033655727747827,estudo (fora da dobra)
par3-8651,0.0147920567542314,estudo (fora da dobra)
par3-8652,0.0051073119975626,estudo (fora da dobra)
par3-8653,0.0077548404224216,estudo (fora da dobra)
par3-8655,0.9914954900741576,estudo (fora da dobra)
par3-8657,0.003419519169256,estudo (fora da dobra)
par3-8660,0.8903272151947021,estudo (fora da dobra)
par3-8661,0.0098518384620547,estudo (fora da dobra)
par3-8662,0.0213135685771703,estudo (fora da dobra)
par3-8663,0.0047985790297389,estudo (fora da dobra)
par3-8664,0.0052237049676477,estudo (fora da dobra)
par3-8666,0.0036183865740895,estudo (fora da dobra)
par3-8667,0.5921338200569153,estudo (fora da dobra)
par3-8668,0.045963741838932,estudo (fora da dobra)
par3-8669,0.003645529737696,estudo (fora da dobra)
par3-8670,0.7965590357780457,estudo (fora da dobra)
par3-8671,0.0036654269788414,estudo (fora da dobra)
par3-8672,0.0040529095567762,estudo (fora da dobra)
par3-8674,0.0060668480582535,estudo (fora da dobra)
par3-8675,0.0125668244436383,estudo (fora da dobra)
par3-8676,0.0058634784072637,estudo (fora da dobra)
par3-8677,0.0064041977748274,estudo (fora da dobra)
par3-8678,0.0042370054870843,estudo (fora da dobra)
par3-8681,0.3397288918495178,estudo (fora da dobra)
par3-8684,0.2236644327640533,estudo (fora da dobra)
par3-8686,0.0050115608610212,estudo (fora da dobra)
par3-8687,0.0118885543197393,estudo (fora da dobra)
par3-8688,0.0183547474443912,estudo (fora da dobra)
par3-8690,0.0035725538618862,estudo (fora da dobra)
par3-8691,0.0121607044711709,estudo (fora da dobra)
par3-8692,0.00412368029356,estudo (fora da dobra)
par3-8694,0.0046861660666763,estudo (fora da dobra)
par3-8695,0.0033964621834456,estudo (fora da dobra)
par3-8696,0.0062297480180859,estudo (fora da dobra)
par3-8698,0.0185950901359319,estudo (fora da dobra)
par3-8699,0.0044991723261773,estudo (fora da dobra)
par3-8700,0.0033766522537916,estudo (fora da dobra)
par3-8702,0.2045808732509613,estudo (fora da dobra)
par3-8703,0.0040763160213828,estudo (fora da dobra)
par3-8704,0.0049585523083806,estudo (fora da dobra)
par3-8705,0.0041175889782607,estudo (fora da dobra)
par3-8706,0.4816668629646301,estudo (fora da dobra)
par3-8707,0.0069898543879389,estudo (fora da dobra)
par3-8708,0.0077607929706573,estudo (fora da dobra)
par3-8710,0.1188982054591178,estudo (fora da dobra)
par3-8712,0.6068201065063477,estudo (fora da dobra)
par3-8714,0.0032981322146952,estudo (fora da dobra)
par3-8715,0.6652140021324158,estudo (fora da dobra)
par3-8716,0.7174365520477295,estudo (fora da dobra)
par3-8717,0.0051861368119716,estudo (fora da dobra)
par3-8718,0.0336466059088707,estudo (fora da dobra)
par3-8720,0.0036042190622538,estudo (fora da dobra)
par3-8721,0.0096462070941925,estudo (fora da dobra)
par3-8723,0.0262189414352178,estudo (fora da dobra)
par3-8725,0.0136422049254179,estudo (fora da dobra)
par3-8726,0.0082638915628194,estudo (fora da dobra)
par3-8727,0.0040122019127011,estudo (fora da dobra)
par3-8729,0.9877933859825134,estudo (fora da dobra)
par3-8730,0.003784425323829,estudo (fora da dobra)
par3-8731,0.0080011887475848,estudo (fora da dobra)
par3-8732,0.0067642158828675,estudo (fora da dobra)
par3-8733,0.0038327258080244,estudo (fora da dobra)
par3-8734,0.953380823135376,estudo (fora da dobra)
par3-8735,0.9733624458312988,estudo (fora da dobra)
par3-8736,0.9783496856689452,estudo (fora da dobra)
par3-8737,0.0724289342761039,estudo (fora da dobra)
par3-8739,0.0035933819599449,estudo (fora da dobra)
par3-8740,0.0049602203071117,estudo (fora da dobra)
par3-8741,0.0044835484586656,estudo (fora da dobra)
par3-8742,0.0085462452843785,estudo (fora da dobra)
par3-8743,0.0064216223545372,estudo (fora da dobra)
par3-8745,0.9814078211784364,estudo (fora da dobra)
par3-8746,0.0295599773526191,estudo (fora da dobra)
par3-8747,0.9797486662864684,estudo (fora da dobra)
par3-8748,0.036531887948513,estudo (fora da dobra)
par3-8749,0.0050820084288716,estudo (fora da dobra)
par3-8751,0.0051020663231611,estudo (fora da dobra)
par3-8752,0.0841562449932098,estudo (fora da dobra)
par3-8755,0.0086152581498026,estudo (fora da dobra)
par3-8756,0.0055637378245592,estudo (fora da dobra)
par3-8757,0.0058891507796943,estudo (fora da dobra)
par3-8758,0.0155636668205261,estudo (fora da dobra)
par3-8759,0.0463173575699329,estudo (fora da dobra)
par3-8760,0.0056442124769091,estudo (fora da dobra)
par3-8761,0.9086970686912536,estudo (fora da dobra)
par3-8762,0.4486058950424194,estudo (fora da dobra)
par3-8763,0.125557005405426,estudo (fora da dobra)
par3-8764,0.0031350250355899,estudo (fora da dobra)
par3-8766,0.8768503665924072,estudo (fora da dobra)
par3-8767,0.0031362385489046,estudo (fora da dobra)
par3-8768,0.0034266703296452,estudo (fora da dobra)
par3-8771,0.0047133513726294,estudo (fora da dobra)
par3-8774,0.0039955633692443,estudo (fora da dobra)
par3-8775,0.004979551769793,estudo (fora da dobra)
par3-8776,0.0048665469512343,estudo (fora da dobra)
par3-8777,0.003423795569688,estudo (fora da dobra)
par3-8778,0.1288558691740036,estudo (fora da dobra)
par3-8780,0.0042555788531899,estudo (fora da dobra)
par3-8782,0.0033505668397992,estudo (fora da dobra)
par3-8783,0.9816142916679382,estudo (fora da dobra)
par3-8784,0.0052303420379757,estudo (fora da dobra)
par3-8785,0.2742811739444732,estudo (fora da dobra)
par3-8786,0.0047935335896909,estudo (fora da dobra)
par3-8787,0.1808092594146728,estudo (fora da dobra)
par3-8789,0.0047893337905406,estudo (fora da dobra)
par3-8791,0.904451847076416,estudo (fora da dobra)
par3-8792,0.003812137292698,estudo (fora da dobra)
par3-8793,0.0044057085178792,estudo (fora da dobra)
par3-8795,0.9882112145423888,estudo (fora da dobra)
par3-8796,0.0044142897240817,estudo (fora da dobra)
par3-8798,0.0907446816563606,estudo (fora da dobra)
par3-8799,0.992453396320343,estudo (fora da dobra)
par3-8800,0.0044007105752825,estudo (fora da dobra)
par3-8802,0.9729523062705994,estudo (fora da dobra)
par3-8803,0.0391022451221942,estudo (fora da dobra)
par3-8804,0.005019356496632,estudo (fora da dobra)
par3-8805,0.0394439920783042,estudo (fora da dobra)
par3-8806,0.0039213518612086,estudo (fora da dobra)
par3-8807,0.6184321641921997,estudo (fora da dobra)
par3-8808,0.0049104378558695,estudo (fora da dobra)
par3-8809,0.9944167137145996,estudo (fora da dobra)
par3-8810,0.0051296073943376,estudo (fora da dobra)
par3-8811,0.004198205191642,estudo (fora da dobra)
par3-8812,0.0992170572280883,estudo (fora da dobra)
par3-8813,0.0310168992727994,estudo (fora da dobra)
par3-8814,0.9490681290626526,estudo (fora da dobra)
par3-8815,0.1298405677080154,estudo (fora da dobra)
par3-8816,0.0116279395297169,estudo (fora da dobra)
par3-8817,0.0041698245331645,estudo (fora da dobra)
par3-8818,0.0052278344519436,estudo (fora da dobra)
par3-8819,0.015968358144164,estudo (fora da dobra)
par3-8821,0.0048631578683853,estudo (fora da dobra)
par3-8822,0.9912571907043456,estudo (fora da dobra)
par3-8823,0.0069955391809344,estudo (fora da dobra)
par3-8824,0.4248903393745422,estudo (fora da dobra)
par3-8826,0.0040432433597743,estudo (fora da dobra)
par3-8827,0.2575342059135437,estudo (fora da dobra)
par3-8828,0.05478236079216,estudo (fora da dobra)
par3-8829,0.0037986466195434,estudo (fora da dobra)
par3-8830,0.0039565665647387,estudo (fora da dobra)
par3-8831,0.0941312164068222,estudo (fora da dobra)
par3-8832,0.0046583344228565,estudo (fora da dobra)
par3-8833,0.0043220687657594,estudo (fora da dobra)
par3-8834,0.4544359743595123,estudo (fora da dobra)
par3-8835,0.2260027974843979,estudo (fora da dobra)
par3-8836,0.0334782227873802,estudo (fora da dobra)
par3-8838,0.0950423628091812,estudo (fora da dobra)
par3-8839,0.0404534861445426,estudo (fora da dobra)
par3-8840,0.0047149173915386,estudo (fora da dobra)
par3-8841,0.0043064747005701,estudo (fora da dobra)
par3-8843,0.0058573335409164,estudo (fora da dobra)
par3-8844,0.005220306571573,estudo (fora da dobra)
par3-8845,0.0060322554782032,estudo (fora da dobra)
par3-8846,0.0073844976723194,estudo (fora da dobra)
par3-8848,0.2293177843093872,estudo (fora da dobra)
par3-8849,0.0040380065329372,estudo (fora da dobra)
par3-8850,0.0040691075846552,estudo (fora da dobra)
par3-8851,0.0035012133885174,estudo (fora da dobra)
par3-8853,0.0827537551522255,estudo (fora da dobra)
par3-8854,0.0036299957428127,estudo (fora da dobra)
par3-8855,0.0038969395682215,estudo (fora da dobra)
par3-8857,0.6511810421943665,estudo (fora da dobra)
par3-8858,0.0580421090126037,estudo (fora da dobra)
par3-8859,0.0793996378779411,estudo (fora da dobra)
par3-8860,0.0701953396201133,estudo (fora da dobra)
par3-8862,0.062446691095829,estudo (fora da dobra)
par3-8863,0.967531442642212,estudo (fora da dobra)
par3-8866,0.9636463522911072,estudo (fora da dobra)
par3-8868,0.0046368474140763,estudo (fora da dobra)
par3-8869,0.9857299327850342,estudo (fora da dobra)
par3-8871,0.0202135648578405,estudo (fora da dobra)
par3-8872,0.9482154250144958,estudo (fora da dobra)
par3-8873,0.9472310543060304,estudo (fora da dobra)
par3-8874,0.0054169022478163,estudo (fora da dobra)
par3-8875,0.9394129514694214,estudo (fora da dobra)
par3-8876,0.0036543123424053,estudo (fora da dobra)
par3-8877,0.0057744672521948,estudo (fora da dobra)
par3-8878,0.7991013526916504,estudo (fora da dobra)
par3-8880,0.9534066915512084,estudo (fora da dobra)
par3-8881,0.0186895094811916,estudo (fora da dobra)
par3-8882,0.0088563039898872,estudo (fora da dobra)
par3-8883,0.0059083518572151,estudo (fora da dobra)
par3-8886,0.0046761240810155,estudo (fora da dobra)
par3-8887,0.0071959714405238,estudo (fora da dobra)
par3-8888,0.0049396422691643,estudo (fora da dobra)
par3-8889,0.0488088876008987,estudo (fora da dobra)
par3-8890,0.1319154202938079,estudo (fora da dobra)
par3-8892,0.5616787672042847,estudo (fora da dobra)
par3-8893,0.0046980464830994,estudo (fora da dobra)
par3-8894,0.0143818035721778,estudo (fora da dobra)
par3-8895,0.003086287761107,estudo (fora da dobra)
par3-8896,0.013568153604865,estudo (fora da dobra)
par3-8898,0.0074976398609578,estudo (fora da dobra)
par3-8899,0.0035641731228679,estudo (fora da dobra)
par3-8900,0.0037778462283313,estudo (fora da dobra)
par3-8902,0.0260490514338016,estudo (fora da dobra)
par3-8904,0.0080168759450316,estudo (fora da dobra)
par3-8908,0.885309636592865,estudo (fora da dobra)
par3-8909,0.0072892224416136,estudo (fora da dobra)
par3-0008,0.02052858,simulado
par3-0009,0.003343768,simulado
par3-0012,0.008537531,simulado
par3-0015,0.010068624,simulado
par3-0017,0.0034863818,simulado
par3-0019,0.0035426044,simulado
par3-0020,0.30159548,simulado
par3-0027,0.003559443,simulado
par3-0030,0.004836533,simulado
par3-0033,0.2541776,simulado
par3-0037,0.004964471,simulado
par3-0039,0.003190012,simulado
par3-0046,0.0033082268,simulado
par3-0047,0.0035172475,simulado
par3-0050,0.006155171,simulado
par3-0053,0.0035504776,simulado
par3-0057,0.0036106657,simulado
par3-0058,0.0042810757,simulado
par3-0064,0.025110504,simulado
par3-0067,0.9949385,simulado
par3-0071,0.015003603,simulado
par3-0073,0.96300006,simulado
par3-0075,0.6918445,simulado
par3-0084,0.0033656957,simulado
par3-0091,0.00323686,simulado
par3-0092,0.013184396,simulado
par3-0097,0.20134822,simulado
par3-0098,0.807484,simulado
par3-0102,0.52874285,simulado
par3-0108,0.9211639,simulado
par3-0109,0.016634585,simulado
par3-0119,0.0035396903,simulado
par3-0120,0.0032206622,simulado
par3-0132,0.0055599795,simulado
par3-0133,0.014766638,simulado
par3-0134,0.003496138,simulado
par3-0135,0.0042217337,simulado
par3-0136,0.99420965,simulado
par3-0138,0.4357393,simulado
par3-0139,0.003397886,simulado
par3-0144,0.9935395,simulado
par3-0151,0.9965544,simulado
par3-0155,0.003561385,simulado
par3-0160,0.99558675,simulado
par3-0167,0.0036195784,simulado
par3-0169,0.0033715197,simulado
par3-0172,0.0074199284,simulado
par3-0173,0.003457484,simulado
par3-0175,0.0048168856,simulado
par3-0177,0.026448818,simulado
par3-0178,0.19152439,simulado
par3-0181,0.0035690758,simulado
par3-0183,0.9961204,simulado
par3-0185,0.00648551,simulado
par3-0193,0.0069408007,simulado
par3-0196,0.0033332014,simulado
par3-0197,0.0034616299,simulado
par3-0198,0.14007111,simulado
par3-0201,0.003356358,simulado
par3-0206,0.0036988666,simulado
par3-0208,0.003851004,simulado
par3-0210,0.0034332764,simulado
par3-0219,0.9961248,simulado
par3-0225,0.0032716978,simulado
par3-0226,0.0032623147,simulado
par3-0229,0.0033559897,simulado
par3-0230,0.9957474,simulado
par3-0232,0.032211162,simulado
par3-0233,0.007964806,simulado
par3-0235,0.9159421,simulado
par3-0243,0.9957326,simulado
par3-0249,0.003313884,simulado
par3-0250,0.2130393,simulado
par3-0254,0.986912,simulado
par3-0255,0.88549393,simulado
par3-0260,0.014970413,simulado
par3-0265,0.0036329562,simulado
par3-0266,0.005639798,simulado
par3-0268,0.0037421375,simulado
par3-0271,0.0032564187,simulado
par3-0272,0.0032306095,simulado
par3-0273,0.005686387,simulado
par3-0291,0.9964832,simulado
par3-0301,0.003387955,simulado
par3-0303,0.003229679,simulado
par3-0306,0.0037335553,simulado
par3-0310,0.0032988254,simulado
par3-0315,0.004375871,simulado
par3-0317,0.0038886117,simulado
par3-0327,0.004711095,simulado
par3-0340,0.50086313,simulado
par3-0343,0.0037106571,simulado
par3-0354,0.99672914,simulado
par3-0355,0.0031936576,simulado
par3-0358,0.99017453,simulado
par3-0359,0.0031842191,simulado
par3-0365,0.0041537876,simulado
par3-0373,0.041671835,simulado
par3-0375,0.96253854,simulado
par3-0376,0.1913887,simulado
par3-0384,0.08345103,simulado
par3-0388,0.018719459,simulado
par3-0391,0.003326637,simulado
par3-0393,0.7883343,simulado
par3-0398,0.0034735266,simulado
par3-0399,0.0035493239,simulado
par3-0401,0.0032775358,simulado
par3-0410,0.513899,simulado
par3-0411,0.0035643526,simulado
par3-0412,0.003184988,simulado
par3-0417,0.0056972248,simulado
par3-0419,0.025392985,simulado
par3-0424,0.0063254745,simulado
par3-0427,0.007948808,simulado
par3-0437,0.0046275673,simulado
par3-0441,0.013304768,simulado
par3-0450,0.0048711416,simulado
par3-0457,0.26203224,simulado
par3-0458,0.0035127033,simulado
par3-0459,0.0037049993,simulado
par3-0463,0.0035138135,simulado
par3-0467,0.003340007,simulado
par3-0468,0.99626654,simulado
par3-0469,0.00349817,simulado
par3-0472,0.19531576,simulado
par3-0473,0.89702153,simulado
par3-0479,0.0033560295,simulado
par3-0485,0.0036086112,simulado
par3-0487,0.0036180082,simulado
par3-0498,0.0045793727,simulado
par3-0499,0.003427305,simulado
par3-0501,0.8973978,simulado
par3-0502,0.0034078697,simulado
par3-0506,0.9309994,simulado
par3-0507,0.0034604063,simulado
par3-0516,0.00431063,simulado
par3-0518,0.062019832,simulado
par3-0523,0.99465054,simulado
par3-0525,0.0032618279,simulado
par3-0533,0.0034365356,simulado
par3-0535,0.0038852901,simulado
par3-0543,0.0034539597,simulado
par3-0549,0.0034056667,simulado
par3-0555,0.0043428023,simulado
par3-0565,0.0035686211,simulado
par3-0568,0.003485666,simulado
par3-0569,0.9965244,simulado
par3-0579,0.003322529,simulado
par3-0583,0.9574715,simulado
par3-0585,0.0038553413,simulado
par3-0588,0.0034597407,simulado
par3-0589,0.0031857071,simulado
par3-0592,0.0031098758,simulado
par3-0595,0.0037200595,simulado
par3-0597,0.9756511,simulado
par3-0599,0.0052989027,simulado
par3-0602,0.3801667,simulado
par3-0606,0.006036159,simulado
par3-0609,0.003542325,simulado
par3-0617,0.004039188,simulado
par3-0618,0.0036413963,simulado
par3-0622,0.0038525115,simulado
par3-0627,0.20081635,simulado
par3-0629,0.89201975,simulado
par3-0630,0.98426616,simulado
par3-0631,0.9879467,simulado
par3-0635,0.0060327873,simulado
par3-0639,0.0035461748,simulado
par3-0640,0.010599934,simulado
par3-0641,0.4150479,simulado
par3-0644,0.003204262,simulado
par3-0647,0.29021198,simulado
par3-0653,0.46000263,simulado
par3-0659,0.004320165,simulado
par3-0670,0.0036731756,simulado
par3-0671,0.00522313,simulado
par3-0674,0.99636793,simulado
par3-0676,0.0037275779,simulado
par3-0678,0.003433025,simulado
par3-0682,0.0073480136,simulado
par3-0689,0.003478571,simulado
par3-0693,0.0032720505,simulado
par3-0694,0.04416561,simulado
par3-0699,0.33890656,simulado
par3-0702,0.9794939,simulado
par3-0712,0.0077459286,simulado
par3-0714,0.008080156,simulado
par3-0716,0.0036726051,simulado
par3-0719,0.0039572376,simulado
par3-0723,0.026309194,simulado
par3-0724,0.45240024,simulado
par3-0728,0.8542786,simulado
par3-0730,0.9691049,simulado
par3-0742,0.003459808,simulado
par3-0746,0.021185247,simulado
par3-0748,0.003462887,simulado
par3-0749,0.0036264067,simulado
par3-0750,0.007907691,simulado
par3-0757,0.0039056893,simulado
par3-0760,0.003922073,simulado
par3-0768,0.024795594,simulado
par3-0772,0.0034277826,simulado
par3-0775,0.05346677,simulado
par3-0780,0.003394819,simulado
par3-0787,0.0033490418,simulado
par3-0794,0.0033466711,simulado
par3-0795,0.7608514,simulado
par3-0799,0.4490573,simulado
par3-0800,0.25319785,simulado
par3-0804,0.98229724,simulado
par3-0809,0.0042362595,simulado
par3-0812,0.010333511,simulado
par3-0816,0.592823,simulado
par3-0819,0.0035959508,simulado
par3-0827,0.98485804,simulado
par3-0828,0.0040081665,simulado
par3-0845,0.46157295,simulado
par3-0846,0.0031903032,simulado
par3-0847,0.12684448,simulado
par3-0849,0.0032761716,simulado
par3-0850,0.003537249,simulado
par3-0851,0.003915521,simulado
par3-0852,0.0052383146,simulado
par3-0855,0.00355054,simulado
par3-0859,0.003347977,simulado
par3-0861,0.99534154,simulado
par3-0866,0.003964687,simulado
par3-0870,0.003282546,simulado
par3-0873,0.09155654,simulado
par3-0876,0.71181196,simulado
par3-0886,0.9896836,simulado
par3-0888,0.0032990826,simulado
par3-0889,0.004366097,simulado
par3-0890,0.96822673,simulado
par3-0892,0.19777389,simulado
par3-0896,0.9962251,simulado
par3-0900,0.0037339209,simulado
par3-0902,0.009566481,simulado
par3-0903,0.0033871538,simulado
par3-0913,0.0040523997,simulado
par3-0915,0.0034570666,simulado
par3-0918,0.25445893,simulado
par3-0920,0.0032887252,simulado
par3-0921,0.20689194,simulado
par3-0925,0.003843559,simulado
par3-0928,0.0033811345,simulado
par3-0933,0.0036595094,simulado
par3-0935,0.90177447,simulado
par3-0943,0.005160132,simulado
par3-0949,0.0038725093,simulado
par3-0950,0.0064692334,simulado
par3-0959,0.0033923357,simulado
par3-0962,0.0036897596,simulado
par3-0973,0.995559,simulado
par3-0980,0.003447016,simulado
par3-0981,0.003330236,simulado
par3-0984,0.0033765626,simulado
par3-0985,0.0037094867,simulado
par3-0986,0.0034132767,simulado
par3-0991,0.005444292,simulado
par3-1001,0.0063181296,simulado
par3-1002,0.004685339,simulado
par3-1004,0.0035308662,simulado
par3-1013,0.029052228,simulado
par3-1014,0.00889262,simulado
par3-1016,0.98772836,simulado
par3-1021,0.0031665873,simulado
par3-1030,0.017533995,simulado
par3-1032,0.0035112763,simulado
par3-1033,0.992867,simulado
par3-1036,0.0037950668,simulado
par3-1037,0.9939573,simulado
par3-1038,0.0032258725,simulado
par3-1039,0.0032701916,simulado
par3-1046,0.9954829,simulado
par3-1048,0.0032856895,simulado
par3-1051,0.003491916,simulado
par3-1053,0.0036312568,simulado
par3-1056,0.0032998195,simulado
par3-1063,0.0033721575,simulado
par3-1070,0.0035382544,simulado
par3-1072,0.019134777,simulado
par3-1074,0.005833948,simulado
par3-1075,0.9952858,simulado
par3-1077,0.35882798,simulado
par3-1082,0.0031128977,simulado
par3-1084,0.0043571726,simulado
par3-1090,0.0032874986,simulado
par3-1093,0.0037474476,simulado
par3-1094,0.048232384,simulado
par3-1095,0.0036897964,simulado
par3-1096,0.0036109262,simulado
par3-1099,0.14379288,simulado
par3-1102,0.0034494295,simulado
par3-1108,0.0031994754,simulado
par3-1111,0.41166234,simulado
par3-1117,0.010426955,simulado
par3-1118,0.0035565593,simulado
par3-1124,0.038553294,simulado
par3-1129,0.0036343164,simulado
par3-1136,0.9958967,simulado
par3-1140,0.5267079,simulado
par3-1144,0.003719095,simulado
par3-1148,0.021175884,simulado
par3-1150,0.99451774,simulado
par3-1152,0.9892371,simulado
par3-1157,0.0035430219,simulado
par3-1158,0.006143124,simulado
par3-1161,0.9966995,simulado
par3-1162,0.008782645,simulado
par3-1165,0.0032554406,simulado
par3-1167,0.0033054433,simulado
par3-1169,0.995754,simulado
par3-1170,0.006103518,simulado
par3-1174,0.005035406,simulado
par3-1175,0.99620205,simulado
par3-1176,0.0056056967,simulado
par3-1177,0.0036755935,simulado
par3-1186,0.8029737,simulado
par3-1194,0.008344573,simulado
par3-1200,0.0041428586,simulado
par3-1210,0.4952397,simulado
par3-1211,0.0373748,simulado
par3-1217,0.22180241,simulado
par3-1219,0.6981866,simulado
par3-1220,0.15876006,simulado
par3-1228,0.003688701,simulado
par3-1231,0.99308383,simulado
par3-1234,0.0033335816,simulado
par3-1236,0.0031398032,simulado
par3-1239,0.9962681,simulado
par3-1244,0.003929147,simulado
par3-1245,0.0039361343,simulado
par3-1246,0.0049841325,simulado
par3-1249,0.021863278,simulado
par3-1258,0.003763302,simulado
par3-1262,0.011277126,simulado
par3-1263,0.0050719604,simulado
par3-1264,0.14414586,simulado
par3-1267,0.98779964,simulado
par3-1269,0.0034751545,simulado
par3-1270,0.0032300642,simulado
par3-1274,0.041709166,simulado
par3-1276,0.0031326148,simulado
par3-1278,0.0037116657,simulado
par3-1285,0.003492676,simulado
par3-1290,0.06257029,simulado
par3-1294,0.07188884,simulado
par3-1300,0.13035111,simulado
par3-1311,0.98751336,simulado
par3-1316,0.0035445374,simulado
par3-1324,0.00380025,simulado
par3-1327,0.0033235112,simulado
par3-1328,0.34760803,simulado
par3-1329,0.71233875,simulado
par3-1331,0.0036710594,simulado
par3-1332,0.97712237,simulado
par3-1335,0.0032092978,simulado
par3-1336,0.99361753,simulado
par3-1337,0.0032950272,simulado
par3-1338,0.004014581,simulado
par3-1342,0.0033069532,simulado
par3-1346,0.003482428,simulado
par3-1347,0.0038138127,simulado
par3-1349,0.0033550537,simulado
par3-1350,0.0033295094,simulado
par3-1352,0.003307989,simulado
par3-1354,0.025530854,simulado
par3-1362,0.0033193629,simulado
par3-1364,0.003803533,simulado
par3-1365,0.0031885614,simulado
par3-1366,0.047504693,simulado
par3-1370,0.0032269524,simulado
par3-1372,0.0037693456,simulado
par3-1377,0.0032478774,simulado
par3-1378,0.0042377324,simulado
par3-1380,0.003325123,simulado
par3-1381,0.007955678,simulado
par3-1384,0.003537582,simulado
par3-1393,0.0037858316,simulado
par3-1398,0.003858278,simulado
par3-1405,0.24447854,simulado
par3-1406,0.008597572,simulado
par3-1412,0.0033604521,simulado
par3-1413,0.7263926,simulado
par3-1416,0.048763577,simulado
par3-1420,0.26064935,simulado
par3-1424,0.0032609152,simulado
par3-1431,0.9082793,simulado
par3-1437,0.5720226,simulado
par3-1439,0.2944876,simulado
par3-1440,0.01005142,simulado
par3-1442,0.003551132,simulado
par3-1443,0.9965994,simulado
par3-1450,0.007939849,simulado
par3-1452,0.0033548435,simulado
par3-1460,0.56705415,simulado
par3-1462,0.0035299081,simulado
par3-1464,0.0031050975,simulado
par3-1469,0.7431018,simulado
par3-1474,0.3629126,simulado
par3-1477,0.007675188,simulado
par3-1483,0.15204988,simulado
par3-1485,0.02451933,simulado
par3-1486,0.022802059,simulado
par3-1487,0.9876494,simulado
par3-1489,0.99013585,simulado
par3-1493,0.003051674,simulado
par3-1496,0.051789414,simulado
par3-1499,0.5946748,simulado
par3-1500,0.103252396,simulado
par3-1504,0.0066960407,simulado
par3-1506,0.060317427,simulado
par3-1508,0.0041480907,simulado
par3-1510,0.036568083,simulado
par3-1513,0.021296643,simulado
par3-1515,0.0034665815,simulado
par3-1520,0.00759591,simulado
par3-1528,0.004016608,simulado
par3-1530,0.99653167,simulado
par3-1536,0.14679989,simulado
par3-1538,0.0034071445,simulado
par3-1546,0.004371388,simulado
par3-1550,0.0031075117,simulado
par3-1553,0.003361789,simulado
par3-1555,0.007626633,simulado
par3-1561,0.8468864,simulado
par3-1568,0.003408003,simulado
par3-1570,0.0042863963,simulado
par3-1571,0.00381349,simulado
par3-1573,0.003135916,simulado
par3-1580,0.009103502,simulado
par3-1581,0.0075901854,simulado
par3-1586,0.6841497,simulado
par3-1588,0.0033994787,simulado
par3-1589,0.9795051,simulado
par3-1593,0.0031788838,simulado
par3-1600,0.0073512737,simulado
par3-1601,0.0034313349,simulado
par3-1613,0.99610424,simulado
par3-1618,0.026485814,simulado
par3-1622,0.0036439195,simulado
par3-1624,0.004060205,simulado
par3-1645,0.0033739626,simulado
par3-1647,0.003489042,simulado
par3-1648,0.98415333,simulado
par3-1649,0.003684086,simulado
par3-1653,0.083668545,simulado
par3-1654,0.07056948,simulado
par3-1656,0.0033147158,simulado
par3-1659,0.030070595,simulado
par3-1664,0.16017243,simulado
par3-1666,0.003943123,simulado
par3-1676,0.028324973,simulado
par3-1679,0.005277016,simulado
par3-1680,0.055464014,simulado
par3-1682,0.19867992,simulado
par3-1683,0.005718799,simulado
par3-1685,0.0033291327,simulado
par3-1693,0.98896664,simulado
par3-1698,0.003705844,simulado
par3-1702,0.9904828,simulado
par3-1703,0.0035080826,simulado
par3-1704,0.2484603,simulado
par3-1709,0.0034762546,simulado
par3-1720,0.0031831749,simulado
par3-1730,0.0033799838,simulado
par3-1731,0.0035133273,simulado
par3-1734,0.0034914748,simulado
par3-1735,0.003429964,simulado
par3-1745,0.07103741,simulado
par3-1751,0.9951514,simulado
par3-1752,0.0035005365,simulado
par3-1755,0.0039182687,simulado
par3-1760,0.004829442,simulado
par3-1762,0.003225828,simulado
par3-1763,0.99533737,simulado
par3-1765,0.996207,simulado
par3-1776,0.003585123,simulado
par3-1780,0.005996554,simulado
par3-1783,0.7424716,simulado
par3-1784,0.003164816,simulado
par3-1785,0.00358173,simulado
par3-1788,0.0035445811,simulado
par3-1789,0.99367625,simulado
par3-1791,0.988279,simulado
par3-1792,0.9880939,simulado
par3-1794,0.9896142,simulado
par3-1796,0.0033713994,simulado
par3-1798,0.0052189347,simulado
par3-1799,0.2952448,simulado
par3-1802,0.0057774275,simulado
par3-1806,0.0037926142,simulado
par3-1822,0.38281715,simulado
par3-1823,0.0034067316,simulado
par3-1824,0.0059138574,simulado
par3-1827,0.003395773,simulado
par3-1835,0.0033325234,simulado
par3-1839,0.005591908,simulado
par3-1844,0.0035344753,simulado
par3-1845,0.0035427338,simulado
par3-1849,0.99484444,simulado
par3-1864,0.003104026,simulado
par3-1868,0.0036675644,simulado
par3-1873,0.0035256657,simulado
par3-1876,0.9956643,simulado
par3-1877,0.99617934,simulado
par3-1880,0.004796683,simulado
par3-1885,0.0031236531,simulado
par3-1887,0.0033387756,simulado
par3-1890,0.029631374,simulado
par3-1895,0.19266382,simulado
par3-1900,0.0049627116,simulado
par3-1902,0.004766257,simulado
par3-1903,0.012591397,simulado
par3-1904,0.9930976,simulado
par3-1911,0.867472,simulado
par3-1913,0.0035084481,simulado
par3-1922,0.0033982801,simulado
par3-1927,0.003317628,simulado
par3-1933,0.0034527685,simulado
par3-1934,0.004717498,simulado
par3-1935,0.0042407513,simulado
par3-1936,0.9964426,simulado
par3-1938,0.77170885,simulado
par3-1939,0.0039827107,simulado
par3-1941,0.016492337,simulado
par3-1945,0.003712586,simulado
par3-1949,0.04287082,simulado
par3-1950,0.0031538068,simulado
par3-1956,0.0037264621,simulado
par3-1961,0.0033921164,simulado
par3-1962,0.16995361,simulado
par3-1965,0.0036345015,simulado
par3-1967,0.010225026,simulado
par3-1971,0.0034176884,simulado
par3-1979,0.0038749785,simulado
par3-1981,0.99208075,simulado
par3-1982,0.0033921436,simulado
par3-1984,0.05291493,simulado
par3-1990,0.0037191738,simulado
par3-1995,0.006280045,simulado
par3-1999,0.99395436,simulado
par3-2000,0.10536971,simulado
par3-2003,0.0034291933,simulado
par3-2005,0.003344337,simulado
par3-2009,0.99405813,simulado
par3-2014,0.003835496,simulado
par3-2015,0.0035133644,simulado
par3-2018,0.0035775835,simulado
par3-2019,0.007976093,simulado
par3-2021,0.0035749685,simulado
par3-2025,0.7784748,simulado
par3-2030,0.003499788,simulado
par3-2031,0.00471179,simulado
par3-2032,0.034027617,simulado
par3-2033,0.7977768,simulado
par3-2035,0.9622019,simulado
par3-2036,0.0046288506,simulado
par3-2039,0.0033167468,simulado
par3-2050,0.0031582625,simulado
par3-2053,0.0034569486,simulado
par3-2058,0.9464624,simulado
par3-2059,0.0034705405,simulado
par3-2062,0.004089353,simulado
par3-2065,0.9911923,simulado
par3-2071,0.016433865,simulado
par3-2073,0.67452264,simulado
par3-2081,0.003817463,simulado
par3-2084,0.012653048,simulado
par3-2089,0.0033229804,simulado
par3-2091,0.99462634,simulado
par3-2092,0.0030974387,simulado
par3-2093,0.9959602,simulado
par3-2094,0.2472618,simulado
par3-2096,0.0035692928,simulado
par3-2098,0.0034399275,simulado
par3-2102,0.0039328,simulado
par3-2109,0.333787,simulado
par3-2110,0.0038672576,simulado
par3-2113,0.99432474,simulado
par3-2122,0.034104344,simulado
par3-2123,0.0034383407,simulado
par3-2126,0.0055752704,simulado
par3-2135,0.0044925795,simulado
par3-2136,0.29392955,simulado
par3-2138,0.32853568,simulado
par3-2141,0.0034714045,simulado
par3-2142,0.0034618156,simulado
par3-2148,0.0065258346,simulado
par3-2149,0.15520403,simulado
par3-2150,0.0043037115,simulado
par3-2153,0.104966745,simulado
par3-2155,0.003733559,simulado
par3-2167,0.0040557743,simulado
par3-2171,0.0044406066,simulado
par3-2175,0.98544866,simulado
par3-2181,0.003428569,simulado
par3-2182,0.99093527,simulado
par3-2186,0.0033596104,simulado
par3-2194,0.011302765,simulado
par3-2199,0.013634783,simulado
par3-2202,0.67040867,simulado
par3-2203,0.0040391707,simulado
par3-2206,0.0043187416,simulado
par3-2208,0.0033873932,simulado
par3-2220,0.0038369407,simulado
par3-2223,0.0038251195,simulado
par3-2224,0.0035316616,simulado
par3-2227,0.05095465,simulado
par3-2230,0.31968015,simulado
par3-2238,0.9845952,simulado
par3-2243,0.003216634,simulado
par3-2245,0.0031287994,simulado
par3-2247,0.003916676,simulado
par3-2252,0.0035733653,simulado
par3-2255,0.003627944,simulado
par3-2258,0.01992996,simulado
par3-2261,0.0035487134,simulado
par3-2263,0.0034416951,simulado
par3-2271,0.20453797,simulado
par3-2275,0.010132903,simulado
par3-2277,0.024834136,simulado
par3-2279,0.0033481917,simulado
par3-2284,0.0039440766,simulado
par3-2287,0.99024034,simulado
par3-2290,0.0036328284,simulado
par3-2295,0.9947237,simulado
par3-2299,0.3487613,simulado
par3-2302,0.1255898,simulado
par3-2309,0.0045512137,simulado
par3-2319,0.0045418623,simulado
par3-2327,0.9560842,simulado
par3-2332,0.6718903,simulado
par3-2334,0.90580416,simulado
par3-2344,0.00651166,simulado
par3-2346,0.0032290833,simulado
par3-2348,0.00311247,simulado
par3-2350,0.03222415,simulado
par3-2351,0.98632336,simulado
par3-2352,0.007422373,simulado
par3-2355,0.98602587,simulado
par3-2356,0.008830056,simulado
par3-2359,0.003192644,simulado
par3-2362,0.004956504,simulado
par3-2367,0.003587529,simulado
par3-2371,0.98275924,simulado
par3-2374,0.99659216,simulado
par3-2377,0.992121,simulado
par3-2383,0.004018564,simulado
par3-2384,0.718513,simulado
par3-2385,0.003602119,simulado
par3-2387,0.26046553,simulado
par3-2388,0.08912549,simulado
par3-2390,0.9946155,simulado
par3-2391,0.1254865,simulado
par3-2392,0.0062282896,simulado
par3-2399,0.049845565,simulado
par3-2407,0.0036426212,simulado
par3-2421,0.9842047,simulado
par3-2423,0.003338936,simulado
par3-2426,0.0038119652,simulado
par3-2428,0.0041397293,simulado
par3-2432,0.8659688,simulado
par3-2441,0.003810908,simulado
par3-2442,0.0035117539,simulado
par3-2443,0.93452233,simulado
par3-2447,0.003340461,simulado
par3-2448,0.0032729374,simulado
par3-2450,0.14711286,simulado
par3-2453,0.0069984817,simulado
par3-2454,0.004708455,simulado
par3-2456,0.003685744,simulado
par3-2460,0.005551217,simulado
par3-2465,0.3194272,simulado
par3-2468,0.0034211525,simulado
par3-2471,0.99663746,simulado
par3-2472,0.0040657218,simulado
par3-2475,0.0034955847,simulado
par3-2478,0.009661845,simulado
par3-2479,0.07610466,simulado
par3-2483,0.0058801654,simulado
par3-2486,0.36957732,simulado
par3-2492,0.0038210296,simulado
par3-2495,0.9925614,simulado
par3-2497,0.99379045,simulado
par3-2499,0.99429905,simulado
par3-2503,0.2787899,simulado
par3-2504,0.8155498,simulado
par3-2506,0.053054307,simulado
par3-2507,0.003308076,simulado
par3-2520,0.0032930437,simulado
par3-2521,0.18699208,simulado
par3-2527,0.04430267,simulado
par3-2529,0.41701803,simulado
par3-2531,0.004115044,simulado
par3-2539,0.0033372955,simulado
par3-2543,0.0030966145,simulado
par3-2556,0.9626917,simulado
par3-2560,0.0053036152,simulado
par3-2561,0.0033886977,simulado
par3-2562,0.010031962,simulado
par3-2564,0.938837,simulado
par3-2572,0.0037701658,simulado
par3-2574,0.0033498756,simulado
par3-2576,0.0032296265,simulado
par3-2578,0.048520885,simulado
par3-2580,0.0032312388,simulado
par3-2583,0.0036509482,simulado
par3-2585,0.810265,simulado
par3-2587,0.4745026,simulado
par3-2600,0.7915951,simulado
par3-2601,0.0035724165,simulado
par3-2603,0.0034138411,simulado
par3-2609,0.026593236,simulado
par3-2613,0.0036983306,simulado
par3-2619,0.0036544981,simulado
par3-2621,0.0036913217,simulado
par3-2623,0.0033791647,simulado
par3-2624,0.9539521,simulado
par3-2626,0.9961953,simulado
par3-2627,0.0038665137,simulado
par3-2628,0.0034073035,simulado
par3-2630,0.021006562,simulado
par3-2633,0.72056574,simulado
par3-2644,0.0034093473,simulado
par3-2646,0.99605787,simulado
par3-2647,0.9962238,simulado
par3-2650,0.003926925,simulado
par3-2664,0.003465992,simulado
par3-2665,0.0051996754,simulado
par3-2679,0.004147427,simulado
par3-2683,0.0037211145,simulado
par3-2684,0.0031818168,simulado
par3-2686,0.17420618,simulado
par3-2689,0.024866084,simulado
par3-2691,0.0037152118,simulado
par3-2697,0.9855903,simulado
par3-2701,0.0034157787,simulado
par3-2702,0.990419,simulado
par3-2706,0.009228258,simulado
par3-2715,0.0034288967,simulado
par3-2720,0.0031062092,simulado
par3-2727,0.003895218,simulado
par3-2733,0.0041622715,simulado
par3-2736,0.0036020812,simulado
par3-2737,0.0032744934,simulado
par3-2741,0.009012371,simulado
par3-2751,0.99660134,simulado
par3-2757,0.0034537956,simulado
par3-2762,0.005778183,simulado
par3-2765,0.62646407,simulado
par3-2768,0.0031595284,simulado
par3-2771,0.11873139,simulado
par3-2774,0.0035145483,simulado
par3-2780,0.0064789504,simulado
par3-2786,0.005490462,simulado
par3-2788,0.2958912,simulado
par3-2791,0.99623376,simulado
par3-2795,0.007453599,simulado
par3-2802,0.0033142178,simulado
par3-2803,0.0033729365,simulado
par3-2806,0.9965222,simulado
par3-2808,0.003620514,simulado
par3-2810,0.14977272,simulado
par3-2811,0.0037432308,simulado
par3-2813,0.43934277,simulado
par3-2819,0.0037424592,simulado
par3-2821,0.009550248,simulado
par3-2822,0.9941392,simulado
par3-2825,0.90730804,simulado
par3-2830,0.003393066,simulado
par3-2834,0.7217534,simulado
par3-2835,0.0037262393,simulado
par3-2836,0.0033618032,simulado
par3-2837,0.014833774,simulado
par3-2845,0.006602845,simulado
par3-2850,0.9933143,simulado
par3-2869,0.0035140456,simulado
par3-2870,0.008951642,simulado
par3-2871,0.0034705487,simulado
par3-2873,0.0033073022,simulado
par3-2878,0.98793846,simulado
par3-2880,0.9836482,simulado
par3-2883,0.7759301,simulado
par3-2885,0.9923866,simulado
par3-2888,0.0035438892,simulado
par3-2889,0.98644537,simulado
par3-2890,0.0036580279,simulado
par3-2893,0.0033593327,simulado
par3-2894,0.004999062,simulado
par3-2900,0.51308423,simulado
par3-2901,0.0036270027,simulado
par3-2903,0.039269716,simulado
par3-2904,0.0038281514,simulado
par3-2906,0.04071185,simulado
par3-2907,0.0033414678,simulado
par3-2908,0.007005623,simulado
par3-2913,0.003857327,simulado
par3-2916,0.003498639,simulado
par3-2917,0.026878254,simulado
par3-2922,0.004710663,simulado
par3-2926,0.0038213586,simulado
par3-2936,0.0033413917,simulado
par3-2944,0.541602,simulado
par3-2945,0.031977516,simulado
par3-2946,0.0057534915,simulado
par3-2955,0.0030765512,simulado
par3-2958,0.107640475,simulado
par3-2966,0.068530425,simulado
par3-3000,0.1977529,simulado
par3-3017,0.1945067,simulado
par3-3024,0.0036412072,simulado
par3-3025,0.57391995,simulado
par3-3029,0.004325115,simulado
par3-3035,0.9409666,simulado
par3-3040,0.9905868,simulado
par3-3042,0.004029153,simulado
par3-3044,0.020830715,simulado
par3-3057,0.0037433289,simulado
par3-3058,0.8881977,simulado
par3-3060,0.003688701,simulado
par3-3063,0.0033406073,simulado
par3-3068,0.0065586106,simulado
par3-3070,0.12940253,simulado
par3-3071,0.99564666,simulado
par3-3074,0.92340976,simulado
par3-3084,0.00486887,simulado
par3-3091,0.0036263913,simulado
par3-3097,0.4510886,simulado
par3-3107,0.0032819766,simulado
par3-3116,0.0033253725,simulado
par3-3119,0.0053614927,simulado
par3-3123,0.0034439561,simulado
par3-3124,0.11023607,simulado
par3-3127,0.0039612805,simulado
par3-3128,0.0033557187,simulado
par3-3133,0.085783534,simulado
par3-3137,0.0034936953,simulado
par3-3141,0.003321337,simulado
par3-3145,0.9631105,simulado
par3-3149,0.0038658874,simulado
par3-3155,0.69557375,simulado
par3-3157,0.0032835135,simulado
par3-3162,0.046163306,simulado
par3-3163,0.003469525,simulado
par3-3164,0.018477844,simulado
par3-3166,0.0034360671,simulado
par3-3170,0.0031493725,simulado
par3-3171,0.0038410458,simulado
par3-3174,0.08405653,simulado
par3-3177,0.22528167,simulado
par3-3181,0.003901833,simulado
par3-3182,0.0071552773,simulado
par3-3184,0.0035482515,simulado
par3-3188,0.92387116,simulado
par3-3195,0.0036468063,simulado
par3-3197,0.031262785,simulado
par3-3204,0.004005641,simulado
par3-3206,0.0035147786,simulado
par3-3207,0.0040853354,simulado
par3-3215,0.9899093,simulado
par3-3217,0.0063311383,simulado
par3-3218,0.0032495726,simulado
par3-3219,0.0033564717,simulado
par3-3221,0.020020518,simulado
par3-3224,0.0040222625,simulado
par3-3225,0.67489713,simulado
par3-3229,0.0033481887,simulado
par3-3234,0.009788192,simulado
par3-3238,0.0059933267,simulado
par3-3239,0.88521445,simulado
par3-3241,0.18615913,simulado
par3-3245,0.0052289334,simulado
par3-3248,0.01995839,simulado
par3-3249,0.0035688127,simulado
par3-3255,0.02770342,simulado
par3-3260,0.005245911,simulado
par3-3263,0.9957698,simulado
par3-3264,0.0031316665,simulado
par3-3272,0.007368504,simulado
par3-3279,0.99578685,simulado
par3-3287,0.0032857833,simulado
par3-3297,0.0034794838,simulado
par3-3299,0.003868472,simulado
par3-3301,0.012103293,simulado
par3-3316,0.03865992,simulado
par3-3318,0.0057747546,simulado
par3-3320,0.39276445,simulado
par3-3323,0.003333255,simulado
par3-3330,0.36245233,simulado
par3-3333,0.02163907,simulado
par3-3334,0.4683918,simulado
par3-3345,0.0040908023,simulado
par3-3346,0.017292047,simulado
par3-3347,0.009589436,simulado
par3-3352,0.012432956,simulado
par3-3354,0.17706382,simulado
par3-3361,0.003929225,simulado
par3-3367,0.012662582,simulado
par3-3371,0.0037235548,simulado
par3-3374,0.006815709,simulado
par3-3377,0.0035061282,simulado
par3-3386,0.0032981248,simulado
par3-3389,0.005045505,simulado
par3-3390,0.0032768534,simulado
par3-3391,0.003953477,simulado
par3-3397,0.003622773,simulado
par3-3399,0.007233459,simulado
par3-3400,0.0036357983,simulado
par3-3403,0.0034551977,simulado
par3-3405,0.0054744543,simulado
par3-3408,0.0061925356,simulado
par3-3410,0.004797696,simulado
par3-3412,0.003187908,simulado
par3-3413,0.05371406,simulado
par3-3414,0.7401608,simulado
par3-3415,0.003233857,simulado
par3-3417,0.0031453483,simulado
par3-3423,0.9905178,simulado
par3-3426,0.0038344176,simulado
par3-3434,0.0035615847,simulado
par3-3436,0.019391932,simulado
par3-3437,0.0042794826,simulado
par3-3441,0.0038155846,simulado
par3-3447,0.0037635986,simulado
par3-3448,0.0094037065,simulado
par3-3451,0.0119694695,simulado
par3-3455,0.003680166,simulado
par3-3460,0.047574442,simulado
par3-3465,0.14870737,simulado
par3-3466,0.0041561057,simulado
par3-3472,0.9437086,simulado
par3-3473,0.9914562,simulado
par3-3475,0.0040003257,simulado
par3-3476,0.55941594,simulado
par3-3491,0.004615908,simulado
par3-3492,0.010020758,simulado
par3-3495,0.9125393,simulado
par3-3497,0.99626046,simulado
par3-3499,0.8802162,simulado
par3-3501,0.003280099,simulado
par3-3505,0.0074678073,simulado
par3-3506,0.030369831,simulado
par3-3510,0.0037330163,simulado
par3-3512,0.003713701,simulado
par3-3513,0.0033575674,simulado
par3-3516,0.0035324018,simulado
par3-3521,0.9902346,simulado
par3-3523,0.47513983,simulado
par3-3524,0.005802059,simulado
par3-3539,0.0036714904,simulado
par3-3545,0.003495691,simulado
par3-3547,0.06694514,simulado
par3-3558,0.988917,simulado
par3-3560,0.010648376,simulado
par3-3568,0.0041532274,simulado
par3-3571,0.013662579,simulado
par3-3573,0.003515535,simulado
par3-3576,0.99053836,simulado
par3-3580,0.027838442,simulado
par3-3583,0.40675724,simulado
par3-3584,0.0057069897,simulado
par3-3586,0.004053629,simulado
par3-3587,0.021804826,simulado
par3-3593,0.0035986397,simulado
par3-3595,0.0037225855,simulado
par3-3602,0.85808533,simulado
par3-3606,0.0034897977,simulado
par3-3610,0.41551903,simulado
par3-3613,0.014580864,simulado
par3-3621,0.004192257,simulado
par3-3624,0.99627954,simulado
par3-3625,0.15602975,simulado
par3-3629,0.0034432118,simulado
par3-3630,0.9358362,simulado
par3-3631,0.004681187,simulado
par3-3632,0.013001384,simulado
par3-3633,0.003621589,simulado
par3-3634,0.016122181,simulado
par3-3637,0.9301962,simulado
par3-3643,0.0034513907,simulado
par3-3653,0.0035046558,simulado
par3-3655,0.0076898444,simulado
par3-3656,0.003732307,simulado
par3-3658,0.019768616,simulado
par3-3661,0.008311768,simulado
par3-3668,0.005711475,simulado
par3-3670,0.989446,simulado
par3-3673,0.0035765518,simulado
par3-3679,0.0034204961,simulado
par3-3680,0.29311404,simulado
par3-3681,0.21004586,simulado
par3-3683,0.004335621,simulado
par3-3688,0.007629485,simulado
par3-3702,0.0033799098,simulado
par3-3715,0.0039080777,simulado
par3-3717,0.996099,simulado
par3-3718,0.9427361,simulado
par3-3720,0.0036390717,simulado
par3-3732,0.003399065,simulado
par3-3735,0.40555945,simulado
par3-3737,0.008518259,simulado
par3-3751,0.0037600284,simulado
par3-3757,0.0036454243,simulado
par3-3761,0.0036718582,simulado
par3-3766,0.9931055,simulado
par3-3768,0.019831493,simulado
par3-3780,0.0038097678,simulado
par3-3784,0.0034064094,simulado
par3-3785,0.0034348217,simulado
par3-3800,0.0038291847,simulado
par3-3804,0.004589091,simulado
par3-3806,0.004403185,simulado
par3-3810,0.0075915186,simulado
par3-3811,0.9901722,simulado
par3-3815,0.012026417,simulado
par3-3816,0.005421978,simulado
par3-3822,0.010158758,simulado
par3-3824,0.02306305,simulado
par3-3826,0.0036522609,simulado
par3-3829,0.9959686,simulado
par3-3830,0.11419702,simulado
par3-3834,0.0036440247,simulado
par3-3841,0.005004739,simulado
par3-3852,0.0032825554,simulado
par3-3857,0.0032814727,simulado
par3-3859,0.007010401,simulado
par3-3860,0.010429818,simulado
par3-3872,0.37844643,simulado
par3-3877,0.011704322,simulado
par3-3879,0.9876616,simulado
par3-3880,0.0034010364,simulado
par3-3882,0.003165967,simulado
par3-3886,0.003532922,simulado
par3-3891,0.32148364,simulado
par3-3896,0.0034851348,simulado
par3-3897,0.00438128,simulado
par3-3898,0.003429446,simulado
par3-3901,0.0040173656,simulado
par3-3906,0.29852286,simulado
par3-3911,0.0054910136,simulado
par3-3914,0.0031832382,simulado
par3-3918,0.081941396,simulado
par3-3929,0.004418167,simulado
par3-3933,0.9727886,simulado
par3-3938,0.006272152,simulado
par3-3940,0.0033279432,simulado
par3-3943,0.0036373227,simulado
par3-3948,0.0032374403,simulado
par3-3951,0.038293716,simulado
par3-3953,0.65837854,simulado
par3-3955,0.0036899734,simulado
par3-3963,0.29997796,simulado
par3-3966,0.8812583,simulado
par3-3969,0.0032252623,simulado
par3-3974,0.01349575,simulado
par3-3975,0.0039319936,simulado
par3-3976,0.0045638536,simulado
par3-3981,0.948837,simulado
par3-3983,0.005539957,simulado
par3-3990,0.006640924,simulado
par3-3995,0.0034218272,simulado
par3-3998,0.09102011,simulado
par3-4000,0.012615685,simulado
par3-4002,0.08006897,simulado
par3-4005,0.012163397,simulado
par3-4008,0.012456825,simulado
par3-4017,0.0032121683,simulado
par3-4020,0.0035805916,simulado
par3-4028,0.0144810425,simulado
par3-4029,0.0031315638,simulado
par3-4031,0.004654463,simulado
par3-4033,0.0041487687,simulado
par3-4035,0.9684618,simulado
par3-4037,0.005149881,simulado
par3-4042,0.9894391,simulado
par3-4043,0.027931545,simulado
par3-4045,0.0038583607,simulado
par3-4056,0.0032550385,simulado
par3-4057,0.339422,simulado
par3-4058,0.0036778378,simulado
par3-4068,0.0058045075,simulado
par3-4070,0.0032269936,simulado
par3-4084,0.9919546,simulado
par3-4085,0.0070506968,simulado
par3-4086,0.0036930495,simulado
par3-4087,0.0035541938,simulado
par3-4093,0.0031518333,simulado
par3-4094,0.0036596516,simulado
par3-4106,0.0037797634,simulado
par3-4108,0.9817945,simulado
par3-4112,0.0033311693,simulado
par3-4120,0.005085197,simulado
par3-4121,0.92950016,simulado
par3-4131,0.0036080265,simulado
par3-4133,0.9728505,simulado
par3-4138,0.00467126,simulado
par3-4140,0.12959236,simulado
par3-4142,0.07697373,simulado
par3-4144,0.0032636016,simulado
par3-4147,0.9888875,simulado
par3-4149,0.7635677,simulado
par3-4156,0.0034666606,simulado
par3-4166,0.99212897,simulado
par3-4177,0.97713864,simulado
par3-4179,0.9961384,simulado
par3-4181,0.004998045,simulado
par3-4185,0.6907491,simulado
par3-4192,0.004664819,simulado
par3-4196,0.37649634,simulado
par3-4200,0.98844016,simulado
par3-4213,0.0037088997,simulado
par3-4214,0.99652475,simulado
par3-4215,0.0044529517,simulado
par3-4217,0.3547508,simulado
par3-4220,0.0034723186,simulado
par3-4221,0.0035229211,simulado
par3-4222,0.00347565,simulado
par3-4224,0.029548073,simulado
par3-4226,0.12376995,simulado
par3-4232,0.003723339,simulado
par3-4237,0.0034424278,simulado
par3-4245,0.90137815,simulado
par3-4247,0.9953216,simulado
par3-4250,0.0031243705,simulado
par3-4251,0.0033583767,simulado
par3-4253,0.0033008188,simulado
par3-4255,0.0037897723,simulado
par3-4256,0.0075914506,simulado
par3-4259,0.0035037464,simulado
par3-4261,0.020530215,simulado
par3-4269,0.003409613,simulado
par3-4274,0.9720221,simulado
par3-4284,0.0035729,simulado
par3-4292,0.9770905,simulado
par3-4293,0.008986397,simulado
par3-4301,0.037881415,simulado
par3-4302,0.006183401,simulado
par3-4305,0.0034949137,simulado
par3-4308,0.003506638,simulado
par3-4310,0.32781568,simulado
par3-4311,0.003844834,simulado
par3-4314,0.0034006066,simulado
par3-4321,0.0036798408,simulado
par3-4322,0.0051409956,simulado
par3-4324,0.10223179,simulado
par3-4325,0.022079973,simulado
par3-4326,0.5703697,simulado
par3-4327,0.0123990625,simulado
par3-4331,0.0035011703,simulado
par3-4333,0.008049452,simulado
par3-4336,0.0031428416,simulado
par3-4352,0.0036629217,simulado
par3-4354,0.003360297,simulado
par3-4360,0.6396032,simulado
par3-4361,0.0035781257,simulado
par3-4364,0.0035587128,simulado
par3-4365,0.0043250923,simulado
par3-4367,0.2105633,simulado
par3-4369,0.96451634,simulado
par3-4372,0.0034359137,simulado
par3-4373,0.0034133887,simulado
par3-4382,0.0033863392,simulado
par3-4386,0.0077385255,simulado
par3-4395,0.0051631145,simulado
par3-4402,0.005702289,simulado
par3-4404,0.003844399,simulado
par3-4405,0.0037157093,simulado
par3-4406,0.01023301,simulado
par3-4409,0.0034300995,simulado
par3-4415,0.0035230536,simulado
par3-4416,0.1956893,simulado
par3-4419,0.4699829,simulado
par3-4422,0.133878,simulado
par3-4432,0.90455705,simulado
par3-4433,0.0058241053,simulado
par3-4436,0.8932668,simulado
par3-4438,0.5023569,simulado
par3-4443,0.0033603576,simulado
par3-4445,0.44846383,simulado
par3-4446,0.0045576883,simulado
par3-4447,0.0071142786,simulado
par3-4454,0.003271637,simulado
par3-4455,0.033519126,simulado
par3-4457,0.017815683,simulado
par3-4462,0.0035050088,simulado
par3-4469,0.010718126,simulado
par3-4483,0.9873406,simulado
par3-4484,0.028150044,simulado
par3-4485,0.0036151593,simulado
par3-4488,0.9454073,simulado
par3-4489,0.3276363,simulado
par3-4491,0.99569786,simulado
par3-4494,0.0074678925,simulado
par3-4501,0.0062732818,simulado
par3-4504,0.0033220253,simulado
par3-4505,0.0034166311,simulado
par3-4506,0.0088212965,simulado
par3-4513,0.0035269777,simulado
par3-4515,0.0033539918,simulado
par3-4519,0.27997532,simulado
par3-4524,0.0036574546,simulado
par3-4536,0.89485604,simulado
par3-4541,0.0032002542,simulado
par3-4542,0.007420413,simulado
par3-4543,0.00412884,simulado
par3-4545,0.00640712,simulado
par3-4546,0.003584394,simulado
par3-4547,0.003236843,simulado
par3-4548,0.9045359,simulado
par3-4549,0.0035877337,simulado
par3-4550,0.005277903,simulado
par3-4551,0.004477196,simulado
par3-4568,0.03232325,simulado
par3-4572,0.0039649056,simulado
par3-4573,0.003448943,simulado
par3-4580,0.5371419,simulado
par3-4584,0.9673281,simulado
par3-4596,0.0032788506,simulado
par3-4598,0.99650794,simulado
par3-4606,0.995736,simulado
par3-4609,0.0039803847,simulado
par3-4611,0.9309535,simulado
par3-4613,0.94611824,simulado
par3-4618,0.97208744,simulado
par3-4628,0.0034939758,simulado
par3-4632,0.0032171388,simulado
par3-4634,0.003591237,simulado
par3-4637,0.003439789,simulado
par3-4643,0.0037402022,simulado
par3-4646,0.003449856,simulado
par3-4654,0.0038389282,simulado
par3-4656,0.0030884966,simulado
par3-4657,0.003369516,simulado
par3-4660,0.9410222,simulado
par3-4661,0.92906296,simulado
par3-4668,0.1948776,simulado
par3-4671,0.003459318,simulado
par3-4674,0.003973577,simulado
par3-4675,0.023155972,simulado
par3-4686,0.003524726,simulado
par3-4688,0.8494256,simulado
par3-4690,0.74428415,simulado
par3-4695,0.0044964966,simulado
par3-4697,0.003681677,simulado
par3-4702,0.0031390602,simulado
par3-4703,0.031541564,simulado
par3-4704,0.010802141,simulado
par3-4715,0.0034346143,simulado
par3-4719,0.0035778317,simulado
par3-4722,0.009636651,simulado
par3-4723,0.0034861632,simulado
par3-4725,0.0033194576,simulado
par3-4730,0.0041783573,simulado
par3-4733,0.0054280753,simulado
par3-4737,0.010012328,simulado
par3-4739,0.99579936,simulado
par3-4742,0.10098713,simulado
par3-4745,0.31537768,simulado
par3-4749,0.14876133,simulado
par3-4753,0.9932052,simulado
par3-4759,0.41143876,simulado
par3-4762,0.99663854,simulado
par3-4768,0.003573416,simulado
par3-4770,0.14447834,simulado
par3-4772,0.014405769,simulado
par3-4780,0.0080386875,simulado
par3-4783,0.010717201,simulado
par3-4788,0.0030875688,simulado
par3-4789,0.25541177,simulado
par3-4799,0.0033647025,simulado
par3-4803,0.99625957,simulado
par3-4807,0.003457783,simulado
par3-4808,0.107133545,simulado
par3-4812,0.972795,simulado
par3-4813,0.9833475,simulado
par3-4817,0.98729813,simulado
par3-4825,0.9581084,simulado
par3-4826,0.0031791257,simulado
par3-4829,0.80137557,simulado
par3-4830,0.25624982,simulado
par3-4833,0.0040330063,simulado
par3-4834,0.039997227,simulado
par3-4835,0.99511933,simulado
par3-4837,0.0038142838,simulado
par3-4838,0.003214661,simulado
par3-4839,0.0035643764,simulado
par3-4840,0.43240166,simulado
par3-4844,0.005483031,simulado
par3-4850,0.043560263,simulado
par3-4853,0.87275666,simulado
par3-4855,0.0033557443,simulado
par3-4859,0.01017394,simulado
par3-4860,0.01582884,simulado
par3-4861,0.007632615,simulado
par3-4866,0.005082052,simulado
par3-4868,0.007827816,simulado
par3-4876,0.059669666,simulado
par3-4879,0.003519426,simulado
par3-4884,0.99675494,simulado
par3-4887,0.0049142377,simulado
par3-4891,0.0065698116,simulado
par3-4893,0.00506153,simulado
par3-4897,0.0035371482,simulado
par3-4898,0.9777314,simulado
par3-4901,0.0045268647,simulado
par3-4906,0.99663615,simulado
par3-4908,0.003242411,simulado
par3-4913,0.4200484,simulado
par3-4915,0.0033715633,simulado
par3-4916,0.12315961,simulado
par3-4921,0.0033139312,simulado
par3-4925,0.0032779719,simulado
par3-4927,0.9112225,simulado
par3-4928,0.0033646517,simulado
par3-4930,0.0035936858,simulado
par3-4934,0.0031346004,simulado
par3-4935,0.27150425,simulado
par3-4936,0.0035526443,simulado
par3-4938,0.0074990564,simulado
par3-4940,0.01706831,simulado
par3-4941,0.99648845,simulado
par3-4942,0.003380398,simulado
par3-4943,0.008650963,simulado
par3-4946,0.0032269047,simulado
par3-4952,0.057408966,simulado
par3-4953,0.50426173,simulado
par3-4955,0.004724605,simulado
par3-4960,0.0033005269,simulado
par3-4962,0.99561393,simulado
par3-4968,0.0035545959,simulado
par3-4970,0.0077205505,simulado
par3-4971,0.0044825887,simulado
par3-4978,0.0035100656,simulado
par3-4980,0.0035103152,simulado
par3-4981,0.026751615,simulado
par3-4986,0.39262143,simulado
par3-4990,0.003250533,simulado
par3-4992,0.003965885,simulado
par3-4995,0.0034296578,simulado
par3-4997,0.0035484722,simulado
par3-5001,0.06779864,simulado
par3-5010,0.9950718,simulado
par3-5016,0.00543019,simulado
par3-5023,0.38167801,simulado
par3-5028,0.09596648,simulado
par3-5029,0.0033919169,simulado
par3-5032,0.9955368,simulado
par3-5035,0.0038778859,simulado
par3-5037,0.0047943816,simulado
par3-5043,0.9959572,simulado
par3-5047,0.0041437475,simulado
par3-5049,0.0031418009,simulado
par3-5051,0.995806,simulado
par3-5054,0.23304583,simulado
par3-5055,0.22622825,simulado
par3-5057,0.060093883,simulado
par3-5065,0.003574778,simulado
par3-5066,0.0038594035,simulado
par3-5067,0.0043177637,simulado
par3-5076,0.0046267416,simulado
par3-5084,0.008222391,simulado
par3-5089,0.0033482686,simulado
par3-5090,0.0039181644,simulado
par3-5093,0.006244499,simulado
par3-5106,0.0035670886,simulado
par3-5111,0.003423763,simulado
par3-5117,0.9329923,simulado
par3-5122,0.003380795,simulado
par3-5126,0.0046996255,simulado
par3-5132,0.0032156238,simulado
par3-5133,0.9895616,simulado
par3-5139,0.0038078062,simulado
par3-5140,0.0035077077,simulado
par3-5142,0.32182568,simulado
par3-5143,0.4548082,simulado
par3-5151,0.0065306462,simulado
par3-5152,0.9956921,simulado
par3-5153,0.003518438,simulado
par3-5155,0.0039307466,simulado
par3-5158,0.003537061,simulado
par3-5159,0.0032536248,simulado
par3-5160,0.0034715498,simulado
par3-5161,0.004081302,simulado
par3-5164,0.01095444,simulado
par3-5166,0.003753418,simulado
par3-5167,0.9795649,simulado
par3-5168,0.003270406,simulado
par3-5170,0.0034150975,simulado
par3-5173,0.017508974,simulado
par3-5174,0.003215182,simulado
par3-5184,0.9964407,simulado
par3-5188,0.0032571214,simulado
par3-5190,0.0032031424,simulado
par3-5195,0.0033766604,simulado
par3-5202,0.005506002,simulado
par3-5205,0.8214336,simulado
par3-5214,0.0036148503,simulado
par3-5223,0.5808238,simulado
par3-5228,0.0041274363,simulado
par3-5231,0.82360405,simulado
par3-5233,0.013271128,simulado
par3-5234,0.0034943058,simulado
par3-5235,0.0034428171,simulado
par3-5241,0.9763337,simulado
par3-5246,0.003066751,simulado
par3-5249,0.49295482,simulado
par3-5256,0.0033661006,simulado
par3-5258,0.0032732766,simulado
par3-5260,0.0036926442,simulado
par3-5271,0.0038249488,simulado
par3-5275,0.0032291648,simulado
par3-5279,0.63514817,simulado
par3-5280,0.0037455217,simulado
par3-5284,0.036375053,simulado
par3-5286,0.003461691,simulado
par3-5289,0.008185989,simulado
par3-5293,0.9803169,simulado
par3-5294,0.15766442,simulado
par3-5301,0.0034757229,simulado
par3-5305,0.003539966,simulado
par3-5310,0.0052502924,simulado
par3-5316,0.9835983,simulado
par3-5318,0.004431543,simulado
par3-5319,0.0035363752,simulado
par3-5321,0.99629265,simulado
par3-5325,0.56129515,simulado
par3-5326,0.0034034534,simulado
par3-5331,0.4455989,simulado
par3-5339,0.0040181857,simulado
par3-5340,0.004366238,simulado
par3-5350,0.0033232332,simulado
par3-5359,0.0031280646,simulado
par3-5361,0.0036118357,simulado
par3-5364,0.0068241553,simulado
par3-5375,0.7752388,simulado
par3-5379,0.005994781,simulado
par3-5380,0.6263305,simulado
par3-5381,0.0033681968,simulado
par3-5382,0.0036987455,simulado
par3-5383,0.0035628374,simulado
par3-5390,0.0032884956,simulado
par3-5393,0.0037833615,simulado
par3-5394,0.011041814,simulado
par3-5397,0.003908785,simulado
par3-5399,0.02437159,simulado
par3-5401,0.003648593,simulado
par3-5410,0.0039493963,simulado
par3-5417,0.99590343,simulado
par3-5424,0.9957767,simulado
par3-5432,0.44688058,simulado
par3-5437,0.0034952194,simulado
par3-5439,0.21493705,simulado
par3-5446,0.0037637758,simulado
par3-5450,0.21676525,simulado
par3-5452,0.005710357,simulado
par3-5459,0.0033617697,simulado
par3-5461,0.017443907,simulado
par3-5463,0.0030698865,simulado
par3-5465,0.006631619,simulado
par3-5467,0.0057335403,simulado
par3-5471,0.0041166153,simulado
par3-5474,0.004920369,simulado
par3-5477,0.0058876765,simulado
par3-5479,0.003587618,simulado
par3-5480,0.9450607,simulado
par3-5483,0.0033861864,simulado
par3-5487,0.003264463,simulado
par3-5492,0.00749477,simulado
par3-5495,0.014744724,simulado
par3-5502,0.0036012428,simulado
par3-5504,0.8504272,simulado
par3-5505,0.0041152,simulado
par3-5507,0.0051943804,simulado
par3-5511,0.38390133,simulado
par3-5512,0.0037287166,simulado
par3-5514,0.16388068,simulado
par3-5516,0.0033537147,simulado
par3-5520,0.0040232497,simulado
par3-5525,0.0034216244,simulado
par3-5528,0.99380153,simulado
par3-5530,0.9893421,simulado
par3-5532,0.019172596,simulado
par3-5539,0.0039484887,simulado
par3-5540,0.0030950368,simulado
par3-5545,0.003553554,simulado
par3-5549,0.017221604,simulado
par3-5554,0.003424679,simulado
par3-5563,0.0032074312,simulado
par3-5579,0.004445331,simulado
par3-5582,0.0034743324,simulado
par3-5583,0.93102473,simulado
par3-5586,0.012168715,simulado
par3-5588,0.003960366,simulado
par3-5589,0.9039349,simulado
par3-5596,0.006804888,simulado
par3-5603,0.0035024316,simulado
par3-5606,0.003373222,simulado
par3-5611,0.0031974383,simulado
par3-5613,0.009826561,simulado
par3-5614,0.3592612,simulado
par3-5616,0.0035352395,simulado
par3-5618,0.0032442024,simulado
par3-5623,0.0053056106,simulado
par3-5624,0.0035657976,simulado
par3-5625,0.61678725,simulado
par3-5626,0.9420053,simulado
par3-5633,0.9727864,simulado
par3-5638,0.9957046,simulado
par3-5640,0.038004264,simulado
par3-5643,0.10226846,simulado
par3-5644,0.003938188,simulado
par3-5647,0.0037070645,simulado
par3-5648,0.03565837,simulado
par3-5649,0.0036466056,simulado
par3-5653,0.00352344,simulado
par3-5654,0.014632367,simulado
par3-5659,0.0032058524,simulado
par3-5662,0.99641067,simulado
par3-5663,0.99340546,simulado
par3-5665,0.992619,simulado
par3-5666,0.003819092,simulado
par3-5667,0.0035409117,simulado
par3-5672,0.003395394,simulado
par3-5678,0.05277107,simulado
par3-5682,0.9837626,simulado
par3-5683,0.8938706,simulado
par3-5685,0.0034460449,simulado
par3-5686,0.004536532,simulado
par3-5688,0.014086469,simulado
par3-5696,0.0034558612,simulado
par3-5698,0.0070052384,simulado
par3-5701,0.38598815,simulado
par3-5702,0.003520888,simulado
par3-5703,0.04722587,simulado
par3-5706,0.2417638,simulado
par3-5709,0.0041329334,simulado
par3-5718,0.13402784,simulado
par3-5724,0.4305427,simulado
par3-5725,0.14321303,simulado
par3-5727,0.006859557,simulado
par3-5731,0.9739987,simulado
par3-5745,0.003399396,simulado
par3-5747,0.9964204,simulado
par3-5753,0.14228027,simulado
par3-5757,0.011401251,simulado
par3-5758,0.109145455,simulado
par3-5759,0.0035765246,simulado
par3-5763,0.049203157,simulado
par3-5767,0.006742501,simulado
par3-5768,0.0036553037,simulado
par3-5769,0.020214774,simulado
par3-5774,0.013186027,simulado
par3-5775,0.01760279,simulado
par3-5779,0.0034039384,simulado
par3-5784,0.0053628255,simulado
par3-5786,0.006147481,simulado
par3-5789,0.0034756728,simulado
par3-5790,0.005885854,simulado
par3-5792,0.0037258477,simulado
par3-5805,0.0034672634,simulado
par3-5808,0.015166077,simulado
par3-5818,0.0033671819,simulado
par3-5820,0.9964043,simulado
par3-5826,0.118289426,simulado
par3-5827,0.0035961678,simulado
par3-5830,0.004102444,simulado
par3-5832,0.0040211375,simulado
par3-5834,0.0032201447,simulado
par3-5836,0.00331128,simulado
par3-5842,0.0034267418,simulado
par3-5855,0.003400939,simulado
par3-5866,0.33981958,simulado
par3-5871,0.99126107,simulado
par3-5875,0.0038875865,simulado
par3-5877,0.0032741074,simulado
par3-5883,0.4645748,simulado
par3-5884,0.0036344079,simulado
par3-5885,0.0031331643,simulado
par3-5890,0.0041150614,simulado
par3-5891,0.13220565,simulado
par3-5893,0.0048098876,simulado
par3-5898,0.0031785078,simulado
par3-5902,0.006381968,simulado
par3-5905,0.3523809,simulado
par3-5911,0.006464978,simulado
par3-5912,0.0038259118,simulado
par3-5925,0.73644876,simulado
par3-5934,0.0054315645,simulado
par3-5939,0.0035157423,simulado
par3-5942,0.01416534,simulado
par3-5943,0.0033018854,simulado
par3-5948,0.08884122,simulado
par3-5949,0.0032426838,simulado
par3-5959,0.0037327223,simulado
par3-5964,0.99638355,simulado
par3-5969,0.1798884,simulado
par3-5974,0.99642855,simulado
par3-5975,0.003358102,simulado
par3-5976,0.0035993934,simulado
par3-5979,0.026048895,simulado
par3-5980,0.0035053184,simulado
par3-5986,0.0036815964,simulado
par3-5988,0.0036831708,simulado
par3-5996,0.63254046,simulado
par3-5997,0.0034005253,simulado
par3-6006,0.003741702,simulado
par3-6011,0.003842115,simulado
par3-6012,0.0040252567,simulado
par3-6021,0.0034382902,simulado
par3-6024,0.9217279,simulado
par3-6042,0.00325119,simulado
par3-6044,0.76065373,simulado
par3-6046,0.00410509,simulado
par3-6049,0.0034158407,simulado
par3-6055,0.11589897,simulado
par3-6058,0.00530517,simulado
par3-6061,0.0035856424,simulado
par3-6063,0.003302799,simulado
par3-6082,0.9955236,simulado
par3-6084,0.9927942,simulado
par3-6087,0.1798491,simulado
par3-6088,0.9957295,simulado
par3-6092,0.0037564219,simulado
par3-6094,0.16235721,simulado
par3-6097,0.018348588,simulado
par3-6104,0.0032960188,simulado
par3-6105,0.0038345323,simulado
par3-6109,0.0033780022,simulado
par3-6110,0.003633381,simulado
par3-6111,0.0036311822,simulado
par3-6115,0.23255323,simulado
par3-6118,0.9966356,simulado
par3-6119,0.01050613,simulado
par3-6122,0.3147476,simulado
par3-6124,0.02882126,simulado
par3-6129,0.2871048,simulado
par3-6132,0.17124543,simulado
par3-6135,0.0091152815,simulado
par3-6136,0.99188566,simulado
par3-6139,0.27988324,simulado
par3-6143,0.99554247,simulado
par3-6145,0.0032109271,simulado
par3-6148,0.03320136,simulado
par3-6150,0.981689,simulado
par3-6161,0.01204484,simulado
par3-6171,0.00348402,simulado
par3-6173,0.996576,simulado
par3-6174,0.0033361616,simulado
par3-6179,0.003817155,simulado
par3-6184,0.08244184,simulado
par3-6187,0.079204634,simulado
par3-6189,0.028633505,simulado
par3-6190,0.009757533,simulado
par3-6191,0.0032924584,simulado
par3-6196,0.0036400347,simulado
par3-6197,0.010044485,simulado
par3-6199,0.003302717,simulado
par3-6200,0.0041477284,simulado
par3-6201,0.9959099,simulado
par3-6203,0.0040318575,simulado
par3-6204,0.0035094984,simulado
par3-6205,0.0035470596,simulado
par3-6209,0.0035060463,simulado
par3-6211,0.0040855426,simulado
par3-6216,0.0034707051,simulado
par3-6217,0.0035342653,simulado
par3-6219,0.2270688,simulado
par3-6225,0.98107004,simulado
par3-6228,0.29426956,simulado
par3-6229,0.16889498,simulado
par3-6231,0.004881499,simulado
par3-6234,0.9826096,simulado
par3-6238,0.006868483,simulado
par3-6244,0.0051034046,simulado
par3-6248,0.0036058961,simulado
par3-6250,0.974591,simulado
par3-6251,0.039466556,simulado
par3-6259,0.0034633924,simulado
par3-6265,0.046671472,simulado
par3-6267,0.0037450115,simulado
par3-6269,0.003555282,simulado
par3-6271,0.010985051,simulado
par3-6273,0.0037282805,simulado
par3-6276,0.0034864913,simulado
par3-6281,0.06009391,simulado
par3-6288,0.0059657157,simulado
par3-6291,0.013375018,simulado
par3-6294,0.0039049624,simulado
par3-6303,0.0040640845,simulado
par3-6308,0.9112719,simulado
par3-6309,0.0034793925,simulado
par3-6322,0.99669766,simulado
par3-6324,0.0056350804,simulado
par3-6327,0.008296587,simulado
par3-6334,0.005987971,simulado
par3-6335,0.0043784124,simulado
par3-6338,0.0035240415,simulado
par3-6340,0.76318485,simulado
par3-6346,0.015863523,simulado
par3-6352,0.0036015266,simulado
par3-6359,0.014648643,simulado
par3-6360,0.016842349,simulado
par3-6362,0.23848157,simulado
par3-6368,0.0049422514,simulado
par3-6371,0.0032412,simulado
par3-6374,0.99556583,simulado
par3-6375,0.004964749,simulado
par3-6376,0.825666,simulado
par3-6378,0.0052766316,simulado
par3-6379,0.25399998,simulado
par3-6380,0.003419462,simulado
par3-6382,0.0037454313,simulado
par3-6386,0.003541253,simulado
par3-6388,0.0042547164,simulado
par3-6389,0.0035323112,simulado
par3-6391,0.0030374033,simulado
par3-6394,0.02519716,simulado
par3-6395,0.0037488684,simulado
par3-6406,0.41258594,simulado
par3-6411,0.00352733,simulado
par3-6427,0.0037984631,simulado
par3-6429,0.003463068,simulado
par3-6434,0.039253578,simulado
par3-6436,0.01410375,simulado
par3-6437,0.15853567,simulado
par3-6440,0.0033320466,simulado
par3-6443,0.2340001,simulado
par3-6444,0.0036747188,simulado
par3-6451,0.0037852721,simulado
par3-6453,0.9959474,simulado
par3-6467,0.99643904,simulado
par3-6469,0.0035683634,simulado
par3-6471,0.0043202923,simulado
par3-6482,0.0035674886,simulado
par3-6484,0.004855067,simulado
par3-6485,0.003422709,simulado
par3-6489,0.0038080616,simulado
par3-6490,0.01894682,simulado
par3-6491,0.0041119657,simulado
par3-6493,0.0036051185,simulado
par3-6495,0.0035125779,simulado
par3-6500,0.09877379,simulado
par3-6501,0.099531785,simulado
par3-6504,0.0352667,simulado
par3-6509,0.003569135,simulado
par3-6510,0.00414737,simulado
par3-6513,0.76700383,simulado
par3-6521,0.99513066,simulado
par3-6533,0.0037502667,simulado
par3-6534,0.99487793,simulado
par3-6539,0.72324747,simulado
par3-6541,0.003526103,simulado
par3-6545,0.0034224258,simulado
par3-6549,0.0035103192,simulado
par3-6553,0.16226578,simulado
par3-6554,0.992164,simulado
par3-6562,0.008837137,simulado
par3-6564,0.012802566,simulado
par3-6566,0.003538782,simulado
par3-6567,0.0056658317,simulado
par3-6571,0.9861544,simulado
par3-6582,0.36192706,simulado
par3-6586,0.012636212,simulado
par3-6593,0.5954473,simulado
par3-6596,0.9424371,simulado
par3-6597,0.9931213,simulado
par3-6599,0.00332769,simulado
par3-6611,0.99008805,simulado
par3-6612,0.003465929,simulado
par3-6614,0.0065179067,simulado
par3-6615,0.0034012303,simulado
par3-6616,0.9947515,simulado
par3-6618,0.4391661,simulado
par3-6622,0.004281911,simulado
par3-6626,0.0050580157,simulado
par3-6633,0.11043344,simulado
par3-6636,0.32268387,simulado
par3-6639,0.99488825,simulado
par3-6641,0.97809803,simulado
par3-6643,0.11592643,simulado
par3-6645,0.0046709958,simulado
par3-6648,0.9204167,simulado
par3-6652,0.9926886,simulado
par3-6653,0.02121941,simulado
par3-6657,0.1479281,simulado
par3-6658,0.0038415988,simulado
par3-6661,0.98274094,simulado
par3-6663,0.06111631,simulado
par3-6664,0.0036157714,simulado
par3-6665,0.99549735,simulado
par3-6673,0.0059347027,simulado
par3-6675,0.004640965,simulado
par3-6685,0.99573505,simulado
par3-6697,0.005779772,simulado
par3-6698,0.0037562202,simulado
par3-6699,0.003420031,simulado
par3-6709,0.0039134445,simulado
par3-6714,0.9882465,simulado
par3-6715,0.003906656,simulado
par3-6716,0.0032612295,simulado
par3-6718,0.9515183,simulado
par3-6721,0.0037395908,simulado
par3-6730,0.035165023,simulado
par3-6731,0.034530237,simulado
par3-6734,0.0037212383,simulado
par3-6736,0.0035701105,simulado
par3-6754,0.9959288,simulado
par3-6758,0.0035093464,simulado
par3-6760,0.003250005,simulado
par3-6761,0.0074124453,simulado
par3-6769,0.0040742685,simulado
par3-6770,0.0031728894,simulado
par3-6772,0.004227653,simulado
par3-6774,0.100294694,simulado
par3-6779,0.003706404,simulado
par3-6785,0.0032407625,simulado
par3-6787,0.0034715005,simulado
par3-6789,0.0032520634,simulado
par3-6794,0.9918637,simulado
par3-6799,0.98916936,simulado
par3-6800,0.0036141856,simulado
par3-6801,0.0034451298,simulado
par3-6813,0.0044717966,simulado
par3-6816,0.006091179,simulado
par3-6817,0.19264127,simulado
par3-6820,0.0039602756,simulado
par3-6831,0.13098544,simulado
par3-6835,0.0035319552,simulado
par3-6840,0.7581941,simulado
par3-6841,0.0037054394,simulado
par3-6845,0.030563785,simulado
par3-6848,0.031861644,simulado
par3-6851,0.0033802472,simulado
par3-6853,0.0032202504,simulado
par3-6854,0.005241566,simulado
par3-6871,0.99665403,simulado
par3-6881,0.9938683,simulado
par3-6883,0.01837012,simulado
par3-6885,0.0032746987,simulado
par3-6887,0.091992095,simulado
par3-6888,0.009006185,simulado
par3-6890,0.015750358,simulado
par3-6893,0.0036694428,simulado
par3-6894,0.0033118373,simulado
par3-6897,0.0033227818,simulado
par3-6904,0.011649832,simulado
par3-6907,0.0046802494,simulado
par3-6910,0.0051025115,simulado
par3-6911,0.0042094993,simulado
par3-6918,0.30722892,simulado
par3-6920,0.003578784,simulado
par3-6921,0.0035284862,simulado
par3-6923,0.47038847,simulado
par3-6928,0.0035046507,simulado
par3-6933,0.0070622005,simulado
par3-6936,0.0038901675,simulado
par3-6938,0.0032415078,simulado
par3-6939,0.08932859,simulado
par3-6943,0.004347126,simulado
par3-6944,0.004096527,simulado
par3-6945,0.0054120924,simulado
par3-6948,0.95590454,simulado
par3-6954,0.99146783,simulado
par3-6957,0.7310242,simulado
par3-6958,0.4200572,simulado
par3-6961,0.115432054,simulado
par3-6964,0.0043426333,simulado
par3-6972,0.0032269508,simulado
par3-6978,0.98972183,simulado
par3-6983,0.0030899092,simulado
par3-6985,0.003743594,simulado
par3-6987,0.003484853,simulado
par3-6989,0.004073804,simulado
par3-6993,0.009639714,simulado
par3-6996,0.055607658,simulado
par3-7006,0.21127623,simulado
par3-7007,0.6251773,simulado
par3-7008,0.989949,simulado
par3-7009,0.003845951,simulado
par3-7012,0.0038097913,simulado
par3-7014,0.0034985577,simulado
par3-7015,0.0034539206,simulado
par3-7017,0.0033225226,simulado
par3-7019,0.4737288,simulado
par3-7025,0.003490874,simulado
par3-7028,0.19074981,simulado
par3-7029,0.111349665,simulado
par3-7031,0.0036581391,simulado
par3-7038,0.010741822,simulado
par3-7045,0.0033912528,simulado
par3-7050,0.0036464927,simulado
par3-7057,0.0035881004,simulado
par3-7060,0.953008,simulado
par3-7062,0.0032110692,simulado
par3-7064,0.0032594507,simulado
par3-7066,0.019651903,simulado
par3-7067,0.003635263,simulado
par3-7069,0.003482016,simulado
par3-7072,0.003590142,simulado
par3-7074,0.8175232,simulado
par3-7084,0.02715551,simulado
par3-7086,0.0049082115,simulado
par3-7091,0.0035995427,simulado
par3-7096,0.0034277237,simulado
par3-7097,0.003251723,simulado
par3-7103,0.003451601,simulado
par3-7105,0.9806371,simulado
par3-7109,0.0034481548,simulado
par3-7111,0.0035041994,simulado
par3-7114,0.0034508607,simulado
par3-7116,0.0036701108,simulado
par3-7126,0.0052528726,simulado
par3-7129,0.25747994,simulado
par3-7132,0.0035328164,simulado
par3-7134,0.0034455473,simulado
par3-7142,0.003921058,simulado
par3-7148,0.9963006,simulado
par3-7149,0.9910942,simulado
par3-7150,0.99146384,simulado
par3-7151,0.0033843475,simulado
par3-7152,0.048289295,simulado
par3-7159,0.0053237877,simulado
par3-7162,0.004704841,simulado
par3-7179,0.40437964,simulado
par3-7180,0.0068542445,simulado
par3-7181,0.16089967,simulado
par3-7189,0.9913959,simulado
par3-7190,0.99519134,simulado
par3-7204,0.99562126,simulado
par3-7212,0.0034227106,simulado
par3-7213,0.0034133515,simulado
par3-7218,0.0032041231,simulado
par3-7219,0.9684175,simulado
par3-7220,0.0042320215,simulado
par3-7225,0.0033727968,simulado
par3-7227,0.0032702785,simulado
par3-7233,0.003678453,simulado
par3-7234,0.003586878,simulado
par3-7237,0.0034389521,simulado
par3-7243,0.008123399,simulado
par3-7249,0.69849724,simulado
par3-7252,0.0038328567,simulado
par3-7255,0.9828031,simulado
par3-7256,0.85337245,simulado
par3-7261,0.1113356,simulado
par3-7262,0.0036075308,simulado
par3-7268,0.004167451,simulado
par3-7270,0.0032162964,simulado
par3-7272,0.75425446,simulado
par3-7277,0.0052348124,simulado
par3-7280,0.0039613484,simulado
par3-7284,0.8469371,simulado
par3-7287,0.15284811,simulado
par3-7288,0.0040018912,simulado
par3-7289,0.99612516,simulado
par3-7292,0.07809115,simulado
par3-7296,0.0035684179,simulado
par3-7298,0.0034826,simulado
par3-7305,0.05786227,simulado
par3-7309,0.0031957761,simulado
par3-7312,0.9682636,simulado
par3-7326,0.98151994,simulado
par3-7330,0.0036271529,simulado
par3-7339,0.0037088739,simulado
par3-7348,0.023509867,simulado
par3-7354,0.11553006,simulado
par3-7356,0.003275007,simulado
par3-7358,0.0034612617,simulado
par3-7359,0.003533953,simulado
par3-7361,0.0040588574,simulado
par3-7367,0.9889775,simulado
par3-7369,0.0032016232,simulado
par3-7372,0.0031704004,simulado
par3-7373,0.0038308492,simulado
par3-7376,0.004634559,simulado
par3-7379,0.01293235,simulado
par3-7383,0.0035152778,simulado
par3-7385,0.04806846,simulado
par3-7387,0.0073948475,simulado
par3-7390,0.0038299833,simulado
par3-7396,0.00337411,simulado
par3-7399,0.0032837507,simulado
par3-7400,0.0035254045,simulado
par3-7403,0.021480957,simulado
par3-7409,0.0036510832,simulado
par3-7411,0.9922747,simulado
par3-7413,0.0031791045,simulado
par3-7414,0.0032892083,simulado
par3-7415,0.0035707448,simulado
par3-7419,0.0032087928,simulado
par3-7420,0.0038863148,simulado
par3-7425,0.9093424,simulado
par3-7426,0.0043333736,simulado
par3-7430,0.0038528664,simulado
par3-7433,0.016351245,simulado
par3-7434,0.21304657,simulado
par3-7435,0.0046590087,simulado
par3-7436,0.061094962,simulado
par3-7439,0.0033269927,simulado
par3-7440,0.0032719513,simulado
par3-7457,0.0034129785,simulado
par3-7460,0.00357714,simulado
par3-7463,0.0063948254,simulado
par3-7467,0.97929925,simulado
par3-7471,0.0034538975,simulado
par3-7483,0.0039598434,simulado
par3-7487,0.0037948668,simulado
par3-7488,0.025401426,simulado
par3-7495,0.08884947,simulado
par3-7501,0.0035849768,simulado
par3-7502,0.0049949414,simulado
par3-7503,0.55096287,simulado
par3-7505,0.0035905647,simulado
par3-7508,0.98047936,simulado
par3-7513,0.00380134,simulado
par3-7516,0.0034137326,simulado
par3-7517,0.6966499,simulado
par3-7519,0.0038297048,simulado
par3-7525,0.99157965,simulado
par3-7526,0.0033784776,simulado
par3-7529,0.003306317,simulado
par3-7530,0.003417818,simulado
par3-7533,0.9966683,simulado
par3-7536,0.0035993578,simulado
par3-7538,0.9925208,simulado
par3-7546,0.0043227565,simulado
par3-7551,0.004445688,simulado
par3-7554,0.9961669,simulado
par3-7555,0.0035760386,simulado
par3-7557,0.003727351,simulado
par3-7559,0.9964401,simulado
par3-7563,0.0032108955,simulado
par3-7578,0.0033552737,simulado
par3-7579,0.99570113,simulado
par3-7582,0.0035602702,simulado
par3-7583,0.9941895,simulado
par3-7585,0.0031318825,simulado
par3-7592,0.0054686368,simulado
par3-7601,0.0039527216,simulado
par3-7602,0.97405803,simulado
par3-7604,0.0035064947,simulado
par3-7608,0.98197466,simulado
par3-7611,0.70798784,simulado
par3-7614,0.5557141,simulado
par3-7615,0.008476934,simulado
par3-7622,0.0035360174,simulado
par3-7628,0.9959473,simulado
par3-7629,0.003976026,simulado
par3-7630,0.0034225965,simulado
par3-7631,0.004199156,simulado
par3-7636,0.0030737212,simulado
par3-7640,0.0034547984,simulado
par3-7641,0.019040646,simulado
par3-7643,0.16295645,simulado
par3-7646,0.005328441,simulado
par3-7650,0.003606463,simulado
par3-7651,0.0032267987,simulado
par3-7653,0.98046726,simulado
par3-7655,0.004170912,simulado
par3-7656,0.0034955202,simulado
par3-7659,0.0034532312,simulado
par3-7660,0.25693658,simulado
par3-7664,0.783977,simulado
par3-7667,0.0040132655,simulado
par3-7670,0.03425505,simulado
par3-7671,0.06237088,simulado
par3-7672,0.003559866,simulado
par3-7677,0.8450286,simulado
par3-7682,0.004749665,simulado
par3-7684,0.0032917277,simulado
par3-7685,0.9947714,simulado
par3-7693,0.0034400374,simulado
par3-7695,0.99549896,simulado
par3-7696,0.16730887,simulado
par3-7707,0.0032929655,simulado
par3-7708,0.2898578,simulado
par3-7713,0.011919322,simulado
par3-7716,0.0097353505,simulado
par3-7718,0.99369025,simulado
par3-7719,0.95640975,simulado
par3-7724,0.0033682142,simulado
par3-7733,0.028552119,simulado
par3-7736,0.76552516,simulado
par3-7737,0.0033787633,simulado
par3-7739,0.14124382,simulado
par3-7742,0.006239692,simulado
par3-7744,0.9949124,simulado
par3-7746,0.004310957,simulado
par3-7747,0.0036869475,simulado
par3-7750,0.0031933377,simulado
par3-7752,0.0035569042,simulado
par3-7755,0.004025729,simulado
par3-7758,0.66614276,simulado
par3-7764,0.0036616393,simulado
par3-7769,0.009812991,simulado
par3-7779,0.0034159897,simulado
par3-7781,0.0033504807,simulado
par3-7783,0.0035234166,simulado
par3-7784,0.9954259,simulado
par3-7786,0.003643947,simulado
par3-7787,0.0034305954,simulado
par3-7789,0.0037681623,simulado
par3-7792,0.0035213046,simulado
par3-7799,0.0034004124,simulado
par3-7802,0.0034141692,simulado
par3-7803,0.80041236,simulado
par3-7811,0.0032084696,simulado
par3-7812,0.0034620282,simulado
par3-7815,0.003500824,simulado
par3-7816,0.003358081,simulado
par3-7825,0.0032723744,simulado
par3-7827,0.003333892,simulado
par3-7837,0.99665666,simulado
par3-7838,0.004152308,simulado
par3-7846,0.16256203,simulado
par3-7854,0.1620411,simulado
par3-7859,0.92453414,simulado
par3-7861,0.25488448,simulado
par3-7862,0.22492267,simulado
par3-7871,0.9964579,simulado
par3-7875,0.010449962,simulado
par3-7877,0.03670006,simulado
par3-7880,0.0044185435,simulado
par3-7898,0.99666923,simulado
par3-7899,0.003598205,simulado
par3-7901,0.4045017,simulado
par3-7903,0.009048109,simulado
par3-7911,0.008495607,simulado
par3-7914,0.025793243,simulado
par3-7920,0.0037273795,simulado
par3-7921,0.01567998,simulado
par3-7928,0.02623308,simulado
par3-7931,0.0035321433,simulado
par3-7937,0.0034628708,simulado
par3-7948,0.0039900946,simulado
par3-7951,0.99614775,simulado
par3-7952,0.0042282552,simulado
par3-7956,0.051835213,simulado
par3-7957,0.24667612,simulado
par3-7958,0.01223958,simulado
par3-7959,0.15900175,simulado
par3-7966,0.0036225668,simulado
par3-7967,0.2950482,simulado
par3-7970,0.9918073,simulado
par3-7972,0.0032789381,simulado
par3-7980,0.005246085,simulado
par3-7983,0.0047915387,simulado
par3-7984,0.003813876,simulado
par3-7985,0.003453218,simulado
par3-7989,0.82541806,simulado
par3-7990,0.0034978879,simulado
par3-7991,0.0032968787,simulado
par3-7999,0.0041813524,simulado
par3-8001,0.0037326757,simulado
par3-8008,0.004722397,simulado
par3-8010,0.37302577,simulado
par3-8011,0.008260086,simulado
par3-8013,0.007730902,simulado
par3-8014,0.0047417553,simulado
par3-8021,0.9957409,simulado
par3-8025,0.0035435993,simulado
par3-8033,0.04622295,simulado
par3-8034,0.003653075,simulado
par3-8044,0.9956234,simulado
par3-8046,0.007213984,simulado
par3-8048,0.9962578,simulado
par3-8050,0.00523003,simulado
par3-8052,0.0051793978,simulado
par3-8055,0.0034734642,simulado
par3-8059,0.0035837865,simulado
par3-8060,0.0033953807,simulado
par3-8066,0.9511927,simulado
par3-8067,0.003460786,simulado
par3-8068,0.8261464,simulado
par3-8069,0.0033713866,simulado
par3-8072,0.0033209124,simulado
par3-8083,0.0033169389,simulado
par3-8090,0.4729639,simulado
par3-8091,0.98887396,simulado
par3-8095,0.0036261037,simulado
par3-8097,0.12511626,simulado
par3-8098,0.99585956,simulado
par3-8103,0.003252663,simulado
par3-8104,0.9174949,simulado
par3-8105,0.95795196,simulado
par3-8107,0.004021332,simulado
par3-8112,0.99237,simulado
par3-8113,0.040549725,simulado
par3-8115,0.0032689387,simulado
par3-8122,0.0033809606,simulado
par3-8125,0.12678729,simulado
par3-8127,0.9958054,simulado
par3-8132,0.014914769,simulado
par3-8136,0.025811642,simulado
par3-8138,0.0032262758,simulado
par3-8139,0.20053272,simulado
par3-8142,0.99047244,simulado
par3-8143,0.9715381,simulado
par3-8145,0.0034637,simulado
par3-8150,0.003478201,simulado
par3-8156,0.007486116,simulado
par3-8164,0.9939383,simulado
par3-8169,0.0033443782,simulado
par3-8170,0.0037427135,simulado
par3-8171,0.9279345,simulado
par3-8176,0.7735949,simulado
par3-8181,0.98159,simulado
par3-8190,0.299018,simulado
par3-8210,0.0033854558,simulado
par3-8217,0.00536309,simulado
par3-8218,0.16112888,simulado
par3-8229,0.99062973,simulado
par3-8236,0.0037224973,simulado
par3-8237,0.0060646264,simulado
par3-8238,0.003417381,simulado
par3-8247,0.0033430005,simulado
par3-8249,0.0036307771,simulado
par3-8250,0.0037534537,simulado
par3-8254,0.0047887294,simulado
par3-8255,0.007896816,simulado
par3-8256,0.106635325,simulado
par3-8261,0.96867394,simulado
par3-8274,0.003673186,simulado
par3-8276,0.0036473207,simulado
par3-8278,0.0032276562,simulado
par3-8281,0.94264835,simulado
par3-8290,0.003917476,simulado
par3-8294,0.99232316,simulado
par3-8305,0.0033687043,simulado
par3-8308,0.99650997,simulado
par3-8311,0.0036548872,simulado
par3-8314,0.0035256506,simulado
par3-8316,0.0035545824,simulado
par3-8319,0.006906817,simulado
par3-8320,0.0034419582,simulado
par3-8321,0.0032767022,simulado
par3-8322,0.15045185,simulado
par3-8327,0.003970159,simulado
par3-8329,0.9888061,simulado
par3-8334,0.0036516085,simulado
par3-8337,0.003988944,simulado
par3-8338,0.027511593,simulado
par3-8351,0.0034773033,simulado
par3-8355,0.9911889,simulado
par3-8364,0.03678287,simulado
par3-8369,0.0033378238,simulado
par3-8372,0.003573727,simulado
par3-8382,0.0033960151,simulado
par3-8388,0.003933553,simulado
par3-8390,0.051770017,simulado
par3-8391,0.003965774,simulado
par3-8400,0.0034205236,simulado
par3-8403,0.0033576568,simulado
par3-8405,0.003648061,simulado
par3-8410,0.045157626,simulado
par3-8414,0.013628909,simulado
par3-8419,0.004914312,simulado
par3-8425,0.0032167933,simulado
par3-8431,0.0036741493,simulado
par3-8432,0.0035223656,simulado
par3-8439,0.00327442,simulado
par3-8441,0.003212498,simulado
par3-8448,0.00627536,simulado
par3-8455,0.0051575187,simulado
par3-8462,0.3836261,simulado
par3-8468,0.08424185,simulado
par3-8470,0.0084878635,simulado
par3-8485,0.018041413,simulado
par3-8491,0.039969705,simulado
par3-8492,0.0041086785,simulado
par3-8493,0.5026076,simulado
par3-8496,0.004129906,simulado
par3-8501,0.09738384,simulado
par3-8504,0.0031622958,simulado
par3-8511,0.0038773664,simulado
par3-8518,0.029033095,simulado
par3-8524,0.009936344,simulado
par3-8525,0.003591991,simulado
par3-8535,0.0037399319,simulado
par3-8537,0.0037859592,simulado
par3-8542,0.0048801205,simulado
par3-8543,0.99629253,simulado
par3-8547,0.0034211625,simulado
par3-8550,0.0034222682,simulado
par3-8552,0.0044519412,simulado
par3-8557,0.23081374,simulado
par3-8559,0.9964366,simulado
par3-8560,0.98885137,simulado
par3-8562,0.0031516608,simulado
par3-8564,0.9817426,simulado
par3-8565,0.0058132205,simulado
par3-8566,0.009025942,simulado
par3-8567,0.0658218,simulado
par3-8570,0.007058276,simulado
par3-8571,0.41073278,simulado
par3-8582,0.0032670456,simulado
par3-8584,0.34536353,simulado
par3-8591,0.004719189,simulado
par3-8598,0.747244,simulado
par3-8601,0.0031117823,simulado
par3-8607,0.0059882323,simulado
par3-8612,0.003548678,simulado
par3-8613,0.003793385,simulado
par3-8616,0.0033487775,simulado
par3-8623,0.19694051,simulado
par3-8625,0.0041746846,simulado
par3-8629,0.0032491093,simulado
par3-8632,0.0841278,simulado
par3-8636,0.003300621,simulado
par3-8645,0.020617075,simulado
par3-8654,0.013835553,simulado
par3-8656,0.21950103,simulado
par3-8658,0.008347501,simulado
par3-8659,0.003342791,simulado
par3-8665,0.0032236471,simulado
par3-8673,0.0033444595,simulado
par3-8679,0.004957235,simulado
par3-8680,0.005653873,simulado
par3-8682,0.0033294316,simulado
par3-8683,0.9944635,simulado
par3-8685,0.0032580134,simulado
par3-8689,0.0031309193,simulado
par3-8693,0.0059028477,simulado
par3-8697,0.9810517,simulado
par3-8701,0.015773809,simulado
par3-8709,0.9951233,simulado
par3-8711,0.018803947,simulado
par3-8713,0.9939866,simulado
par3-8719,0.30461174,simulado
par3-8722,0.06441246,simulado
par3-8724,0.20956586,simulado
par3-8728,0.99165803,simulado
par3-8738,0.0039526727,simulado
par3-8744,0.0038054031,simulado
par3-8750,0.0033383379,simulado
par3-8753,0.01755844,simulado
par3-8754,0.20085785,simulado
par3-8765,0.99011326,simulado
par3-8769,0.004223045,simulado
par3-8770,0.0030656806,simulado
par3-8772,0.30690205,simulado
par3-8773,0.9895427,simulado
par3-8779,0.9324537,simulado
par3-8781,0.004959157,simulado
par3-8788,0.003235711,simulado
par3-8790,0.0032374337,simulado
par3-8794,0.0033564602,simulado
par3-8797,0.27591518,simulado
par3-8801,0.17158522,simulado
par3-8820,0.0035147236,simulado
par3-8825,0.006356634,simulado
par3-8837,0.0033989456,simulado
par3-8842,0.9919268,simulado
par3-8847,0.004351258,simulado
par3-8852,0.003862655,simulado
par3-8856,0.014599033,simulado
par3-8861,0.0034675994,simulado
par3-8864,0.0034490004,simulado
par3-8865,0.6421717,simulado
par3-8867,0.17914325,simulado
par3-8870,0.99365,simulado
par3-8879,0.0033204248,simulado
par3-8884,0.004103706,simulado
par3-8885,0.0047734436,simulado
par3-8891,0.0035487537,simulado
par3-8897,0.0033460064,simulado
par3-8901,0.0051271305,simulado
par3-8903,0.0039986502,simulado
par3-8905,0.004102972,simulado
par3-8906,0.99208856,simulado
par3-8907,0.95143175,simulado
par3-8910,0.0043999143,simulado
par4-0001,0.39241615,prova
par4-0002,0.23152581,prova
par4-0003,0.0074430304,prova
par4-0004,0.3802841,prova
par4-0005,0.0033511335,prova
par4-0006,0.9967488,prova
par4-0007,0.003467639,prova
par4-0008,0.003351675,prova
par4-0009,0.003307653,prova
par4-0010,0.19428389,prova
par4-0011,0.3982616,prova
par4-0012,0.0039529656,prova
par4-0013,0.0036006647,prova
par4-0014,0.58014333,prova
par4-0015,0.0034916075,prova
par4-0016,0.004890151,prova
par4-0017,0.0035309903,prova
par4-0018,0.3709562,prova
par4-0019,0.0040116534,prova
par4-0020,0.0034236538,prova
par4-0021,0.003395352,prova
par4-0022,0.0032143097,prova
par4-0023,0.13826723,prova
par4-0024,0.0034466574,prova
par4-0025,0.014847718,prova
par4-0026,0.99256706,prova
par4-0027,0.0034071996,prova
par4-0028,0.003414185,prova
par4-0029,0.0032616635,prova
par4-0030,0.0044594547,prova
par4-0031,0.003679362,prova
par4-0032,0.8025427,prova
par4-0033,0.003269736,prova
par4-0034,0.49789125,prova
par4-0035,0.0040996918,prova
par4-0036,0.0037259897,prova
par4-0037,0.014981864,prova
par4-0038,0.0038169972,prova
par4-0039,0.99673057,prova
par4-0040,0.5579568,prova
par4-0041,0.018496297,prova
par4-0042,0.993356,prova
par4-0043,0.0038174377,prova
par4-0044,0.010256402,prova
par4-0045,0.004990209,prova
par4-0046,0.0037558775,prova
par4-0047,0.9964534,prova
par4-0048,0.0035818813,prova
par4-0049,0.17373,prova
par4-0050,0.0035422915,prova
par4-0051,0.008756548,prova
par4-0052,0.003670477,prova
par4-0053,0.0037456038,prova
par4-0054,0.8468144,prova
par4-0055,0.006811169,prova
par4-0056,0.01526299,prova
par4-0057,0.9951952,prova
par4-0058,0.003934082,prova
par4-0059,0.9646003,prova
par4-0060,0.9392844,prova
par4-0061,0.98942906,prova
par4-0062,0.0031210424,prova
par4-0063,0.9928597,prova
par4-0064,0.004272932,prova
par4-0065,0.64992785,prova
par4-0066,0.0036038838,prova
par4-0067,0.21665846,prova
par4-0068,0.0031805946,prova
par4-0069,0.0033325644,prova
par4-0070,0.2191867,prova
par4-0071,0.0033392992,prova
par4-0072,0.0033169154,prova
par4-0073,0.0036466243,prova
par4-0074,0.482113,prova
par4-0075,0.005012945,prova
par4-0076,0.5067779,prova
par4-0077,0.0031743513,prova
par4-0078,0.00366275,prova
par4-0079,0.0036198755,prova
par4-0080,0.0037152395,prova
par4-0081,0.003325565,prova
par4-0082,0.005510643,prova
par4-0083,0.99602497,prova
par4-0084,0.0037047141,prova
par4-0085,0.007604671,prova
par4-0086,0.99670935,prova
par4-0087,0.041276902,prova
par4-0088,0.99524504,prova
par4-0089,0.004662026,prova
par4-0090,0.0034210193,prova
par4-0091,0.0047942977,prova
par4-0092,0.74504995,prova
par4-0093,0.005489589,prova
par4-0094,0.0030459273,prova
par4-0095,0.0040174285,prova
par4-0096,0.0033997337,prova
par4-0097,0.010071148,prova
par4-0098,0.0042296792,prova
par4-0099,0.003540989,prova
par4-0100,0.006351639,prova
par4-0101,0.0036428252,prova
par4-0102,0.0040445374,prova
par4-0103,0.003391488,prova
par4-0104,0.005899329,prova
par4-0105,0.9915031,prova
par4-0106,0.991401,prova
par4-0107,0.9931837,prova
par4-0108,0.0034738006,prova
par4-0109,0.9902563,prova
par4-0110,0.0033170132,prova
par4-0111,0.0044688,prova
par4-0112,0.97270447,prova
par4-0113,0.99404484,prova
par4-0114,0.0033962298,prova
par4-0115,0.0037857057,prova
par4-0116,0.00391002,prova
par4-0117,0.34015685,prova
par4-0118,0.004433209,prova
par4-0119,0.7921182,prova
par4-0120,0.005743345,prova
par4-0121,0.0032820562,prova
par4-0122,0.9966581,prova
par4-0123,0.0037737836,prova
par4-0124,0.0033546295,prova
par4-0125,0.0040218784,prova
par4-0126,0.9932353,prova
par4-0127,0.0037699242,prova
par4-0128,0.03503678,prova
par4-0129,0.9214185,prova
par4-0130,0.003652266,prova
par4-0131,0.0032615457,prova
par4-0132,0.0035642833,prova
par4-0133,0.003294177,prova
par4-0134,0.0032301024,prova
par4-0135,0.057128206,prova
par4-0136,0.0033020517,prova
par4-0137,0.20628627,prova
par4-0138,0.005965823,prova
par4-0139,0.0037701102,prova
par4-0140,0.792106,prova
par4-0141,0.003363502,prova
par4-0142,0.00805182,prova
par4-0143,0.063138194,prova
par4-0144,0.018554565,prova
par4-0145,0.011874458,prova
par4-0146,0.0037218803,prova
par4-0147,0.014693737,prova
par4-0148,0.013027121,prova
par4-0149,0.9951433,prova
par4-0150,0.0032013098,prova
par4-0151,0.0036663099,prova
par4-0152,0.9918618,prova
par4-0153,0.0036263224,prova
par4-0154,0.0033885108,prova
par4-0155,0.76546943,prova
par4-0156,0.99255085,prova
par4-0157,0.004408405,prova
par4-0158,0.26979062,prova
par4-0159,0.057244055,prova
par4-0160,0.06583337,prova
par4-0161,0.26178226,prova
par4-0162,0.012129508,prova
par4-0163,0.02096218,prova
par4-0164,0.0034276587,prova
par4-0165,0.00499612,prova
par4-0166,0.013123148,prova
par4-0167,0.4653938,prova
par4-0168,0.99601066,prova
par4-0169,0.99580306,prova
par4-0170,0.004557481,prova
par4-0171,0.003401573,prova
par4-0172,0.0041896263,prova
par4-0173,0.8074093,prova
par4-0174,0.0030890808,prova
par4-0175,0.0036455472,prova
par4-0176,0.0052145007,prova
par4-0177,0.0062912554,prova
par4-0178,0.0048578046,prova
par4-0179,0.60590273,prova
par4-0180,0.0034787727,prova
par4-0181,0.010751745,prova
par4-0182,0.0035091345,prova
par4-0183,0.96042156,prova
par4-0184,0.0035016262,prova
par4-0185,0.0045318464,prova
par4-0186,0.0034899916,prova
par4-0187,0.26836598,prova
par4-0188,0.003969175,prova
par4-0189,0.0034064031,prova
par4-0190,0.5119107,prova
par4-0191,0.39085135,prova
par4-0192,0.99668854,prova
par4-0193,0.0037555299,prova
par4-0194,0.9840598,prova
par4-0195,0.0038542503,prova
par4-0196,0.0037732725,prova
par4-0197,0.006603727,prova
par4-0198,0.004196547,prova
par4-0199,0.034942236,prova
par4-0200,0.0033247215,prova
par4-0201,0.0038282296,prova
par4-0202,0.024580454,prova
par4-0203,0.0036772161,prova
par4-0204,0.0034612105,prova
par4-0205,0.07376132,prova
par4-0206,0.3057603,prova
par4-0207,0.0034646743,prova
par4-0208,0.0074314075,prova
par4-0209,0.01677605,prova
par4-0210,0.0061721182,prova
par4-0211,0.27654457,prova
par4-0212,0.81928265,prova
par4-0213,0.23673046,prova
par4-0214,0.0035393203,prova
par4-0215,0.0032587226,prova
par4-0216,0.005960244,prova
par4-0217,0.008883619,prova
par4-0218,0.0042179604,prova
par4-0219,0.14579213,prova
par4-0220,0.99639684,prova
par4-0221,0.0032260644,prova
par4-0222,0.02362925,prova
par4-0223,0.0074691367,prova
par4-0224,0.99641776,prova
par4-0225,0.0037135456,prova
par4-0226,0.41380686,prova
par4-0227,0.32957777,prova
par4-0228,0.0032541628,prova
par4-0229,0.0033741966,prova
par4-0230,0.003346962,prova
par4-0231,0.0032644332,prova
par4-0232,0.003499976,prova
par4-0233,0.0034106032,prova
par4-0234,0.0032261962,prova
par4-0235,0.008606311,prova
par4-0236,0.003548165,prova
par4-0237,0.012989226,prova
par4-0238,0.007892634,prova
par4-0239,0.0035430284,prova
par4-0240,0.0037816796,prova
par4-0241,0.0038254757,prova
par4-0242,0.021313583,prova
par4-0243,0.003291513,prova
par4-0244,0.0033023942,prova
par4-0245,0.22113137,prova
par4-0246,0.0034540338,prova
par4-0247,0.07996296,prova
par4-0248,0.007960926,prova
par4-0249,0.9030656,prova
par4-0250,0.006988524,prova
par4-0251,0.005397774,prova
par4-0252,0.0034452213,prova
par4-0253,0.057068076,prova
par4-0254,0.12542033,prova
par4-0255,0.004736486,prova
par4-0256,0.03098845,prova
par4-0257,0.0032121346,prova
par4-0258,0.0040091774,prova
par4-0259,0.0038434272,prova
par4-0260,0.046559922,prova
par4-0261,0.0037022755,prova
par4-0262,0.0037810116,prova
par4-0263,0.985636,prova
par4-0264,0.21911256,prova
par4-0265,0.9951273,prova
par4-0266,0.0042741136,prova
par4-0267,0.9837362,prova
par4-0268,0.86580116,prova
par4-0269,0.0035576134,prova
par4-0270,0.2136904,prova
par4-0271,0.003940852,prova
par4-0272,0.9903156,prova
par4-0273,0.003577072,prova
par4-0274,0.008411633,prova
par4-0275,0.02974873,prova
par4-0276,0.9961112,prova
par4-0277,0.0044891792,prova
par4-0278,0.004282568,prova
par4-0279,0.26041582,prova
par4-0280,0.60880804,prova
par4-0281,0.004196208,prova
par4-0282,0.0035131357,prova
par4-0283,0.38464567,prova
par4-0284,0.0035605426,prova
par4-0285,0.0034491804,prova
par4-0286,0.0035287917,prova
par4-0287,0.0033744706,prova
par4-0288,0.16900446,prova
par4-0289,0.9677989,prova
par4-0290,0.0035555186,prova
par4-0291,0.5598589,prova
par4-0292,0.0039622984,prova
par4-0293,0.20639114,prova
par4-0294,0.003810155,prova
par4-0295,0.6291895,prova
par4-0296,0.0037781242,prova
par4-0297,0.03690684,prova
par4-0298,0.9927424,prova
par4-0299,0.0047484483,prova
par4-0300,0.003299106,prova
par4-0301,0.8166519,prova
par4-0302,0.0030693698,prova
par4-0303,0.0035042497,prova
par4-0304,0.0041550896,prova
par4-0305,0.0041899644,prova
par4-0306,0.0033904198,prova
par4-0307,0.0032659697,prova
par4-0308,0.0874434,prova
par4-0309,0.0034598047,prova
par4-0310,0.003276721,prova
par4-0311,0.0873486,prova
par4-0312,0.40560496,prova
par4-0313,0.0032858865,prova
par4-0314,0.09071651,prova
par4-0315,0.004214157,prova
par4-0316,0.006062812,prova
par4-0317,0.00680319,prova
par4-0318,0.99633825,prova
par4-0319,0.0035231991,prova
par4-0320,0.0035256976,prova
par4-0321,0.017938325,prova
par4-0322,0.98334956,prova
par4-0323,0.06897026,prova
par4-0324,0.1749359,prova
par4-0325,0.0044909506,prova
par4-0326,0.0035529274,prova
par4-0327,0.0035893708,prova
par4-0328,0.0075131976,prova
par4-0329,0.0032931876,prova
par4-0330,0.0034422006,prova
par4-0331,0.034160152,prova
par4-0332,0.0057412433,prova
par4-0333,0.0037042338,prova
par4-0334,0.0035154633,prova
par4-0335,0.003356722,prova
par4-0336,0.003414062,prova
par4-0337,0.93669325,prova
par4-0338,0.003488211,prova
par4-0339,0.98760104,prova
par4-0340,0.003337302,prova
par4-0341,0.019361729,prova
par4-0342,0.14090222,prova
par4-0343,0.003981307,prova
par4-0344,0.0044365907,prova
par4-0345,0.99603915,prova
par4-0346,0.003340142,prova
par4-0347,0.047927663,prova
par4-0348,0.0035015962,prova
par4-0349,0.011811701,prova
par4-0350,0.0035390595,prova
par4-0351,0.003965606,prova
par4-0352,0.003604365,prova
par4-0353,0.0036013438,prova
par4-0354,0.0079663275,prova
par4-0355,0.99465865,prova
par4-0356,0.99244237,prova
par4-0357,0.9963045,prova
par4-0358,0.0034828847,prova
par4-0359,0.03534698,prova
par4-0360,0.0040002973,prova
par4-0361,0.0036119423,prova
par4-0362,0.0035971252,prova
par4-0363,0.00351256,prova
par4-0364,0.0144255515,prova
par4-0365,0.017119648,prova
par4-0366,0.003646898,prova
par4-0367,0.020546189,prova
par4-0368,0.97299206,prova
par4-0369,0.0032860534,prova
par4-0370,0.0033622712,prova
par4-0371,0.003250104,prova
par4-0372,0.003500701,prova
par4-0373,0.0040241443,prova
par4-0374,0.0035963664,prova
par4-0375,0.010222742,prova
par4-0376,0.008454281,prova
par4-0377,0.993616,prova
par4-0378,0.003513476,prova
par4-0379,0.022176137,prova
par4-0380,0.0039190636,prova
par4-0381,0.003410861,prova
par4-0382,0.0037753792,prova
par4-0383,0.0038058462,prova
par4-0384,0.072703205,prova
par4-0385,0.0036224462,prova
par4-0386,0.0037436723,prova
par4-0387,0.9963792,prova
par4-0388,0.96971434,prova
par4-0389,0.003280684,prova
par4-0390,0.0036994182,prova
par4-0391,0.004947228,prova
par4-0392,0.0038031442,prova
par4-0393,0.0056567052,prova
par4-0394,0.004013363,prova
par4-0395,0.0038688725,prova
par4-0396,0.03959408,prova
par4-0397,0.016813545,prova
par4-0398,0.015022887,prova
par4-0399,0.0036000041,prova
par4-0400,0.977462,prova
par4-0401,0.003803242,prova
par4-0402,0.46577045,prova
par4-0403,0.0066541866,prova
par4-0404,0.003063325,prova
par4-0405,0.15335715,prova
par4-0406,0.9964708,prova
par4-0407,0.5049861,prova
par4-0408,0.0070903297,prova
par4-0409,0.0035919466,prova
par4-0410,0.03558176,prova
par4-0411,0.0034719193,prova
par4-0412,0.0037027663,prova
par4-0413,0.0038767275,prova
par4-0414,0.9901376,prova
par4-0415,0.0032645606,prova
par4-0416,0.04182798,prova
par4-0417,0.98828995,prova
par4-0418,0.9959532,prova
par4-0419,0.020094253,prova
par4-0420,0.009231674,prova
par4-0421,0.92613524,prova
par4-0422,0.16430163,prova
par4-0423,0.0039373576,prova
par4-0424,0.0034274745,prova
par4-0425,0.0041719656,prova
par4-0426,0.0033348429,prova
par4-0427,0.0031687373,prova
par4-0428,0.004150755,prova
par4-0429,0.008707378,prova
par4-0430,0.0035437327,prova
par4-0431,0.0033770264,prova
par4-0432,0.024364788,prova
par4-0433,0.10575411,prova
par4-0434,0.007740093,prova
par4-0435,0.0044419854,prova
par4-0436,0.09551574,prova
par4-0437,0.0038205797,prova
par4-0438,0.9943566,prova
par4-0439,0.009668317,prova
par4-0440,0.003900973,prova
par4-0441,0.0034031363,prova
par4-0442,0.0032134799,prova
par4-0443,0.090080276,prova
par4-0444,0.0034036946,prova
par4-0445,0.9576088,prova
par4-0446,0.9264435,prova
par4-0447,0.0042864797,prova
par4-0448,0.98781174,prova
par4-0449,0.023543088,prova
par4-0450,0.0035040297,prova
par4-0451,0.0037096173,prova
par4-0452,0.0049595665,prova
par4-0453,0.0037385605,prova
par4-0454,0.006990145,prova
par4-0455,0.0059527704,prova
par4-0456,0.0030982986,prova
par4-0457,0.96581596,prova
par4-0458,0.9961383,prova
par4-0459,0.9554847,prova
par4-0460,0.004391123,prova
par4-0461,0.0075694784,prova
par4-0462,0.5177368,prova
par4-0463,0.99674207,prova
par4-0464,0.003914842,prova
par4-0465,0.0033983206,prova
par4-0466,0.016691668,prova
par4-0467,0.0036125123,prova
par4-0468,0.0034256396,prova
par4-0469,0.029253712,prova
par4-0470,0.33911332,prova
par4-0471,0.003414372,prova
par4-0472,0.0034764644,prova
par4-0473,0.0034729457,prova
par4-0474,0.0032990102,prova
par4-0475,0.2383084,prova
par4-0476,0.004131452,prova
par4-0477,0.0055144965,prova
par4-0478,0.09644641,prova
par4-0479,0.003576715,prova
par4-0480,0.00359088,prova
par4-0481,0.98536533,prova
par4-0482,0.0031602026,prova
par4-0483,0.003952352,prova
par4-0484,0.9117312,prova
par4-0485,0.0035612483,prova
par4-0486,0.003349691,prova
par4-0487,0.0033183252,prova
par4-0488,0.0055516013,prova
par4-0489,0.003964642,prova
par4-0490,0.003678107,prova
par4-0491,0.0050070286,prova
par4-0492,0.98917997,prova
par4-0493,0.003276221,prova
par4-0494,0.0035216494,prova
par4-0495,0.0038244002,prova
par4-0496,0.084739596,prova
par4-0497,0.0034237318,prova
par4-0498,0.0031621966,prova
par4-0499,0.16718882,prova
par4-0500,0.003842471,prova
par4-0501,0.9938221,prova
par4-0502,0.0068203877,prova
par4-0503,0.0031468768,prova
par4-0504,0.0032531887,prova
par4-0505,0.0035592604,prova
par4-0506,0.003711916,prova
par4-0507,0.27087182,prova
par4-0508,0.0037833506,prova
par4-0509,0.072621256,prova
par4-0510,0.004849693,prova
par4-0511,0.003689111,prova
par4-0512,0.0037256288,prova
par4-0513,0.0111887045,prova
par4-0514,0.0037934214,prova
par4-0515,0.27801338,prova
par4-0516,0.9871135,prova
par4-0517,0.003895137,prova
par4-0518,0.0030473932,prova
par4-0519,0.9956455,prova
par4-0520,0.003677964,prova
par4-0521,0.004593576,prova
par4-0522,0.0031741294,prova
par4-0523,0.99543697,prova
par4-0524,0.8754601,prova
par4-0525,0.0035449837,prova
par4-0526,0.003892274,prova
par4-0527,0.2927883,prova
par4-0528,0.0036802166,prova
par4-0529,0.0034435175,prova
par4-0530,0.004131415,prova
par4-0531,0.0039613517,prova
par4-0532,0.3470575,prova
par4-0533,0.008247401,prova
par4-0534,0.44313726,prova
par4-0535,0.098320775,prova
par4-0536,0.99519134,prova
par4-0537,0.0030836144,prova
par4-0538,0.0031735636,prova
par4-0539,0.003971483,prova
par4-0540,0.003622587,prova
par4-0541,0.003466537,prova
par4-0542,0.19057705,prova
par4-0543,0.27790582,prova
par4-0544,0.007510556,prova
par4-0545,0.0033843461,prova
par4-0546,0.0032254572,prova
par4-0547,0.08212009,prova
par4-0548,0.39945987,prova
par4-0549,0.0081384,prova
par4-0550,0.003534455,prova
par4-0551,0.99064684,prova
par4-0552,0.0061413744,prova
par4-0553,0.0035190515,prova
par4-0554,0.16038987,prova
par4-0555,0.0041448125,prova
par4-0556,0.003461472,prova
par4-0557,0.004827914,prova
par4-0558,0.0034758877,prova
par4-0559,0.0034667824,prova
par4-0560,0.0036359937,prova
par4-0561,0.0034634233,prova
par4-0562,0.0039005966,prova
par4-0563,0.8948509,prova
par4-0564,0.92656714,prova
par4-0565,0.006759303,prova
par4-0566,0.0035002138,prova
par4-0567,0.003667303,prova
par4-0568,0.004021122,prova
par4-0569,0.99116874,prova
par4-0570,0.0038999207,prova
par4-0571,0.006977104,prova
par4-0572,0.003371196,prova
par4-0573,0.009578783,prova
par4-0574,0.9868427,prova
par4-0575,0.99417686,prova
par4-0576,0.0034794176,prova
par4-0577,0.0046632146,prova
par4-0578,0.003757332,prova
par4-0579,0.027733402,prova
par4-0580,0.0049146526,prova
par4-0581,0.0043571554,prova
par4-0582,0.005160688,prova
par4-0583,0.12646972,prova
par4-0584,0.77263856,prova
par4-0585,0.19250463,prova
par4-0586,0.8997747,prova
par4-0587,0.012509246,prova
par4-0588,0.0036011196,prova
par4-0589,0.005577143,prova
par4-0590,0.9940387,prova
par4-0591,0.99512815,prova
par4-0592,0.0038298795,prova
par4-0593,0.0029935092,prova
par4-0594,0.04348067,prova
par4-0595,0.99185586,prova
par4-0596,0.00326765,prova
par4-0597,0.0031352052,prova
par4-0598,0.9960569,prova
par4-0599,0.0030844705,prova
par4-0600,0.6959533,prova
par4-0601,0.0032264707,prova
par4-0602,0.008721986,prova
par4-0603,0.008291441,prova
par4-0604,0.5759387,prova
par4-0605,0.0034133757,prova
par4-0606,0.0035187774,prova
par4-0607,0.12538701,prova
par4-0608,0.25722086,prova
par4-0609,0.0035731464,prova
par4-0610,0.92003727,prova
par4-0611,0.0037694692,prova
par4-0612,0.004509052,prova
par4-0613,0.0035053918,prova
par4-0614,0.0056946264,prova
par4-0615,0.00315146,prova
par4-0616,0.6743947,prova
par4-0617,0.026992371,prova
par4-0618,0.36109838,prova
par4-0619,0.17485306,prova
par4-0620,0.005888684,prova
par4-0621,0.003904688,prova
par4-0622,0.0031269377,prova
par4-0623,0.035792377,prova
par4-0624,0.031360812,prova
par4-0625,0.9853088,prova
par4-0626,0.008710824,prova
par4-0627,0.010387653,prova
par4-0628,0.85762984,prova
par4-0629,0.0038497092,prova
par4-0630,0.99563533,prova
par4-0631,0.9945722,prova
par4-0632,0.9953198,prova
par4-0633,0.0033796066,prova
par4-0634,0.45513862,prova
par4-0635,0.0034012045,prova
par4-0636,0.0052916044,prova
par4-0637,0.0035240047,prova
par4-0638,0.9965211,prova
par4-0639,0.0032204585,prova
par4-0640,0.8571287,prova
par4-0641,0.9955694,prova
par4-0642,0.0032097783,prova
par4-0643,0.99490404,prova
par4-0644,0.0037102003,prova
par4-0645,0.05440644,prova
par4-0646,0.0032224613,prova
par4-0647,0.9960288,prova
par4-0648,0.0031569581,prova
par4-0649,0.0028728845,prova
par4-0650,0.9949005,prova
par4-0651,0.45130304,prova
par4-0652,0.004821386,prova
par4-0653,0.055724066,prova
par4-0654,0.41915804,prova
par4-0655,0.004487264,prova
par4-0656,0.003744106,prova
par4-0657,0.003773312,prova
par4-0658,0.9939056,prova
par4-0659,0.0039698235,prova
par4-0660,0.0072661685,prova
par4-0661,0.0034471422,prova
par4-0662,0.015335525,prova
par4-0663,0.91317636,prova
par4-0664,0.0036572078,prova
par4-0665,0.82212967,prova
par4-0666,0.0034418784,prova
par4-0667,0.0034516547,prova
par4-0668,0.005081218,prova
par4-0669,0.018043786,prova
par4-0670,0.0033276805,prova
par4-0671,0.0035373988,prova
par4-0672,0.003500016,prova
par4-0673,0.0037552996,prova
par4-0674,0.0071715494,prova
par4-0675,0.018077359,prova
par4-0676,0.0039816517,prova
par4-0677,0.0032438133,prova
par4-0678,0.90547293,prova
par4-0679,0.004143116,prova
par4-0680,0.0036151663,prova
par4-0681,0.2836859,prova
par4-0682,0.5270344,prova
par4-0683,0.004003817,prova
par4-0684,0.9691101,prova
par4-0685,0.0033631853,prova
par4-0686,0.0035567975,prova
par4-0687,0.0056053833,prova
par4-0688,0.0053929733,prova
par4-0689,0.003217616,prova
par4-0690,0.6857437,prova
par4-0691,0.0034524864,prova
par4-0692,0.0033262118,prova
par4-0693,0.019328078,prova
par4-0694,0.0037115593,prova
par4-0695,0.24019597,prova
par4-0696,0.0032282898,prova
par4-0697,0.040254466,prova
par4-0698,0.004192257,prova
par4-0699,0.0070107067,prova
par4-0700,0.036481958,prova
par4-0701,0.0036253731,prova
par4-0702,0.0033445356,prova
par4-0703,0.075380675,prova
par4-0704,0.74644905,prova
par4-0705,0.99003524,prova
par4-0706,0.0032182767,prova
par4-0707,0.81909627,prova
par4-0708,0.005724238,prova
par4-0709,0.003337351,prova
par4-0710,0.3905461,prova
par4-0711,0.006110867,prova
par4-0712,0.0035835532,prova
par4-0713,0.0033676445,prova
par4-0714,0.0037529778,prova
par4-0715,0.97783387,prova
par4-0716,0.91879267,prova
par4-0717,0.003425083,prova
par4-0718,0.98337156,prova
par4-0719,0.0035020786,prova
par4-0720,0.26989573,prova
par4-0721,0.0057345647,prova
par4-0722,0.38491902,prova
par4-0723,0.0036016826,prova
par4-0724,0.8408094,prova
par4-0725,0.003680264,prova
par4-0726,0.10587331,prova
par4-0727,0.007965393,prova
par4-0728,0.9907575,prova
par4-0729,0.056962527,prova
par4-0730,0.0042371303,prova
par4-0731,0.52529866,prova
par4-0732,0.005910346,prova
par4-0733,0.0035208159,prova
par4-0734,0.00398992,prova
par4-0735,0.007092069,prova
par4-0736,0.004093379,prova
par4-0737,0.0035604476,prova
par4-0738,0.6631702,prova
par4-0739,0.003674509,prova
par4-0740,0.0079659205,prova
par4-0741,0.013287622,prova
par4-0742,0.022930857,prova
par4-0743,0.004227579,prova
par4-0744,0.99634933,prova
par4-0745,0.29193026,prova
par4-0746,0.003987611,prova
par4-0747,0.0036297818,prova
par4-0748,0.40714124,prova
par4-0749,0.008443982,prova
par4-0750,0.003263881,prova
par4-0751,0.29373112,prova
par4-0752,0.9965139,prova
par4-0753,0.003480979,prova
par4-0754,0.7603671,prova
par4-0755,0.89975035,prova
par4-0756,0.0036389194,prova
par4-0757,0.0035720004,prova
par4-0758,0.0053460947,prova
par4-0759,0.0035378558,prova
par4-0760,0.0035006779,prova
par4-0761,0.0035248653,prova
par4-0762,0.8564414,prova
par4-0763,0.0032400554,prova
par4-0764,0.0034748737,prova
par4-0765,0.81984586,prova
par4-0766,0.003606304,prova
par4-0767,0.0030951488,prova
par4-0768,0.0038173671,prova
par4-0769,0.003448997,prova
par4-0770,0.23732588,prova
par4-0771,0.0032568427,prova
par4-0772,0.0036194753,prova
par4-0773,0.004072017,prova
par4-0774,0.003495691,prova
par4-0775,0.9582415,prova
par4-0776,0.0038209173,prova
par4-0777,0.99597126,prova
par4-0778,0.003966373,prova
par4-0779,0.16138723,prova
par4-0780,0.00375657,prova
par4-0781,0.008836114,prova
par4-0782,0.0034818123,prova
par4-0783,0.0035241768,prova
par4-0784,0.0036887168,prova
par4-0785,0.061224036,prova
par4-0786,0.0033396932,prova
par4-0787,0.0061937943,prova
par4-0788,0.0038173418,prova
par4-0789,0.24289289,prova
par4-0790,0.003660989,prova
par4-0791,0.007895312,prova
par4-0792,0.0066120597,prova
par4-0793,0.99633044,prova
par4-0794,0.0755244,prova
par4-0795,0.003469325,prova
par4-0796,0.0036183351,prova
par4-0797,0.0031202235,prova
par4-0798,0.010879429,prova
par4-0799,0.0037120502,prova
par4-0800,0.983539,prova
par4-0801,0.0035422847,prova
par4-0802,0.15002199,prova
par4-0803,0.7528493,prova
par4-0804,0.0038824438,prova
par4-0805,0.014192899,prova
par4-0806,0.0059252246,prova
par4-0807,0.0061889677,prova
par4-0808,0.008414064,prova
par4-0809,0.018624187,prova
par4-0810,0.012474047,prova
par4-0811,0.004285883,prova
par4-0812,0.004029568,prova
par4-0813,0.99635905,prova
par4-0814,0.0040975004,prova
par4-0815,0.38179287,prova
par4-0816,0.003997422,prova
par4-0817,0.0034577926,prova
par4-0818,0.9962346,prova
par4-0819,0.0046986686,prova
par4-0820,0.01157822,prova
par4-0821,0.69850093,prova
par4-0822,0.011711473,prova
par4-0823,0.0034555227,prova
par4-0824,0.004351479,prova
par4-0825,0.00357289,prova
par4-0826,0.39860103,prova
par4-0827,0.004385336,prova
par4-0828,0.5657221,prova
par4-0829,0.0036544811,prova
par4-0830,0.09683064,prova
par4-0831,0.0034495739,prova
par4-0832,0.0040979185,prova
par4-0833,0.9702976,prova
par4-0834,0.003794315,prova
par4-0835,0.0036586693,prova
par4-0836,0.03496913,prova
par4-0837,0.003533669,prova
par4-0838,0.010544337,prova
par4-0839,0.0032122706,prova
par4-0840,0.004210123,prova
par4-0841,0.008060977,prova
par4-0842,0.02343136,prova
par4-0843,0.0035549672,prova
par4-0844,0.003601888,prova
par4-0845,0.0036465032,prova
par4-0846,0.024636904,prova
par4-0847,0.0056314263,prova
par4-0848,0.9780629,prova
par4-0849,0.003562184,prova
par4-0850,0.004887353,prova
par4-0851,0.9961893,prova
par4-0852,0.003181502,prova
par4-0853,0.98850316,prova
par4-0854,0.0036285522,prova
par4-0855,0.0036588972,prova
par4-0856,0.15118414,prova
par4-0857,0.37114048,prova
par4-0858,0.9960018,prova
par4-0859,0.003891265,prova
par4-0860,0.9924972,prova
par4-0861,0.88395935,prova
par4-0862,0.2518618,prova
par4-0863,0.0035350716,prova
par4-0864,0.0035786561,prova
par4-0865,0.0041658883,prova
par4-0866,0.0034330185,prova
par4-0867,0.0030853257,prova
par4-0868,0.93228376,prova
par4-0869,0.0081309825,prova
par4-0870,0.0037154919,prova
par4-0871,0.90969324,prova
par4-0872,0.003872645,prova
par4-0873,0.0041061114,prova
par4-0874,0.003473076,prova
par4-0875,0.05564458,prova
par4-0876,0.0033099977,prova
par4-0877,0.9962173,prova
par4-0878,0.85779774,prova
par4-0879,0.5701244,prova
par4-0880,0.9897731,prova
par4-0881,0.99661785,prova
par4-0882,0.99566925,prova
par4-0883,0.0033741726,prova
par4-0884,0.0062327418,prova
par4-0885,0.0056516305,prova
par4-0886,0.996739,prova
par4-0887,0.005636443,prova
par4-0888,0.0049148486,prova
par4-0889,0.05834279,prova
par4-0890,0.0038366457,prova
par4-0891,0.25738382,prova
par4-0892,0.0032198508,prova
par4-0893,0.0074203294,prova
par4-0894,0.0034813343,prova
par4-0895,0.0037671227,prova
par4-0896,0.003263112,prova
par4-0897,0.0038047435,prova
par4-0898,0.9963987,prova
par4-0899,0.10009601,prova
par4-0900,0.5765059,prova
par4-0901,0.0036328372,prova
par4-0902,0.0037846668,prova
par4-0903,0.003445639,prova
par4-0904,0.042089995,prova
par4-0905,0.0040518628,prova
par4-0906,0.99673456,prova
par4-0907,0.4489034,prova
par4-0908,0.004328817,prova
par4-0909,0.20088369,prova
par4-0910,0.00476618,prova
par4-0911,0.5724917,prova
par4-0912,0.0030528624,prova
par4-0913,0.0032107977,prova
par4-0914,0.031142775,prova
par4-0915,0.026850544,prova
par4-0916,0.0036598358,prova
par4-0917,0.045902234,prova
par4-0918,0.0032726636,prova
par4-0919,0.97890455,prova
par4-0920,0.0056613036,prova
par4-0921,0.0038349987,prova
par4-0922,0.11923124,prova
par4-0923,0.013464291,prova
par4-0924,0.0038153366,prova
par4-0925,0.0035975282,prova
par4-0926,0.0036132312,prova
par4-0927,0.0031739108,prova
par4-0928,0.0032909892,prova
par4-0929,0.9933248,prova
par4-0930,0.0045267832,prova
par4-0931,0.00825003,prova
par4-0932,0.0033253788,prova
par4-0933,0.99402905,prova
par4-0934,0.010788577,prova
par4-0935,0.0035637615,prova
par4-0936,0.92693245,prova
par4-0937,0.95250773,prova
par4-0938,0.0032871612,prova
par4-0939,0.9945397,prova
par4-0940,0.9941705,prova
par4-0941,0.0046920725,prova
par4-0942,0.0051563005,prova
par4-0943,0.9964992,prova
par4-0944,0.01053658,prova
par4-0945,0.013339863,prova
par4-0946,0.48563403,prova
par4-0947,0.004373387,prova
par4-0948,0.01918242,prova
par4-0949,0.26961315,prova
par4-0950,0.99652326,prova
par4-0951,0.0038316704,prova
par4-0952,0.0062892647,prova
par4-0953,0.9665082,prova
par4-0954,0.9929119,prova
par4-0955,0.0045107948,prova
par4-0956,0.14788422,prova
par4-0957,0.2841703,prova
par4-0958,0.0034580885,prova
par4-0959,0.0045231017,prova
par4-0960,0.08997697,prova
par4-0961,0.0031992702,prova
par4-0962,0.39554328,prova
par4-0963,0.0039694407,prova
par4-0964,0.003410767,prova
par4-0965,0.008252734,prova
par4-0966,0.0035425425,prova
par4-0967,0.0035443369,prova
par4-0968,0.0030297544,prova
par4-0969,0.0048504174,prova
par4-0970,0.0037062105,prova
par4-0971,0.0036693595,prova
par4-0972,0.99570554,prova
par4-0973,0.0032661404,prova
par4-0974,0.0036019103,prova
par4-0975,0.59668666,prova
par4-0976,0.0030189669,prova
par4-0977,0.0037760467,prova
par4-0978,0.0033879278,prova
par4-0979,0.0037934808,prova
par4-0980,0.0037779252,prova
par4-0981,0.003496688,prova
par4-0982,0.0032987453,prova
par4-0983,0.047849678,prova
par4-0984,0.004538591,prova
par4-0985,0.008925094,prova
par4-0986,0.008851085,prova
par4-0987,0.003861285,prova
par4-0988,0.97263104,prova
par4-0989,0.0042803846,prova
par4-0990,0.003961299,prova
par4-0991,0.0037826893,prova
par4-0992,0.91173744,prova
par4-0993,0.0034375207,prova
par4-0994,0.9865024,prova
par4-0995,0.99673456,prova
par4-0996,0.0035170708,prova
par4-0997,0.9374921,prova
par4-0998,0.0043284902,prova
par4-0999,0.004113827,prova
par4-1000,0.98872197,prova
par4-1001,0.0040515736,prova
par4-1002,0.17383501,prova
par4-1003,0.0048934054,prova
par4-1004,0.0035173616,prova
par4-1005,0.0034706148,prova
par4-1006,0.0043946663,prova
par4-1007,0.0031777085,prova
par4-1008,0.0031877325,prova
par4-1009,0.3026026,prova
par4-1010,0.0034190528,prova
par4-1011,0.006561548,prova
par4-1012,0.006930114,prova
par4-1013,0.8915983,prova
par4-1014,0.7449237,prova
par4-1015,0.0033214493,prova
par4-1016,0.0039833216,prova
par4-1017,0.9728927,prova
par4-1018,0.0032726107,prova
par4-1019,0.9948331,prova
par4-1020,0.0036998964,prova
par4-1021,0.59149784,prova
par4-1022,0.004289069,prova
par4-1023,0.0032502029,prova
par4-1024,0.005079603,prova
par4-1025,0.0037221576,prova
par4-1026,0.0042646304,prova
par4-1027,0.0033224942,prova
par4-1028,0.9871171,prova
par4-1029,0.39531034,prova
par4-1030,0.0037042426,prova
par4-1031,0.004602655,prova
par4-1032,0.00375943,prova
par4-1033,0.003443822,prova
par4-1034,0.005708521,prova
par4-1035,0.0031443092,prova
par4-1036,0.00399,prova
par4-1037,0.0035718821,prova
par4-1038,0.003760246,prova
par4-1039,0.0036561186,prova
par4-1040,0.0035552226,prova
par4-1041,0.97948873,prova
par4-1042,0.003298943,prova
par4-1043,0.0041384185,prova
par4-1044,0.03646935,prova
par4-1045,0.0037656447,prova
par4-1046,0.6623107,prova
par4-1047,0.0032730508,prova
par4-1048,0.926151,prova
par4-1049,0.0033642438,prova
par4-1050,0.0083205495,prova
par4-1051,0.0047449926,prova
par4-1052,0.0034329288,prova
par4-1053,0.0069415956,prova
par4-1054,0.99549294,prova
par4-1055,0.003538883,prova
par4-1056,0.0040173293,prova
par4-1057,0.96341693,prova
par4-1058,0.4200303,prova
par4-1059,0.005942675,prova
par4-1060,0.9965737,prova
par4-1061,0.005663597,prova
par4-1062,0.004073851,prova
par4-1063,0.9882591,prova
par4-1064,0.2550662,prova
par4-1065,0.0042948895,prova
par4-1066,0.003661603,prova
par4-1067,0.0037699419,prova
par4-1068,0.0058414424,prova
par4-1069,0.0035413962,prova
par4-1070,0.003222601,prova
par4-1071,0.025814658,prova
par4-1072,0.9508695,prova
par4-1073,0.0037426264,prova
par4-1074,0.9918876,prova
par4-1075,0.004614769,prova
par4-1076,0.8741795,prova
par4-1077,0.0033781258,prova
par4-1078,0.004506946,prova
par4-1079,0.0031336753,prova
par4-1080,0.0034526554,prova
par4-1081,0.003506591,prova
par4-1082,0.09310047,prova
par4-1083,0.0031760414,prova
par4-1084,0.004001663,prova
par4-1085,0.0059698457,prova
par4-1086,0.012366942,prova
par4-1087,0.090304434,prova
par4-1088,0.003623706,prova
par4-1089,0.003703507,prova
par4-1090,0.003065917,prova
par4-1091,0.39410865,prova
par4-1092,0.094859,prova
par4-1093,0.0034073712,prova
par4-1094,0.0030026555,prova
par4-1095,0.0034453836,prova
par4-1096,0.99359,prova
par4-1097,0.0033597462,prova
par4-1098,0.003780778,prova
par4-1099,0.0035310928,prova
par4-1100,0.003282841,prova
par4-1101,0.006254792,prova
par4-1102,0.008051591,prova
par4-1103,0.0041498067,prova
par4-1104,0.09795752,prova
par4-1105,0.05206626,prova
par4-1106,0.0035380947,prova
par4-1107,0.17728813,prova
par4-1108,0.6980766,prova
par4-1109,0.0032180336,prova
par4-1110,0.003374546,prova
par4-1111,0.019238928,prova
par4-1112,0.9944043,prova
par4-1113,0.36673582,prova
par4-1114,0.00512715,prova
par4-1115,0.9466258,prova
par4-1116,0.00457361,prova
par4-1117,0.0057144407,prova
par4-1118,0.0035625023,prova
par4-1119,0.0037769184,prova
par4-1120,0.052605323,prova
par4-1121,0.99576,prova
par4-1122,0.005427849,prova
par4-1123,0.0058283587,prova
par4-1124,0.0064381273,prova
par4-1125,0.003546734,prova
par4-1126,0.005188194,prova
par4-1127,0.9964561,prova
par4-1128,0.0036052435,prova
par4-1129,0.116098695,prova
par4-1130,0.12548064,prova
par4-1131,0.0059048235,prova
par4-1132,0.0031998022,prova
par4-1133,0.0029992457,prova
par4-1134,0.52959675,prova
par4-1135,0.020377375,prova
par4-1136,0.003562326,prova
par4-1137,0.9448319,prova
par4-1138,0.003906376,prova
par4-1139,0.65711635,prova
par4-1140,0.0035581682,prova
par4-1141,0.0033406198,prova
par4-1142,0.0044454955,prova
par4-1143,0.0038329333,prova
par4-1144,0.0029171533,prova
par4-1145,0.0033562784,prova
par4-1146,0.0031106598,prova
par4-1147,0.0035471318,prova
par4-1148,0.0077063306,prova
par4-1149,0.0041512675,prova
par4-1150,0.0036239026,prova
par4-1151,0.98366576,prova
par4-1152,0.0034327053,prova
par4-1153,0.7185247,prova
par4-1154,0.008762212,prova
par4-1155,0.9964545,prova
par4-1156,0.012109943,prova
par4-1157,0.9960349,prova
par4-1158,0.8932948,prova
par4-1159,0.7576812,prova
par4-1160,0.005697576,prova
par4-1161,0.43701974,prova
par4-1162,0.004713584,prova
par4-1163,0.30652538,prova
par4-1164,0.003553934,prova
par4-1165,0.21539845,prova
par4-1166,0.0069369627,prova
par4-1167,0.006788864,prova
par4-1168,0.0033240612,prova
par4-1169,0.0037723552,prova
par4-1170,0.031268317,prova
par4-1171,0.16567747,prova
par4-1172,0.0043419674,prova
par4-1173,0.0063983263,prova
par4-1174,0.0032195405,prova
par4-1175,0.0034419897,prova
par4-1176,0.0047875177,prova
par4-1177,0.98557115,prova
par4-1178,0.0031049042,prova
par4-1179,0.18914002,prova
par4-1180,0.0034893437,prova
par4-1181,0.0038047563,prova
par4-1182,0.0037314934,prova
par4-1183,0.0035603228,prova
par4-1184,0.9941684,prova
par4-1185,0.005834335,prova
par4-1186,0.0039661205,prova
par4-1187,0.004068659,prova
par4-1188,0.051889993,prova
par4-1189,0.0035509986,prova
par4-1190,0.0034904263,prova
par4-1191,0.09511565,prova
par4-1192,0.29374006,prova
par4-1193,0.002919809,prova
par4-1194,0.0031587442,prova
par4-1195,0.015567316,prova
par4-1196,0.0041042147,prova
par4-1197,0.9719387,prova
par4-1198,0.0043130512,prova
par4-1199,0.07110489,prova
par4-1200,0.995887,prova
par4-1201,0.9953961,prova
par4-1202,0.2901724,prova
par4-1203,0.99638164,prova
par4-1204,0.9927993,prova
par4-1205,0.19289488,prova
par4-1206,0.9962406,prova
par4-1207,0.0034913486,prova
par4-1208,0.07158761,prova
par4-1209,0.8417708,prova
par4-1210,0.003339004,prova
par4-1211,0.9430096,prova
par4-1212,0.9945251,prova
par4-1213,0.0038383575,prova
par4-1214,0.9957979,prova
par4-1215,0.032555703,prova
par4-1216,0.0034714607,prova
par4-1217,0.7459176,prova
par4-1218,0.003290906,prova
par4-1219,0.003861204,prova
par4-1220,0.37656483,prova
par4-1221,0.0036329387,prova
par4-1222,0.0038433615,prova
par4-1223,0.003758064,prova
par4-1224,0.0034394846,prova
par4-1225,0.9585573,prova
par4-1226,0.009621185,prova
par4-1227,0.1824857,prova
par4-1228,0.0034877474,prova
par4-1229,0.0034699915,prova
par4-1230,0.0035099536,prova
par4-1231,0.700522,prova
par4-1232,0.005381361,prova
par4-1233,0.045742437,prova
par4-1234,0.003952656,prova
par4-1235,0.003311442,prova
par4-1236,0.0062116534,prova
par4-1237,0.003169998,prova
par4-1238,0.003420844,prova
par4-1239,0.01070467,prova
par4-1240,0.0034175094,prova
par4-1241,0.0038097496,prova
par4-1242,0.005804909,prova
par4-1243,0.0038518836,prova
par4-1244,0.0041131605,prova
par4-1245,0.0034960117,prova
par4-1246,0.12972185,prova
par4-1247,0.0040193843,prova
par4-1248,0.0045891996,prova
par4-1249,0.0034473094,prova
par4-1250,0.09017847,prova
par4-1251,0.0031572434,prova
par4-1252,0.023669932,prova
par4-1253,0.0030527955,prova
par4-1254,0.0060731834,prova
par4-1255,0.03922581,prova
par4-1256,0.0033941132,prova
par4-1257,0.9894824,prova
par4-1258,0.5201662,prova
par4-1259,0.0037544398,prova
par4-1260,0.003574274,prova
par4-1261,0.00358237,prova
par4-1262,0.0035861793,prova
par4-1263,0.9962624,prova
par4-1264,0.003865621,prova
par4-1265,0.9626517,prova
par4-1266,0.97550803,prova
par4-1267,0.0033286866,prova
par4-1268,0.2607698,prova
par4-1269,0.003860273,prova
par4-1270,0.004206624,prova
par4-1271,0.01203408,prova
par4-1272,0.0044307057,prova
par4-1273,0.34371254,prova
par4-1274,0.004968488,prova
par4-1275,0.0032437828,prova
par4-1276,0.0034644864,prova
par4-1277,0.004037318,prova
par4-1278,0.33679456,prova
par4-1279,0.003144906,prova
par4-1280,0.005059333,prova
par4-1281,0.041762903,prova
par4-1282,0.00374338,prova
par4-1283,0.9966054,prova
par4-1284,0.0041958853,prova
par4-1285,0.006219064,prova
par4-1286,0.008978348,prova
par4-1287,0.0031088411,prova
par4-1288,0.005276947,prova
par4-1289,0.7475644,prova
par4-1290,0.9871723,prova
par4-1291,0.0030513129,prova
par4-1292,0.0033093714,prova
par4-1293,0.003583628,prova
par4-1294,0.9566181,prova
par4-1295,0.0039379145,prova
par4-1296,0.99416214,prova
par4-1297,0.0041365246,prova
par4-1298,0.0036769607,prova
par4-1299,0.0031041866,prova
par4-1300,0.0065425797,prova
par4-1301,0.0038859714,prova
par4-1302,0.07719099,prova
par4-1303,0.0049404013,prova
par4-1304,0.0037491661,prova
par4-1305,0.008837292,prova
par4-1306,0.0034363498,prova
par4-1307,0.3765935,prova
par4-1308,0.004338139,prova
par4-1309,0.30471095,prova
par4-1310,0.00360081,prova
par4-1311,0.13369896,prova
par4-1312,0.97162277,prova
par4-1313,0.03532231,prova
par4-1314,0.0033207433,prova
par4-1315,0.19787978,prova
par4-1316,0.003320177,prova
par4-1317,0.34609544,prova
par4-1318,0.003408968,prova
par4-1319,0.003676905,prova
par4-1320,0.15600269,prova
par4-1321,0.031594664,prova
par4-1322,0.00950568,prova
par4-1323,0.0048189186,prova
par4-1324,0.9937265,prova
par4-1325,0.5249315,prova
par4-1326,0.0031946767,prova
par4-1327,0.003387464,prova
par4-1328,0.00897214,prova
par4-1329,0.010776258,prova
par4-1330,0.003565025,prova
par4-1331,0.05474949,prova
par4-1332,0.9816248,prova
par4-1333,0.003382407,prova
par4-1334,0.010539632,prova
par4-1335,0.0033659472,prova
par4-1336,0.004582541,prova
par4-1337,0.009393695,prova
par4-1338,0.0033462958,prova
par4-1339,0.9949419,prova
par4-1340,0.0052348794,prova
par4-1341,0.6075078,prova
par4-1342,0.0037216377,prova
par4-1343,0.004231266,prova
par4-1344,0.3745623,prova
par4-1345,0.013784994,prova
par4-1346,0.0030576393,prova
par4-1347,0.2949937,prova
par4-1348,0.03126774,prova
par4-1349,0.00320331,prova
par4-1350,0.026782122,prova
par4-1351,0.0040734173,prova
par4-1352,0.14221555,prova
par4-1353,0.006603918,prova
par4-1354,0.03373936,prova
par4-1355,0.003775591,prova
par4-1356,0.9921449,prova
par4-1357,0.7368212,prova
par4-1358,0.0765915,prova
par4-1359,0.0031836063,prova
par4-1360,0.0172295,prova
par4-1361,0.9954137,prova
par4-1362,0.008300197,prova
par4-1363,0.9798886,prova
par4-1364,0.9755121,prova
par4-1365,0.0030811029,prova
par4-1366,0.99587786,prova
par4-1367,0.5350356,prova
par4-1368,0.0034691836,prova
par4-1369,0.0075911693,prova
par4-1370,0.00974125,prova
par4-1371,0.0033538549,prova
par4-1372,0.99517065,prova
par4-1373,0.0037694837,prova
par4-1374,0.0036977825,prova
par4-1375,0.0054605715,prova
par4-1376,0.0044992957,prova
par4-1377,0.00374868,prova
par4-1378,0.0030964348,prova
par4-1379,0.99440813,prova
par4-1380,0.003445842,prova
par4-1381,0.003613195,prova
par4-1382,0.21938992,prova
par4-1383,0.0035174703,prova
par4-1384,0.00411958,prova
par4-1385,0.44766188,prova
par4-1386,0.4217222,prova
par4-1387,0.009413567,prova
par4-1388,0.51136345,prova
par4-1389,0.003561443,prova
par4-1390,0.0034121447,prova
par4-1391,0.0038205017,prova
par4-1392,0.0031928578,prova
par4-1393,0.04333086,prova
par4-1394,0.0035551162,prova
par4-1395,0.0038335235,prova
par4-1396,0.0040370477,prova
par4-1397,0.99413836,prova
par4-1398,0.1112547,prova
par4-1399,0.0035969336,prova
par4-1400,0.0063486183,prova
par4-1401,0.004905401,prova
par4-1402,0.0090641,prova
par4-1403,0.0035904911,prova
par4-1404,0.0032565256,prova
par4-1405,0.9958405,prova
par4-1406,0.016127862,prova
par4-1407,0.03153681,prova
par4-1408,0.003924693,prova
par4-1409,0.0034327966,prova
par4-1410,0.029738575,prova
par4-1411,0.003828626,prova
par4-1412,0.0033963942,prova
par4-1413,0.014080476,prova
par4-1414,0.41967466,prova
par4-1415,0.010054571,prova
par4-1416,0.00950507,prova
par4-1417,0.0068707597,prova
par4-1418,0.0032772801,prova
par4-1419,0.011579262,prova
par4-1420,0.003697644,prova
par4-1421,0.008779781,prova
par4-1422,0.0034812733,prova
par4-1423,0.015888928,prova
par4-1424,0.0036588416,prova
par4-1425,0.003501709,prova
par4-1426,0.0032576881,prova
par4-1427,0.0064965067,prova
par4-1428,0.005557486,prova
par4-1429,0.0034515022,prova
par4-1430,0.0037442981,prova
par4-1431,0.003514725,prova
par4-1432,0.004333197,prova
par4-1433,0.07123575,prova
par4-1434,0.98519903,prova
par4-1435,0.6998779,prova
par4-1436,0.0035454286,prova
par4-1437,0.96465236,prova
par4-1438,0.003440055,prova
par4-1439,0.6917885,prova
par4-1440,0.99665475,prova
par4-1441,0.99385023,prova
par4-1442,0.38706803,prova
par4-1443,0.0034615644,prova
par4-1444,0.0074776215,prova
par4-1445,0.0046139173,prova
par4-1446,0.0033573725,prova
par4-1447,0.17119502,prova
par4-1448,0.98686266,prova
par4-1449,0.0032743502,prova
par4-1450,0.008269248,prova
par4-1451,0.0100799,prova
par4-1452,0.004250387,prova
par4-1453,0.009835621,prova
par4-1454,0.0032676684,prova
par4-1455,0.0035790985,prova
par4-1456,0.0132353455,prova
par4-1457,0.003524403,prova
par4-1458,0.00338332,prova
par4-1459,0.18401836,prova
par4-1460,0.9945076,prova
par4-1461,0.0035974327,prova
par4-1462,0.0043916903,prova
par4-1463,0.0035293836,prova
par4-1464,0.9654215,prova
par4-1465,0.003553595,prova
par4-1466,0.0030313565,prova
par4-1467,0.003484568,prova
par4-1468,0.0036583983,prova
par4-1469,0.0106361555,prova
par4-1470,0.99643695,prova
par4-1471,0.003328908,prova
par4-1472,0.005167807,prova
par4-1473,0.33482942,prova
par4-1474,0.0043195863,prova
par4-1475,0.00310584,prova
par4-1476,0.0036319036,prova
par4-1477,0.7489182,prova
par4-1478,0.0037292163,prova
par4-1479,0.003337832,prova
par4-1480,0.98847103,prova
par4-1481,0.03955665,prova
par4-1482,0.0034324215,prova
par4-1483,0.0068075447,prova
par4-1484,0.40859845,prova
par4-1485,0.75492746,prova
par4-1486,0.006998614,prova
par4-1487,0.0035939526,prova
par4-1488,0.21266852,prova
par4-1489,0.9937243,prova
par4-1490,0.9859002,prova
par4-1491,0.99590033,prova
par4-1492,0.9965707,prova
par4-1493,0.003437877,prova
par4-1494,0.0037277034,prova
par4-1495,0.2417851,prova
par4-1496,0.003258902,prova
par4-1497,0.0030910433,prova
par4-1498,0.003874482,prova
par4-1499,0.0032618695,prova
par4-1500,0.00955981,prova
par4-1501,0.0037765345,prova
par4-1502,0.9841415,prova
par4-1503,0.021794291,prova
par4-1504,0.996062,prova
par4-1505,0.0036410985,prova
par4-1506,0.052604374,prova
par4-1507,0.98585147,prova
par4-1508,0.00507817,prova
par4-1509,0.0051768483,prova
par4-1510,0.99196917,prova
par4-1511,0.0054213814,prova
par4-1512,0.0058712973,prova
par4-1513,0.0034840335,prova
par4-1514,0.99337775,prova
par4-1515,0.19783084,prova
par4-1516,0.0035936146,prova
par4-1517,0.0032560378,prova
par4-1518,0.0033534851,prova
par4-1519,0.9877095,prova
par4-1520,0.0036373932,prova
par4-1521,0.018340014,prova
par4-1522,0.48274434,prova
par4-1523,0.0034057945,prova
par4-1524,0.04167433,prova
par4-1525,0.003036338,prova
par4-1526,0.0044041737,prova
par4-1527,0.03902607,prova
par4-1528,0.0050151027,prova
par4-1529,0.004801878,prova
par4-1530,0.0032807402,prova
par4-1531,0.9921558,prova
par4-1532,0.0044926093,prova
par4-1533,0.99660945,prova
par4-1534,0.0038294971,prova
par4-1535,0.0040894966,prova
par4-1536,0.4165636,prova
par4-1537,0.004059652,prova
par4-1538,0.008026502,prova
par4-1539,0.0032508764,prova
par4-1540,0.98381585,prova
par4-1541,0.9543194,prova
par4-1542,0.9347557,prova
par4-1543,0.0036488585,prova
par4-1544,0.0049766754,prova
par4-1545,0.00367592,prova
par4-1546,0.019325113,prova
par4-1547,0.27525792,prova
par4-1548,0.9358004,prova
par4-1549,0.33382753,prova
par4-1550,0.004721917,prova
par4-1551,0.0044647777,prova
par4-1552,0.009180186,prova
par4-1553,0.0037078145,prova
par4-1554,0.0033209787,prova
par4-1555,0.98526543,prova
par4-1556,0.018108122,prova
par4-1557,0.006059047,prova
par4-1558,0.0034577204,prova
par4-1559,0.003955593,prova
par4-1560,0.0038053892,prova
par4-1561,0.004371735,prova
par4-1562,0.073224075,prova
par4-1563,0.09550071,prova
par4-1564,0.10128607,prova
par4-1565,0.66301274,prova
par4-1566,0.0033231732,prova
par4-1567,0.003670334,prova
par4-1568,0.44602746,prova
par4-1569,0.110345386,prova
par4-1570,0.008325,prova
par4-1571,0.0028582376,prova
par4-1572,0.003177151,prova
par4-1573,0.134921,prova
par4-1574,0.03258634,prova
par4-1575,0.003367267,prova
par4-1576,0.0035271456,prova
par4-1577,0.006295365,prova
par4-1578,0.1281506,prova
par4-1579,0.0033287876,prova
par4-1580,0.003664046,prova
par4-1581,0.0034374914,prova
par4-1582,0.018262992,prova
par4-1583,0.20345782,prova
par4-1584,0.0037015069,prova
par4-1585,0.9261467,prova
par4-1586,0.003541137,prova
par4-1587,0.0033127784,prova
par4-1588,0.0036398738,prova
par4-1589,0.9962947,prova
par4-1590,0.0033393928,prova
par4-1591,0.004316473,prova
par4-1592,0.003265976,prova
par4-1593,0.61289704,prova
par4-1594,0.0034709757,prova
par4-1595,0.0032211214,prova
par4-1596,0.99485946,prova
par4-1597,0.0032861938,prova
par4-1598,0.004577917,prova
par4-1599,0.99272376,prova
par4-1600,0.019692851,prova
par4-1601,0.0046457164,prova
par4-1602,0.0031947617,prova
par4-1603,0.01675855,prova
par4-1604,0.031665403,prova
par4-1605,0.0034838018,prova
par4-1606,0.07474938,prova
par4-1607,0.0426938,prova
par4-1608,0.9950858,prova
par4-1609,0.0033090804,prova
par4-1610,0.24737655,prova
par4-1611,0.0035605563,prova
par4-1612,0.003420925,prova
par4-1613,0.003169346,prova
par4-1614,0.9155435,prova
par4-1615,0.0032564711,prova
par4-1616,0.9667194,prova
par4-1617,0.0036016775,prova
par4-1618,0.005842511,prova
par4-1619,0.19901821,prova
par4-1620,0.0033752231,prova
par4-1621,0.9903992,prova
par4-1622,0.0039522825,prova
par4-1623,0.0058407886,prova
par4-1624,0.99108255,prova
par4-1625,0.003250793,prova
par4-1626,0.7609898,prova
par4-1627,0.003676926,prova
par4-1628,0.97865784,prova
par4-1629,0.0067902016,prova
par4-1630,0.040727887,prova
par4-1631,0.005719672,prova
par4-1632,0.0035799313,prova
par4-1633,0.0035981676,prova
par4-1634,0.9940217,prova
par4-1635,0.0032925052,prova
par4-1636,0.0049291905,prova
par4-1637,0.0033479547,prova
par4-1638,0.0033458916,prova
par4-1639,0.9945381,prova
par4-1640,0.0036148846,prova
par4-1641,0.0044560386,prova
par4-1642,0.1948959,prova
par4-1643,0.050082657,prova
par4-1644,0.995704,prova
par4-1645,0.003827875,prova
par4-1646,0.0045371028,prova
par4-1647,0.004123189,prova
par4-1648,0.614437,prova
par4-1649,0.004399031,prova
par4-1650,0.01615733,prova
par4-1651,0.030303907,prova
par4-1652,0.003217842,prova
par4-1653,0.0049061826,prova
par4-1654,0.111366525,prova
par4-1655,0.007617713,prova
par4-1656,0.004083434,prova
par4-1657,0.014214726,prova
par4-1658,0.9895979,prova
par4-1659,0.0032427714,prova
par4-1660,0.34962755,prova
par4-1661,0.004365214,prova
par4-1662,0.0045460295,prova
par4-1663,0.9289959,prova
par4-1664,0.17719188,prova
par4-1665,0.0033427177,prova
par4-1666,0.23054035,prova
par4-1667,0.879829,prova
par4-1668,0.0037065928,prova
par4-1669,0.0035220392,prova
par4-1670,0.003356224,prova
par4-1671,0.0067187366,prova
par4-1672,0.18076268,prova
par4-1673,0.67126244,prova
par4-1674,0.023243792,prova
par4-1675,0.011563652,prova
par4-1676,0.0032749136,prova
par4-1677,0.003279951,prova
par4-1678,0.0032625506,prova
par4-1679,0.0041326922,prova
par4-1680,0.003351672,prova
par4-1681,0.007460082,prova
par4-1682,0.53733885,prova
par4-1683,0.7497587,prova
par4-1684,0.324122,prova
par4-1685,0.0031344022,prova
par4-1686,0.94471425,prova
par4-1687,0.47273767,prova
par4-1688,0.0040704776,prova
par4-1689,0.99623543,prova
par4-1690,0.99467826,prova
par4-1691,0.9949485,prova
par4-1692,0.33490047,prova
par4-1693,0.96728086,prova
par4-1694,0.018488733,prova
par4-1695,0.3147493,prova
par4-1696,0.0036692617,prova
par4-1697,0.00309627,prova
par4-1698,0.0034033353,prova
par4-1699,0.0047358363,prova
par4-1700,0.9965341,prova
par4-1701,0.0033787116,prova
par4-1702,0.0075560287,prova
par4-1703,0.0037221648,prova
par4-1704,0.003810886,prova
par4-1705,0.0033182432,prova
par4-1706,0.003200881,prova
par4-1707,0.012084424,prova
par4-1708,0.0034927325,prova
par4-1709,0.15860377,prova
par4-1710,0.006187293,prova
par4-1711,0.6805932,prova
par4-1712,0.003495467,prova
par4-1713,0.90187615,prova
par4-1714,0.0032147039,prova
par4-1715,0.0076621794,prova
par4-1716,0.925847,prova
par4-1717,0.0040106704,prova
par4-1718,0.0040495577,prova
par4-1719,0.0048606913,prova
par4-1720,0.39796114,prova
par4-1721,0.45943224,prova
par4-1722,0.0034984362,prova
par4-1723,0.9851945,prova
par4-1724,0.4356761,prova
par4-1725,0.56652796,prova
par4-1726,0.012984196,prova
par4-1727,0.0033507547,prova
par4-1728,0.0035411771,prova
par4-1729,0.0033915602,prova
par4-1730,0.9469495,prova
par4-1731,0.082723044,prova
par4-1732,0.003249693,prova
par4-1733,0.0047260853,prova
par4-1734,0.014459196,prova
par4-1735,0.0035345156,prova
par4-1736,0.0032748934,prova
par4-1737,0.0034882445,prova
par4-1738,0.0051388186,prova
par4-1739,0.0031558827,prova
par4-1740,0.97553635,prova
par4-1741,0.9467768,prova
par4-1742,0.9814497,prova
par4-1743,0.25369075,prova
par4-1744,0.0033351,prova
par4-1745,0.9932868,prova
par4-1746,0.0035512063,prova
par4-1747,0.003311151,prova
par4-1748,0.010372698,prova
par4-1749,0.0038229036,prova
par4-1750,0.0038033053,prova
par4-1751,0.009350671,prova
par4-1752,0.004217342,prova
par4-1753,0.0039003915,prova
par4-1754,0.017537141,prova
par4-1755,0.0038829679,prova
par4-1756,0.43340835,prova
par4-1757,0.14955078,prova
par4-1758,0.007917109,prova
par4-1759,0.60360616,prova
par4-1760,0.36342153,prova
par4-1761,0.0035026495,prova
par4-1762,0.0035229411,prova
par4-1763,0.0033909562,prova
par4-1764,0.01743585,prova
par4-1765,0.0042774547,prova
par4-1766,0.0031726016,prova
par4-1767,0.004327424,prova
par4-1768,0.0037984957,prova
par4-1769,0.080938965,prova
par4-1770,0.0038776665,prova
par4-1771,0.009217213,prova
par4-1772,0.23705263,prova
par4-1773,0.7751388,prova
par4-1774,0.0036351385,prova
par4-1775,0.0040252646,prova
par4-1776,0.49083892,prova
par4-1777,0.9621307,prova
par4-1778,0.0052269716,prova
par4-1779,0.2312633,prova
par4-1780,0.09118872,prova
par4-1781,0.006635,prova
par4-1782,0.0032253158,prova
par4-1783,0.011473549,prova
par4-1784,0.003257448,prova
par4-1785,0.99654984,prova
par4-1786,0.0050269705,prova
par4-1787,0.0052445224,prova
par4-1788,0.0037661546,prova
par4-1789,0.020166645,prova
par4-1790,0.9962147,prova
par4-1791,0.0029066356,prova
par4-1792,0.003370908,prova
par4-1793,0.023388026,prova
par4-1794,0.016334688,prova
par4-1795,0.003720844,prova
par4-1796,0.0033035183,prova
par4-1797,0.2471415,prova
par4-1798,0.98912305,prova
par4-1799,0.003621768,prova
par4-1800,0.0067025707,prova
par4-1801,0.017407542,prova
par4-1802,0.0044155787,prova
par4-1803,0.00334393,prova
par4-1804,0.003362658,prova
par4-1805,0.004150664,prova
par4-1806,0.0035109862,prova
par4-1807,0.9961868,prova
par4-1808,0.0037127626,prova
par4-1809,0.006739248,prova
par4-1810,0.0031433082,prova
par4-1811,0.9030649,prova
par4-1812,0.0060029468,prova
par4-1813,0.030172063,prova
par4-1814,0.82581574,prova
par4-1815,0.0039654328,prova
par4-1816,0.0030382336,prova
par4-1817,0.7557343,prova
par4-1818,0.003747435,prova
par4-1819,0.0032305878,prova
par4-1820,0.0035393722,prova
par4-1821,0.0034274599,prova
par4-1822,0.004204146,prova
par4-1823,0.003270235,prova
par4-1824,0.3388827,prova
par4-1825,0.0035488782,prova
par4-1826,0.003087726,prova
par4-1827,0.0058123437,prova
par4-1828,0.0031937081,prova
par4-1829,0.00399367,prova
par4-1830,0.014080298,prova
par4-1831,0.50489646,prova
par4-1832,0.0031361352,prova
par4-1833,0.0035521141,prova
par4-1834,0.9867007,prova
par4-1835,0.0032328302,prova
par4-1836,0.15672533,prova
par4-1837,0.33443484,prova
par4-1838,0.99634403,prova
par4-1839,0.003315508,prova
par4-1840,0.020297881,prova
par4-1841,0.73672926,prova
par4-1842,0.0047183423,prova
par4-1843,0.9891655,prova
par4-1844,0.003688675,prova
par4-1845,0.043842867,prova
par4-1846,0.0037613218,prova
par4-1847,0.042548828,prova
par4-1848,0.0032471824,prova
par4-1849,0.98778695,prova
par4-1850,0.42219195,prova
par4-1851,0.008629215,prova
par4-1852,0.023737952,prova
par4-1853,0.004002973,prova
par4-1854,0.289977,prova
par4-1855,0.15688822,prova
par4-1856,0.08178057,prova
par4-1857,0.1362471,prova
par4-1858,0.279098,prova
par4-1859,0.1926547,prova
par4-1860,0.9850419,prova
par4-1861,0.0032663564,prova
par4-1862,0.003325066,prova
par4-1863,0.0045559583,prova
par4-1864,0.9433323,prova
par4-1865,0.9928437,prova
par4-1866,0.99609095,prova
par4-1867,0.0030338145,prova
par4-1868,0.003151433,prova
par4-1869,0.99375784,prova
par4-1870,0.044195715,prova
par4-1871,0.9948921,prova
par4-1872,0.0032165865,prova
par4-1873,0.0041512656,prova
par4-1874,0.0033026326,prova
par4-1875,0.006011098,prova
par4-1876,0.003830658,prova
par4-1877,0.02197657,prova
par4-1878,0.004120805,prova
par4-1879,0.0033474471,prova
par4-1880,0.0038518473,prova
par4-1881,0.9938599,prova
par4-1882,0.98251665,prova
par4-1883,0.059975106,prova
par4-1884,0.0033010382,prova
par4-1885,0.0031613188,prova
par4-1886,0.0036340198,prova
par4-1887,0.003427991,prova
par4-1888,0.003549135,prova
par4-1889,0.0036179791,prova
par4-1890,0.9761656,prova
par4-1891,0.9409291,prova
par4-1892,0.15512368,prova
par4-1893,0.0032186694,prova
par4-1894,0.003440544,prova
par4-1895,0.0064318646,prova
par4-1896,0.025277553,prova
par4-1897,0.36695156,prova
par4-1898,0.06274209,prova
par4-1899,0.7263461,prova
par4-1900,0.013370312,prova
par4-1901,0.9895264,prova
par4-1902,0.99473023,prova
par4-1903,0.0037815073,prova
par4-1904,0.060013592,prova
par4-1905,0.0032186238,prova
par4-1906,0.48676822,prova
par4-1907,0.0038187907,prova
par4-1908,0.2734706,prova
par4-1909,0.36466658,prova
par4-1910,0.0031813085,prova
par4-1911,0.007472092,prova
par4-1912,0.9611849,prova
par4-1913,0.0032620665,prova
par4-1914,0.0032519845,prova
par4-1915,0.9932533,prova
par4-1916,0.15661618,prova
par4-1917,0.003437622,prova
par4-1918,0.017459491,prova
par4-1919,0.0030122644,prova
par4-1920,0.006796998,prova
par4-1921,0.0032183914,prova
par4-1922,0.29826453,prova
par4-1923,0.0038767608,prova
par4-1924,0.9880535,prova
par4-1925,0.0038506528,prova
par4-1926,0.0033391928,prova
par4-1927,0.004095858,prova
par4-1928,0.004168878,prova
par4-1929,0.0032833074,prova
par4-1930,0.0037806416,prova
par4-1931,0.0039599957,prova
par4-1932,0.9741175,prova
par4-1933,0.02715796,prova
par4-1934,0.00489972,prova
par4-1935,0.0037731417,prova
par4-1936,0.0033303876,prova
par4-1937,0.0055053043,prova
par4-1938,0.0030873823,prova
par4-1939,0.0038470475,prova
par4-1940,0.0037543827,prova
par4-1941,0.0051772166,prova
par4-1942,0.004107106,prova
par4-1943,0.0051752133,prova
par4-1944,0.0037774944,prova
par4-1945,0.027648406,prova
par4-1946,0.004105039,prova
par4-1947,0.8220423,prova
par4-1948,0.0031970583,prova
par4-1949,0.0033974678,prova
par4-1950,0.003304498,prova
par4-1951,0.0040503712,prova
par4-1952,0.0033913462,prova
par4-1953,0.00325784,prova
par4-1954,0.0033228446,prova
par4-1955,0.04670624,prova
par4-1956,0.10847176,prova
par4-1957,0.0035640157,prova
par4-1958,0.0031499849,prova
par4-1959,0.003900671,prova
par4-1960,0.032214306,prova
par4-1961,0.019732391,prova
par4-1962,0.3531497,prova
par4-1963,0.0033498057,prova
par4-1964,0.0036502506,prova
par4-1965,0.009532399,prova
par4-1966,0.22324924,prova
par4-1967,0.30216816,prova
par4-1968,0.003703776,prova
par4-1969,0.0107083,prova
par4-1970,0.0054925526,prova
par4-1971,0.003485557,prova
par4-1972,0.0034518156,prova
par4-1973,0.003475736,prova
par4-1974,0.2623365,prova
par4-1975,0.96850073,prova
par4-1976,0.023730725,prova
par4-1977,0.011103516,prova
par4-1978,0.28339198,prova
par4-1979,0.0034854347,prova
par4-1980,0.003474319,prova
par4-1981,0.004463576,prova
par4-1982,0.12747422,prova
par4-1983,0.019530084,prova
par4-1984,0.0038268862,prova
par4-1985,0.0039782077,prova
par4-1986,0.013230378,prova
par4-1987,0.0051136906,prova
par4-1988,0.015700966,prova
par4-1989,0.01317939,prova
par4-1990,0.9734527,prova
par4-1991,0.0034298387,prova
par4-1992,0.96472067,prova
par4-1993,0.0034430875,prova
par4-1994,0.0033957278,prova
par4-1995,0.0038008452,prova
par4-1996,0.046774596,prova
par4-1997,0.00338959,prova
par4-1998,0.54933935,prova
par4-1999,0.11001522,prova
par4-2000,0.0054901415,prova
par4-2001,0.004261293,prova
par4-2002,0.83367735,prova
par4-2003,0.008022543,prova
par4-2004,0.1768668,prova
par4-2005,0.003575145,prova
par4-2006,0.0044310405,prova
par4-2007,0.0036076854,prova
par4-2008,0.0034300832,prova
par4-2009,0.99689424,prova
par4-2010,0.006075961,prova
par4-2011,0.003889992,prova
par4-2012,0.99620193,prova
par4-2013,0.002992577,prova
par4-2014,0.99536645,prova
par4-2015,0.9866578,prova
par4-2016,0.0032176173,prova
par4-2017,0.9902862,prova
par4-2018,0.036099114,prova
par4-2019,0.9839311,prova
par4-2020,0.004549123,prova
par4-2021,0.008988779,prova
par4-2022,0.005629576,prova
par4-2023,0.003463328,prova
par4-2024,0.006053567,prova
par4-2025,0.014805355,prova
par4-2026,0.0035075198,prova
par4-2027,0.003804892,prova
par4-2028,0.09361028,prova
par4-2029,0.17078365,prova
par4-2030,0.0032815102,prova
par4-2031,0.00391825,prova
par4-2032,0.004066293,prova
par4-2033,0.0036533386,prova
par4-2034,0.004402221,prova
par4-2035,0.0037497198,prova
par4-2036,0.003287889,prova
par4-2037,0.005701329,prova
par4-2038,0.0039441288,prova
par4-2039,0.004804745,prova
par4-2040,0.0040916568,prova
par4-2041,0.97067845,prova
par4-2042,0.0032902793,prova
par4-2043,0.9944194,prova
par4-2044,0.0035234436,prova
par4-2045,0.07033641,prova
par4-2046,0.0033207356,prova
par4-2047,0.008554565,prova
par4-2048,0.0035157322,prova
par4-2049,0.0037804188,prova
par4-2050,0.043383338,prova
par4-2051,0.004195005,prova
par4-2052,0.0034160677,prova
par4-2053,0.0036926512,prova
par4-2054,0.0031497562,prova
par4-2055,0.44191784,prova
par4-2056,0.0033165072,prova
par4-2057,0.0029766185,prova
par4-2058,0.011045313,prova
par4-2059,0.002999923,prova
par4-2060,0.003518906,prova
par4-2061,0.6781805,prova
par4-2062,0.003373196,prova
par4-2063,0.0035092048,prova
par4-2064,0.0034794372,prova
par4-2065,0.0036267808,prova
par4-2066,0.004513127,prova
par4-2067,0.0061503826,prova
par4-2068,0.0035556485,prova
par4-2069,0.006198586,prova
par4-2070,0.6719945,prova
par4-2071,0.0049865856,prova
par4-2072,0.9965024,prova
par4-2073,0.004328509,prova
par4-2074,0.9209437,prova
par4-2075,0.0033098545,prova
par4-2076,0.0060395678,prova
par4-2077,0.996546,prova
par4-2078,0.9924212,prova
par4-2079,0.003435765,prova
par4-2080,0.0032298048,prova
par4-2081,0.37810305,prova
par4-2082,0.32419088,prova
par4-2083,0.0034725298,prova
par4-2084,0.0035266392,prova
par4-2085,0.003290112,prova
par4-2086,0.0037900351,prova
par4-2087,0.99662894,prova
par4-2088,0.0030286931,prova
par4-2089,0.04636177,prova
par4-2090,0.99508107,prova
par4-2091,0.96372074,prova
par4-2092,0.0037599264,prova
par4-2093,0.9856704,prova
par4-2094,0.013610774,prova
par4-2095,0.0031687974,prova
par4-2096,0.008383723,prova
par4-2097,0.008611521,prova
par4-2098,0.38055673,prova
par4-2099,0.08583198,prova
par4-2100,0.008022308,prova
par4-2101,0.00825248,prova
par4-2102,0.015461892,prova
par4-2103,0.9916197,prova
par4-2104,0.31605896,prova
par4-2105,0.09889816,prova
par4-2106,0.30261594,prova
par4-2107,0.0035082693,prova
par4-2108,0.32797322,prova
par4-2109,0.0036722212,prova
par4-2110,0.009811179,prova
par4-2111,0.004319726,prova
par4-2112,0.0034894347,prova
par4-2113,0.0036729279,prova
par4-2114,0.6903281,prova
par4-2115,0.003449061,prova
par4-2116,0.003430308,prova
par4-2117,0.99226886,prova
par4-2118,0.0035051752,prova
par4-2119,0.003961875,prova
par4-2120,0.0033316414,prova
par4-2121,0.003317182,prova
par4-2122,0.9935213,prova
par4-2123,0.0036105025,prova
par4-2124,0.0036417835,prova
par4-2125,0.0032378326,prova
par4-2126,0.9287289,prova
par4-2127,0.0038226892,prova
par4-2128,0.00313274,prova
par4-2129,0.01157517,prova
par4-2130,0.96845466,prova
par4-2131,0.13924012,prova
par4-2132,0.99569726,prova
par4-2133,0.0034810132,prova
par4-2134,0.797561,prova
par4-2135,0.23060423,prova
par4-2136,0.9958483,prova
par4-2137,0.0047906656,prova
par4-2138,0.003369758,prova
par4-2139,0.0030846805,prova
par4-2140,0.0033763347,prova
par4-2141,0.004303317,prova
par4-2142,0.004930086,prova
par4-2143,0.00594993,prova
par4-2144,0.026391258,prova
par4-2145,0.003730834,prova
par4-2146,0.0034645197,prova
par4-2147,0.003263366,prova
par4-2148,0.0035235342,prova
par4-2149,0.003435695,prova
par4-2150,0.0034510856,prova
par4-2151,0.0030931353,prova
par4-2152,0.10693231,prova
par4-2153,0.1824395,prova
par4-2154,0.003717429,prova
par4-2155,0.004355638,prova
par4-2156,0.0038708597,prova
par4-2157,0.9956982,prova
par4-2158,0.0034671251,prova
par4-2159,0.98056626,prova
par4-2160,0.0031980174,prova
par4-2161,0.007757056,prova
par4-2162,0.0034114637,prova
par4-2163,0.31104007,prova
par4-2164,0.0035119723,prova
par4-2165,0.0034376548,prova
par4-2166,0.0033427654,prova
par4-2167,0.0036228728,prova
par4-2168,0.9891235,prova
par4-2169,0.003977618,prova
par4-2170,0.8926349,prova
par4-2171,0.16461004,prova
par4-2172,0.012117139,prova
par4-2173,0.0031294152,prova
par4-2174,0.18466641,prova
par4-2175,0.0034531755,prova
par4-2176,0.003757996,prova
par4-2177,0.04202814,prova
par4-2178,0.0032971215,prova
par4-2179,0.0035216592,prova
par4-2180,0.12589969,prova
par4-2181,0.17258994,prova
par4-2182,0.003388968,prova
par4-2183,0.0034471622,prova
par4-2184,0.23547406,prova
par4-2185,0.003687835,prova
par4-2186,0.003942597,prova
par4-2187,0.9552091,prova
par4-2188,0.0048704045,prova
par4-2189,0.0033266924,prova
par4-2190,0.005366647,prova
par4-2191,0.0034204472,prova
par4-2192,0.9722686,prova
par4-2193,0.0036556511,prova
par4-2194,0.0039821113,prova
par4-2195,0.0036834334,prova
par4-2196,0.005991395,prova
par4-2197,0.0039842394,prova
par4-2198,0.99637955,prova
par4-2199,0.0032331652,prova
par4-2200,0.003408584,prova
par4-2201,0.0031559963,prova
par4-2202,0.003810439,prova
par4-2203,0.0036402042,prova
par4-2204,0.0035113166,prova
par4-2205,0.0036718042,prova
par4-2206,0.9954482,prova
par4-2207,0.0039789067,prova
par4-2208,0.0036703758,prova
par4-2209,0.003262997,prova
par4-2210,0.98947865,prova
par4-2211,0.0035561568,prova
par4-2212,0.98979795,prova
par4-2213,0.65023756,prova
par4-2214,0.0033334913,prova
par4-2215,0.003436846,prova
par4-2216,0.00354382,prova
par4-2217,0.00358598,prova
par4-2218,0.0036376852,prova
par4-2219,0.3656915,prova
par4-2220,0.021824203,prova
par4-2221,0.003274811,prova
par4-2222,0.0030706192,prova
par4-2223,0.95543027,prova
par4-2224,0.003091881,prova
par4-2225,0.0036580039,prova
par4-2226,0.008235927,prova
par4-2227,0.08516801,prova
par4-2228,0.0033279923,prova
par4-2229,0.0047102896,prova
par4-2230,0.98699594,prova
par4-2231,0.0034461431,prova
par4-2232,0.019805491,prova
par4-2233,0.9866209,prova
par4-2234,0.96609825,prova
par4-2235,0.0035210738,prova
par4-2236,0.0033163764,prova
par4-2237,0.0033283576,prova
par4-2238,0.003478892,prova
par4-2239,0.0035498636,prova
par4-2240,0.003465791,prova
par4-2241,0.007339008,prova
par4-2242,0.0060534324,prova
par4-2243,0.020042196,prova
par4-2244,0.0031148295,prova
par4-2245,0.3949613,prova
par4-2246,0.0036820513,prova
par4-2247,0.011108229,prova
par4-2248,0.026907299,prova
par4-2249,0.0035004632,prova
par4-2250,0.003349228,prova
par4-2251,0.9960526,prova
par4-2252,0.0035697948,prova
par4-2253,0.003573165,prova
par4-2254,0.0032199414,prova
par4-2255,0.006968259,prova
par4-2256,0.2710612,prova
par4-2257,0.003192222,prova
par4-2258,0.0038431261,prova
par4-2259,0.019260656,prova
par4-2260,0.031077662,prova
par4-2261,0.0033530036,prova
par4-2262,0.0036552658,prova
par4-2263,0.007086446,prova
par4-2264,0.99482226,prova
par4-2265,0.0047032153,prova
par4-2266,0.062214922,prova
par4-2267,0.71461654,prova
par4-2268,0.037409127,prova
par4-2269,0.9956554,prova
par4-2270,0.14874269,prova
par4-2271,0.0033529957,prova
par4-2272,0.006782437,prova
par4-2273,0.9965306,prova
par4-2274,0.0032867172,prova
par4-2275,0.9896673,prova
par4-2276,0.0044734054,prova
par4-2277,0.014646729,prova
par4-2278,0.9938135,prova
par4-2279,0.08902672,prova
par4-2280,0.006668811,prova
par4-2281,0.003911404,prova
par4-2282,0.00422951,prova
par4-2283,0.0037683127,prova
par4-2284,0.97232527,prova
par4-2285,0.9964323,prova
par4-2286,0.003141747,prova
par4-2287,0.006434798,prova
par4-2288,0.0034338636,prova
par4-2289,0.0050143152,prova
par4-2290,0.033906482,prova
par4-2291,0.0037920917,prova
par4-2292,0.003161612,prova
par4-2293,0.0036357327,prova
par4-2294,0.021833627,prova
par4-2295,0.9756184,prova
par4-2296,0.12748304,prova
par4-2297,0.04120717,prova
par4-2298,0.003339207,prova
par4-2299,0.24644658,prova
par4-2300,0.014817796,prova
par4-2301,0.0034809557,prova
par4-2302,0.005088001,prova
par4-2303,0.0034129717,prova
par4-2304,0.03920486,prova
par4-2305,0.7750325,prova
par4-2306,0.004227105,prova
par4-2307,0.09012609,prova
par4-2308,0.9084499,prova
par4-2309,0.0031673338,prova
par4-2310,0.003504261,prova
par4-2311,0.99641454,prova
par4-2312,0.003430561,prova
par4-2313,0.029723827,prova
par4-2314,0.0038099631,prova
par4-2315,0.0034356443,prova
par4-2316,0.0054218112,prova
par4-2317,0.00342811,prova
par4-2318,0.0031426298,prova
par4-2319,0.018857239,prova
par4-2320,0.008957236,prova
par4-2321,0.9799967,prova
par4-2322,0.004770511,prova
par4-2323,0.97074944,prova
par4-2324,0.0055007217,prova
par4-2325,0.0033166,prova
par4-2326,0.0036992182,prova
par4-2327,0.98318774,prova
par4-2328,0.012264798,prova
par4-2329,0.0039720833,prova
par4-2330,0.0050693955,prova
par4-2331,0.0037330734,prova
par4-2332,0.0038983447,prova
par4-2333,0.0056161555,prova
par4-2334,0.0034101736,prova
par4-2335,0.0033787056,prova
par4-2336,0.0038229143,prova
par4-2337,0.0034504428,prova
par4-2338,0.0032431753,prova
par4-2339,0.9746987,prova
par4-2340,0.07450389,prova
par4-2341,0.0035124195,prova
par4-2342,0.005214018,prova
par4-2343,0.0037087114,prova
par4-2344,0.0034955647,prova
par4-2345,0.45022845,prova
par4-2346,0.06226675,prova
par4-2347,0.08924069,prova
par4-2348,0.9889703,prova
par4-2349,0.9949529,prova
par4-2350,0.003447329,prova
par4-2351,0.003350936,prova
par4-2352,0.004288776,prova
par4-2353,0.0043817377,prova
par4-2354,0.0032213037,prova
par4-2355,0.0034227266,prova
par4-2356,0.0032103825,prova
par4-2357,0.0035401813,prova
par4-2358,0.004817167,prova
par4-2359,0.0037694154,prova
par4-2360,0.45805636,prova
par4-2361,0.9647961,prova
par4-2362,0.00387826,prova
par4-2363,0.0034862375,prova
par4-2364,0.003938981,prova
par4-2365,0.28487945,prova
par4-2366,0.0036584383,prova
par4-2367,0.0055624107,prova
par4-2368,0.0035382812,prova
par4-2369,0.003669661,prova
par4-2370,0.0031157297,prova
par4-2371,0.9048551,prova
par4-2372,0.0033401977,prova
par4-2373,0.0036842402,prova
par4-2374,0.003259866,prova
par4-2375,0.0030992078,prova
par4-2376,0.0031795881,prova
par4-2377,0.6698346,prova
par4-2378,0.8332564,prova
par4-2379,0.0427849,prova
par4-2380,0.0037663945,prova
par4-2381,0.49182156,prova
par4-2382,0.0039031513,prova
par4-2383,0.05831738,prova
par4-2384,0.0037696948,prova
par4-2385,0.0038616494,prova
par4-2386,0.163374,prova
par4-2387,0.97388023,prova
par4-2388,0.0058509144,prova
par4-2389,0.036178824,prova
par4-2390,0.022338703,prova
par4-2391,0.003976092,prova
par4-2392,0.005327809,prova
par4-2393,0.99268746,prova
par4-2394,0.005534414,prova
par4-2395,0.0033871697,prova
par4-2396,0.0060437224,prova
par4-2397,0.0042373096,prova
par4-2398,0.0035501807,prova
par4-2399,0.0050349142,prova
par4-2400,0.003708606,prova
par4-2401,0.99635303,prova
par4-2402,0.010951309,prova
par4-2403,0.9601126,prova
par4-2404,0.10963922,prova
par4-2405,0.9533131,prova
par4-2406,0.0033237196,prova
par4-2407,0.0032739174,prova
par4-2408,0.0034011947,prova
par4-2409,0.0051958556,prova
par4-2410,0.89512295,prova
par4-2411,0.0033644307,prova
par4-2412,0.0049447496,prova
par4-2413,0.003744337,prova
par4-2414,0.10774952,prova
par4-2415,0.0031086241,prova
par4-2416,0.0034745238,prova
par4-2417,0.005902202,prova
par4-2418,0.0036039657,prova
par4-2419,0.0036381243,prova
par4-2420,0.006100077,prova
par4-2421,0.0033160707,prova
par4-2422,0.005257512,prova
par4-2423,0.003315724,prova
par4-2424,0.01755445,prova
par4-2425,0.0034559597,prova
par4-2426,0.0038233974,prova
par4-2427,0.0030431454,prova
par4-2428,0.37252748,prova
par4-2429,0.0037117857,prova
par4-2430,0.008638557,prova
par4-2431,0.013316279,prova
par4-2432,0.0031081676,prova
par4-2433,0.0036940146,prova
par4-2434,0.0033154811,prova
par4-2435,0.0030200463,prova
par4-2436,0.003381298,prova
par4-2437,0.0037322787,prova
par4-2438,0.035434265,prova
par4-2439,0.0034959272,prova
par4-2440,0.0033445752,prova
par4-2441,0.0034936352,prova
par4-2442,0.0073102787,prova
par4-2443,0.0032343671,prova
par4-2444,0.006443406,prova
par4-2445,0.003465898,prova
par4-2446,0.0034152335,prova
par4-2447,0.0071839863,prova
par4-2448,0.01960331,prova
par4-2449,0.0038108933,prova
par4-2450,0.0036674526,prova
par4-2451,0.06307627,prova
par4-2452,0.0033259161,prova
par4-2453,0.0043984693,prova
par4-2454,0.007399315,prova
par4-2455,0.9891059,prova
par4-2456,0.07398573,prova
par4-2457,0.003452211,prova
par4-2458,0.0032908968,prova
par4-2459,0.0032752748,prova
par4-2460,0.01829024,prova
par4-2461,0.0038727487,prova
par4-2462,0.0033162616,prova
par4-2463,0.009351776,prova
par4-2464,0.0032984195,prova
par4-2465,0.45882714,prova
par4-2466,0.028916886,prova
par4-2467,0.97676975,prova
par4-2468,0.0034592769,prova
par4-2469,0.8861017,prova
par4-2470,0.0035143474,prova
par4-2471,0.060962304,prova
par4-2472,0.0062622684,prova
par4-2473,0.0031085636,prova
par4-2474,0.0051020156,prova
par4-2475,0.9956281,prova
par4-2476,0.00302755,prova
par4-2477,0.005123855,prova
par4-2478,0.99060214,prova
par4-2479,0.0035283035,prova
par4-2480,0.0034560056,prova
par4-2481,0.0031068646,prova
par4-2482,0.14684308,prova
par4-2483,0.99057186,prova
par4-2484,0.0034186204,prova
par4-2485,0.9821827,prova
par4-2486,0.0042372374,prova
par4-2487,0.0087077245,prova
par4-2488,0.0032825319,prova
par4-2489,0.004890369,prova
par4-2490,0.0039767832,prova
par4-2491,0.59584546,prova
par4-2492,0.0035500694,prova
par4-2493,0.0036093346,prova
par4-2494,0.401298,prova
par4-2495,0.00328193,prova
par4-2496,0.003494758,prova
par4-2497,0.010183962,prova
par4-2498,0.9960783,prova
par4-2499,0.0034676972,prova
par4-2500,0.27416196,prova
par4-2501,0.0043389485,prova
par4-2502,0.0032922893,prova
par4-2503,0.010121225,prova
par4-2504,0.0037183138,prova
par4-2505,0.0037371079,prova
par4-2506,0.007466214,prova
par4-2507,0.015851438,prova
par4-2508,0.0038560266,prova
par4-2509,0.0101282075,prova
par4-2510,0.0050276243,prova
par4-2511,0.01281059,prova
par4-2512,0.003594921,prova
par4-2513,0.9266475,prova
par4-2514,0.1600672,prova
par4-2515,0.99635184,prova
par4-2516,0.34285125,prova
par4-2517,0.0031878308,prova
par4-2518,0.003577004,prova
par4-2519,0.080467656,prova
par4-2520,0.29814076,prova
par4-2521,0.0036169223,prova
par4-2522,0.0030971402,prova
par4-2523,0.0037733677,prova
par4-2524,0.008066301,prova
par4-2525,0.022772761,prova
par4-2526,0.0036799929,prova
par4-2527,0.030280598,prova
par4-2528,0.62994903,prova
par4-2529,0.0036791207,prova
par4-2530,0.003777046,prova
par4-2531,0.0550877,prova
par4-2532,0.2387814,prova
par4-2533,0.00442443,prova
par4-2534,0.0053093485,prova
par4-2535,0.15482482,prova
par4-2536,0.0035616353,prova
par4-2537,0.0038204165,prova
par4-2538,0.0033685458,prova
par4-2539,0.0038736642,prova
par4-2540,0.0037278861,prova
par4-2541,0.17414983,prova
par4-2542,0.0033377558,prova
par4-2543,0.00587632,prova
par4-2544,0.0035721667,prova
par4-2545,0.11718272,prova
par4-2546,0.9948147,prova
par4-2547,0.0033247876,prova
par4-2548,0.003606085,prova
par4-2549,0.003519005,prova
par4-2550,0.0033166457,prova
par4-2551,0.003447483,prova
par4-2552,0.0049152053,prova
par4-2553,0.17321058,prova
par4-2554,0.0060595754,prova
par4-2555,0.0036331892,prova
par4-2556,0.0035636802,prova
par4-2557,0.061605357,prova
par4-2558,0.9957461,prova
par4-2559,0.0689836,prova
par4-2560,0.40568098,prova
par4-2561,0.0031257577,prova
par4-2562,0.003678502,prova
par4-2563,0.0041598235,prova
par4-2564,0.0034964818,prova
par4-2565,0.012788051,prova
par4-2566,0.004432818,prova
par4-2567,0.9966654,prova
par4-2568,0.037051976,prova
par4-2569,0.0032846092,prova
par4-2570,0.0035175201,prova
par4-2571,0.9641009,prova
par4-2572,0.003157932,prova
par4-2573,0.9552364,prova
par4-2574,0.9350364,prova
par4-2575,0.003653887,prova
par4-2576,0.0043720687,prova
par4-2577,0.0036143109,prova
par4-2578,0.10624667,prova
par4-2579,0.0040976577,prova
par4-2580,0.9952827,prova
par4-2581,0.29443067,prova
par4-2582,0.0032917822,prova
par4-2583,0.0042476617,prova
par4-2584,0.007442502,prova
par4-2585,0.0033578817,prova
par4-2586,0.0064734644,prova
par4-2587,0.14634603,prova
par4-2588,0.8324693,prova
par4-2589,0.9951875,prova
par4-2590,0.003782646,prova
par4-2591,0.95082426,prova
par4-2592,0.8350488,prova
par4-2593,0.0033922263,prova
par4-2594,0.02262205,prova
par4-2595,0.0037206658,prova
par4-2596,0.0037031835,prova
par4-2597,0.0032043303,prova
par4-2598,0.0056601875,prova
par4-2599,0.0032304034,prova
par4-2600,0.0035947468,prova
par4-2601,0.0034119114,prova
par4-2602,0.99416864,prova
par4-2603,0.066660486,prova
par4-2604,0.0033164804,prova
par4-2605,0.002927852,prova
par4-2606,0.02560082,prova
par4-2607,0.0039562657,prova
par4-2608,0.0032125714,prova
par4-2609,0.003583645,prova
par4-2610,0.0034333332,prova
par4-2611,0.0044678007,prova
par4-2612,0.98855734,prova
par4-2613,0.015756674,prova
par4-2614,0.004270527,prova
par4-2615,0.0030670685,prova
par4-2616,0.009147593,prova
par4-2617,0.09091734,prova
par4-2618,0.5930016,prova
par4-2619,0.0066903117,prova
par4-2620,0.056942824,prova
par4-2621,0.004677172,prova
par4-2622,0.0032696319,prova
par4-2623,0.0037523091,prova
par4-2624,0.0036249768,prova
par4-2625,0.011066136,prova
par4-2626,0.0031092404,prova
par4-2627,0.10687429,prova
par4-2628,0.0042434423,prova
par4-2629,0.5736337,prova
par4-2630,0.003169938,prova
par4-2631,0.0052939844,prova
par4-2632,0.027927816,prova
par4-2633,0.9057498,prova
par4-2634,0.0034491313,prova
par4-2635,0.0034669437,prova
par4-2636,0.9960068,prova
par4-2637,0.99522614,prova
par4-2638,0.0033954002,prova
par4-2639,0.0034605872,prova
par4-2640,0.0032804532,prova
par4-2641,0.14103645,prova
par4-2642,0.45681375,prova
par4-2643,0.004025836,prova
par4-2644,0.0033811482,prova
par4-2645,0.0048241327,prova
par4-2646,0.003414758,prova
par4-2647,0.99676645,prova
par4-2648,0.10042174,prova
par4-2649,0.029853608,prova
par4-2650,0.027173975,prova
par4-2651,0.0036589634,prova
par4-2652,0.052689273,prova
par4-2653,0.005825016,prova
par4-2654,0.0033488094,prova
par4-2655,0.9917578,prova
par4-2656,0.0032300565,prova
par4-2657,0.0036427286,prova
par4-2658,0.0032107364,prova
par4-2659,0.0037720627,prova
par4-2660,0.003397195,prova
par4-2661,0.0035822114,prova
par4-2662,0.99272376,prova
par4-2663,0.97914326,prova
par4-2664,0.0035311314,prova
par4-2665,0.0035575868,prova
par4-2666,0.06369962,prova
par4-2667,0.0034562324,prova
par4-2668,0.99460804,prova
par4-2669,0.0032518376,prova
par4-2670,0.0035472193,prova
par4-2671,0.020093083,prova
par4-2672,0.014315576,prova
par4-2673,0.002982904,prova
par4-2674,0.0032422708,prova
par4-2675,0.0036067101,prova
par4-2676,0.004182546,prova
par4-2677,0.0042197215,prova
par4-2678,0.8813562,prova
par4-2679,0.003790334,prova
par4-2680,0.004303767,prova
par4-2681,0.0035915745,prova
par4-2682,0.003422232,prova
par4-2683,0.0035381687,prova
par4-2684,0.0039021736,prova
par4-2685,0.003384304,prova
par4-2686,0.0036107686,prova
par4-2687,0.9091703,prova
par4-2688,0.0036726326,prova
par4-2689,0.0055250973,prova
par4-2690,0.004554847,prova
par4-2691,0.0032971122,prova
par4-2692,0.007008469,prova
par4-2693,0.0031775665,prova
par4-2694,0.003197484,prova
par4-2695,0.0053349906,prova
par4-2696,0.003574726,prova
par4-2697,0.014646166,prova
par4-2698,0.0032294393,prova
par4-2699,0.0034017232,prova
par4-2700,0.003389854,prova
par4-2701,0.0031115145,prova
par4-2702,0.013045754,prova
par4-2703,0.9955413,prova
par4-2704,0.16615443,prova
par4-2705,0.99616665,prova
par4-2706,0.008343196,prova
par4-2707,0.19727705,prova
par4-2708,0.02238199,prova
par4-2709,0.0037338077,prova
par4-2710,0.008424768,prova
par4-2711,0.0042318366,prova
par4-2712,0.004476023,prova
par4-2713,0.0032271931,prova
par4-2714,0.0036024167,prova
par4-2715,0.0049422397,prova
par4-2716,0.9755922,prova
par4-2717,0.2523881,prova
par4-2718,0.022002812,prova
par4-2719,0.003237917,prova
par4-2720,0.8907279,prova
par4-2721,0.041175906,prova
par4-2722,0.0036811174,prova
par4-2723,0.9956874,prova
par4-2724,0.40733555,prova
par4-2725,0.99652916,prova
par4-2726,0.0034981803,prova
par4-2727,0.0045504705,prova
par4-2728,0.0033262386,prova
par4-2729,0.0054416433,prova
par4-2730,0.12294984,prova
par4-2731,0.003562419,prova
par4-2732,0.0040088724,prova
par4-2733,0.95147675,prova
par4-2734,0.1203385,prova
par4-2735,0.0076940563,prova
par4-2736,0.9894219,prova
par4-2737,0.003287442,prova
par4-2738,0.99586016,prova
par4-2739,0.042697962,prova
par4-2740,0.003489269,prova
par4-2741,0.00669157,prova
par4-2742,0.049069606,prova
par4-2743,0.44309574,prova
par4-2744,0.0033723065,prova
par4-2745,0.77989256,prova
par4-2746,0.003459428,prova
par4-2747,0.9965565,prova
par4-2748,0.0766231,prova
par4-2749,0.0034447648,prova
par4-2750,0.020830184,prova
par4-2751,0.0030109016,prova
par4-2752,0.0051699155,prova
par4-2753,0.003810747,prova
par4-2754,0.0039568013,prova
par4-2755,0.2712161,prova
par4-2756,0.0049814875,prova
par4-2757,0.32332584,prova
par4-2758,0.0034124546,prova
par4-2759,0.008724452,prova
par4-2760,0.9618396,prova
par4-2761,0.011719473,prova
par4-2762,0.012850602,prova
par4-2763,0.024451243,prova
par4-2764,0.6898289,prova
par4-2765,0.0031328697,prova
par4-2766,0.0034767038,prova
par4-2767,0.0041024983,prova
par4-2768,0.0079649035,prova
par4-2769,0.9913311,prova
par4-2770,0.98615867,prova
par4-2771,0.6945325,prova
par4-2772,0.9963642,prova
par4-2773,0.021458652,prova
par4-2774,0.64868313,prova
par4-2775,0.016798638,prova
par4-2776,0.0035280893,prova
par4-2777,0.014255978,prova
par4-2778,0.031746287,prova
par4-2779,0.003129192,prova
par4-2780,0.003702455,prova
par4-2781,0.0034350029,prova
par4-2782,0.0034012448,prova
par4-2783,0.005902484,prova
par4-2784,0.0032697967,prova
par4-2785,0.41621897,prova
par4-2786,0.99361897,prova
par4-2787,0.13333176,prova
par4-2788,0.0035104002,prova
par4-2789,0.0034845995,prova
par4-2790,0.003557952,prova
par4-2791,0.99603003,prova
par4-2792,0.0036374899,prova
par4-2793,0.99520195,prova
par4-2794,0.026943808,prova
par4-2795,0.0077966205,prova
par4-2796,0.0039342204,prova
par4-2797,0.003999934,prova
par4-2798,0.0033896335,prova
par4-2799,0.28786895,prova
par4-2800,0.07564815,prova
par4-2801,0.0038813704,prova
par4-2802,0.27435333,prova
par4-2803,0.006951221,prova
par4-2804,0.71552354,prova
par4-2805,0.003672879,prova
par4-2806,0.006493282,prova
par4-2807,0.004427178,prova
par4-2808,0.9876488,prova
par4-2809,0.005198696,prova
par4-2810,0.0032279952,prova
par4-2811,0.0032932672,prova
par4-2812,0.0034554244,prova
par4-2813,0.5473287,prova
par4-2814,0.0037259897,prova
par4-2815,0.9853499,prova
par4-2816,0.42814067,prova
par4-2817,0.010467367,prova
par4-2818,0.0032394133,prova
par4-2819,0.01662769,prova
par4-2820,0.0032737309,prova
par4-2821,0.06474282,prova
par4-2822,0.9961694,prova
par4-2823,0.9961665,prova
par4-2824,0.99048233,prova
par4-2825,0.0035928343,prova
par4-2826,0.0032504376,prova
par4-2827,0.029785266,prova
par4-2828,0.0033691477,prova
par4-2829,0.3343838,prova
par4-2830,0.995118,prova
par4-2831,0.0031501122,prova
par4-2832,0.003108342,prova
par4-2833,0.0033467761,prova
par4-2834,0.0055603725,prova
par4-2835,0.0035874352,prova
par4-2836,0.014773825,prova
par4-2837,0.47934783,prova
par4-2838,0.0031780014,prova
par4-2839,0.003669216,prova
par4-2840,0.0037959232,prova
par4-2841,0.0033348654,prova
par4-2842,0.0105118165,prova
par4-2843,0.12336815,prova
par4-2844,0.0032672212,prova
par4-2845,0.0036292628,prova
par4-2846,0.99326515,prova
par4-2847,0.003315062,prova
par4-2848,0.06863858,prova
par4-2849,0.010240817,prova
par4-2850,0.026298985,prova
par4-2851,0.992304,prova
par4-2852,0.0029830954,prova
par4-2853,0.0032555102,prova
par4-2854,0.005651595,prova
par4-2855,0.003465336,prova
par4-2856,0.07749261,prova
par4-2857,0.086228915,prova
par4-2858,0.16375604,prova
par4-2859,0.591758,prova
par4-2860,0.004517454,prova
par4-2861,0.005480306,prova
par4-2862,0.0039870143,prova
par4-2863,0.34503424,prova
par4-2864,0.0035879982,prova
par4-2865,0.003293654,prova
par4-2866,0.97989345,prova
par4-2867,0.0035692486,prova
par4-2868,0.0039849794,prova
par4-2869,0.055513125,prova
par4-2870,0.0034106858,prova
par4-2871,0.9784168,prova
par4-2872,0.0030694925,prova
par4-2873,0.003167442,prova
par4-2874,0.0038881644,prova
par4-2875,0.0035974374,prova
par4-2876,0.008294241,prova
par4-2877,0.0032713728,prova
par4-2878,0.004120177,prova
par4-2879,0.004453138,prova
par4-2880,0.7216295,prova
par4-2881,0.0043516275,prova
par4-2882,0.0037004626,prova
par4-2883,0.0030756125,prova
par4-2884,0.8605358,prova
par4-2885,0.0037921597,prova
par4-2886,0.003364631,prova
par4-2887,0.0036822106,prova
par4-2888,0.96445656,prova
par4-2889,0.41716024,prova
par4-2890,0.012428115,prova
par4-2891,0.004072707,prova
par4-2892,0.0034827422,prova
par4-2893,0.056260537,prova
par4-2894,0.70516264,prova
par4-2895,0.4654809,prova
par4-2896,0.0035747988,prova
par4-2897,0.937238,prova
par4-2898,0.7525232,prova
par4-2899,0.99131364,prova
par4-2900,0.003933667,prova
par4-2901,0.24310702,prova
par4-2902,0.0033079295,prova
par4-2903,0.0043228446,prova
par4-2904,0.005130201,prova
par4-2905,0.003248371,prova
par4-2906,0.082159236,prova
par4-2907,0.9282106,prova
par4-2908,0.0051327767,prova
par4-2909,0.0111337295,prova
par4-2910,0.0040287813,prova
par4-2911,0.0037487152,prova
par4-2912,0.0033566917,prova
par4-2913,0.4847242,prova
par4-2914,0.010238053,prova
par4-2915,0.0039543686,prova
par4-2916,0.89761865,prova
par4-2917,0.9956116,prova
par4-2918,0.0035429564,prova
par4-2919,0.00430465,prova
par4-2920,0.0037145517,prova
par4-2921,0.007809638,prova
par4-2922,0.007152129,prova
par4-2923,0.4385414,prova
par4-2924,0.77764565,prova
par4-2925,0.0042149452,prova
par4-2926,0.0072244145,prova
par4-2927,0.90865237,prova
par4-2928,0.42871547,prova
par4-2929,0.0038708067,prova
par4-2930,0.0030316487,prova
par4-2931,0.8290279,prova
par4-2932,0.03280203,prova
par4-2933,0.003411451,prova
par4-2934,0.0034275935,prova
par4-2935,0.003267137,prova
par4-2936,0.06295805,prova
par4-2937,0.0031935864,prova
par4-2938,0.0037646627,prova
par4-2939,0.003897356,prova
par4-2940,0.003458302,prova
par4-2941,0.0033436185,prova
par4-2942,0.0058126417,prova
par4-2943,0.00437819,prova
par4-2944,0.003411331,prova
par4-2945,0.0040673786,prova
par4-2946,0.003950526,prova
par4-2947,0.059569072,prova
par4-2948,0.85237706,prova
par4-2949,0.0033617283,prova
par4-2950,0.0034436877,prova
par4-2951,0.0038828384,prova
par4-2952,0.0037405752,prova
par4-2953,0.0043941406,prova
par4-2954,0.0030822398,prova
par4-2955,0.0033226253,prova
par4-2956,0.0035784473,prova
par4-2957,0.0034041374,prova
par4-2958,0.004671557,prova
par4-2959,0.026096363,prova
par4-2960,0.0034276552,prova
par4-2961,0.004241561,prova
par4-2962,0.0037448064,prova
par4-2963,0.003552646,prova
par4-2964,0.00329584,prova
par4-2965,0.95360863,prova
par4-2966,0.44667178,prova
par4-2967,0.004169648,prova
par4-2968,0.015140951,prova
par4-2969,0.003237663,prova
par4-2970,0.0034660758,prova
par4-2971,0.0039866394,prova
par4-2972,0.026468446,prova
par4-2973,0.9933696,prova
par4-2974,0.00893206,prova
par4-2975,0.24644393,prova
par4-2976,0.0061449464,prova
par4-2977,0.004152758,prova
par4-2978,0.0036783675,prova
par4-2979,0.0033386233,prova
par4-2980,0.003295364,prova
par4-2981,0.0035588343,prova
par4-2982,0.0044652205,prova
par4-2983,0.7210232,prova
par4-2984,0.94188493,prova
par4-2985,0.0067157527,prova
par4-2986,0.0053739366,prova
par4-2987,0.005125338,prova
par4-2988,0.56672496,prova
par4-2989,0.026911475,prova
par4-2990,0.015687495,prova
par4-2991,0.0032056528,prova
par4-2992,0.14345907,prova
par4-2993,0.0037641225,prova
par4-2994,0.7255266,prova
par4-2995,0.99318767,prova
par4-2996,0.003136596,prova
par4-2997,0.0035983436,prova
par4-2998,0.9612536,prova
par4-2999,0.0034544524,prova
par4-3000,0.9962165,prova
par4-3001,0.0040754876,prova
par4-3002,0.99650156,prova
par4-3003,0.0055291546,prova
par4-3004,0.003293062,prova
par4-3005,0.031452462,prova
par4-3006,0.0033859047,prova
par4-3007,0.0033205685,prova
par4-3008,0.0041664382,prova
par4-3009,0.0040101083,prova
par4-3010,0.0037438674,prova
par4-3011,0.93861187,prova
par4-3012,0.48082194,prova
par4-3013,0.0037140464,prova
par4-3014,0.0034189261,prova
par4-3015,0.0058018994,prova
par4-3016,0.0036768331,prova
par4-3017,0.0036494252,prova
par4-3018,0.0031648898,prova
par4-3019,0.003486259,prova
par4-3020,0.26996362,prova
par4-3021,0.0077634333,prova
par4-3022,0.0038383778,prova
par4-3023,0.0038398,prova
par4-3024,0.3152822,prova
par4-3025,0.034061365,prova
par4-3026,0.0036515063,prova
par4-3027,0.0034093636,prova
par4-3028,0.56939936,prova
par4-3029,0.0040329834,prova
par4-3030,0.9947842,prova
par4-3031,0.0036902577,prova
par4-3032,0.20549704,prova
par4-3033,0.0039608194,prova
par4-3034,0.003920123,prova
par4-3035,0.003364138,prova
par4-3036,0.0037182416,prova
par4-3037,0.17564881,prova
par4-3038,0.003092162,prova
par4-3039,0.0030882119,prova
par4-3040,0.0040153093,prova
par4-3041,0.7889434,prova
par4-3042,0.004048904,prova
par4-3043,0.0042711943,prova
par4-3044,0.0042681433,prova
par4-3045,0.061959613,prova
par4-3046,0.9012841,prova
par4-3047,0.013239225,prova
par4-3048,0.011376179,prova
par4-3049,0.0057217064,prova
par4-3050,0.00400984,prova
par4-3051,0.0031800657,prova
par4-3052,0.9951473,prova
par4-3053,0.0070972345,prova
par4-3054,0.003221492,prova
par4-3055,0.9661983,prova
par4-3056,0.0032196029,prova
par4-3057,0.40658966,prova
par4-3058,0.17319843,prova
par4-3059,0.0031543467,prova
par4-3060,0.034985967,prova
par4-3061,0.0032375986,prova
par4-3062,0.0030777217,prova
par4-3063,0.9663448,prova
par4-3064,0.0042690453,prova
par4-3065,0.003707061,prova
par4-3066,0.2704561,prova
par4-3067,0.0035052486,prova
par4-3068,0.0032982405,prova
par4-3069,0.66411763,prova
par4-3070,0.0035166228,prova
par4-3071,0.0041384012,prova
par4-3072,0.0034045095,prova
par4-3073,0.0036122545,prova
par4-3074,0.022028238,prova
par4-3075,0.1008861,prova
par4-3076,0.003802261,prova
par4-3077,0.0036880912,prova
par4-3078,0.54891866,prova
par4-3079,0.22778341,prova
par4-3080,0.0038326858,prova
par4-3081,0.0034328585,prova
par4-3082,0.0040309,prova
par4-3083,0.9726283,prova
par4-3084,0.0031896026,prova
par4-3085,0.0033807133,prova
par4-3086,0.0032373325,prova
par4-3087,0.9966433,prova
par4-3088,0.21542479,prova
par4-3089,0.0037400634,prova
par4-3090,0.6381793,prova
par4-3091,0.0040774546,prova
par4-3092,0.004138829,prova
par4-3093,0.89249235,prova
par4-3094,0.0033869043,prova
par4-3095,0.0035314166,prova
par4-3096,0.0036903503,prova
par4-3097,0.011005357,prova
par4-3098,0.0034091787,prova
par4-3099,0.003432309,prova
par4-3100,0.004038956,prova
par4-3101,0.0034170875,prova
par4-3102,0.25424927,prova
par4-3103,0.99613,prova
par4-3104,0.0030905674,prova
par4-3105,0.3138958,prova
par4-3106,0.004155358,prova
par4-3107,0.004019125,prova
par4-3108,0.95847636,prova
par4-3109,0.26778895,prova
par4-3110,0.004300362,prova
par4-3111,0.003542002,prova
par4-3112,0.0037333572,prova
par4-3113,0.0046445965,prova
par4-3114,0.9947114,prova
par4-3115,0.0044506397,prova
par4-3116,0.0036418284,prova
par4-3117,0.008111129,prova
par4-3118,0.11986515,prova
par4-3119,0.0035278092,prova
par4-3120,0.0038392453,prova
par4-3121,0.0033382566,prova
par4-3122,0.005298692,prova
par4-3123,0.005019206,prova
par4-3124,0.0033448644,prova
par4-3125,0.0036623753,prova
par4-3126,0.00434412,prova
par4-3127,0.0042018867,prova
par4-3128,0.00346015,prova
par4-3129,0.0046640267,prova
par4-3130,0.34770533,prova
par4-3131,0.0036504571,prova
par4-3132,0.0037991703,prova
par4-3133,0.0036074317,prova
par4-3134,0.0034608752,prova
par4-3135,0.0032752093,prova
par4-3136,0.0034517546,prova
par4-3137,0.27593395,prova
par4-3138,0.0037479925,prova
par4-3139,0.0032839847,prova
par4-3140,0.652458,prova
par4-3141,0.0031719003,prova
par4-3142,0.0034622094,prova
par4-3143,0.7530804,prova
par4-3144,0.6473806,prova
par4-3145,0.99091923,prova
par4-3146,0.90107197,prova
par4-3147,0.05955632,prova
par4-3148,0.0036905764,prova
par4-3149,0.0031944788,prova
par4-3150,0.2348355,prova
par4-3151,0.0034523387,prova
par4-3152,0.96348035,prova
par4-3153,0.0032197775,prova
par4-3154,0.9577394,prova
par4-3155,0.0036994587,prova
par4-3156,0.0033702704,prova
par4-3157,0.7175555,prova
par4-3158,0.73728526,prova
par4-3159,0.0032480222,prova
par4-3160,0.007988493,prova
par4-3161,0.08803355,prova
par4-3162,0.0038851188,prova
par4-3163,0.0032062954,prova
par4-3164,0.0033542549,prova
par4-3165,0.0035353603,prova
par4-3166,0.0047487007,prova
par4-3167,0.99486864,prova
par4-3168,0.0040765908,prova
par4-3169,0.009254782,prova
par4-3170,0.0037550675,prova
par4-3171,0.006900024,prova
par4-3172,0.0073566274,prova
par4-3173,0.996646,prova
par4-3174,0.99645823,prova
par4-3175,0.9956185,prova
par4-3176,0.0036153432,prova
par4-3177,0.0034255106,prova
par4-3178,0.0056592403,prova
par4-3179,0.11455598,prova
par4-3180,0.003696328,prova
par4-3181,0.01901507,prova
par4-3182,0.8971553,prova
par4-3183,0.0034582021,prova
par4-3184,0.9892975,prova
par4-3185,0.9957355,prova
par4-3186,0.003415545,prova
par4-3187,0.0034900215,prova
par4-3188,0.025328226,prova
par4-3189,0.4755436,prova
par4-3190,0.0059463433,prova
par4-3191,0.19409087,prova
par4-3192,0.0036931194,prova
par4-3193,0.9954986,prova
par4-3194,0.10977433,prova
par4-3195,0.0036104461,prova
par4-3196,0.0045789992,prova
par4-3197,0.0033826802,prova
par4-3198,0.0033580493,prova
par4-3199,0.0036573256,prova
par4-3200,0.9968167,prova
par4-3201,0.0048912996,prova
par4-3202,0.0052059093,prova
par4-3203,0.99431276,prova
par4-3204,0.0038780828,prova
par4-3205,0.021634532,prova
par4-3206,0.009027315,prova
par4-3207,0.0060536903,prova
par4-3208,0.0037794632,prova
par4-3209,0.0039995047,prova
par4-3210,0.10462598,prova
par4-3211,0.017581709,prova
par4-3212,0.0034715284,prova
par4-3213,0.8625732,prova
par4-3214,0.004116377,prova
par4-3215,0.0032287885,prova
par4-3216,0.9437576,prova
par4-3217,0.004029989,prova
par4-3218,0.634137,prova
par4-3219,0.0036697043,prova
par4-3220,0.1265875,prova
par4-3221,0.0047885743,prova
par4-3222,0.0035722533,prova
par4-3223,0.045218483,prova
par4-3224,0.025523303,prova
par4-3225,0.010517666,prova
par4-3226,0.0032745153,prova
par4-3227,0.31761765,prova
par4-3228,0.0032867766,prova
par4-3229,0.009647843,prova
par4-3230,0.4618461,prova
par4-3231,0.0071367184,prova
par4-3232,0.0033968156,prova
par4-3233,0.996779,prova
par4-3234,0.9742119,prova
par4-3235,0.99528706,prova
par4-3236,0.003383243,prova
par4-3237,0.11809533,prova
par4-3238,0.0036438047,prova
par4-3239,0.9964837,prova
par4-3240,0.5883516,prova
par4-3241,0.0031844596,prova
par4-3242,0.0042552436,prova
par4-3243,0.0062468224,prova
par4-3244,0.0036251524,prova
par4-3245,0.0039013638,prova
par4-3246,0.6350179,prova
par4-3247,0.0040939194,prova
par4-3248,0.0041455645,prova
par4-3249,0.26678127,prova
par4-3250,0.9956643,prova
par4-3251,0.0034780009,prova
par4-3252,0.0036542483,prova
par4-3253,0.011029038,prova
par4-3254,0.117003396,prova
par4-3255,0.0034116001,prova
par4-3256,0.029239915,prova
par4-3257,0.0033248323,prova
par4-3258,0.0807895,prova
par4-3259,0.0049916273,prova
par4-3260,0.06441423,prova
par4-3261,0.052481603,prova
par4-3262,0.004652654,prova
par4-3263,0.9966834,prova
par4-3264,0.99424475,prova
par4-3265,0.0033036843,prova
par4-3266,0.9598904,prova
par4-3267,0.0035932304,prova
par4-3268,0.006076266,prova
par4-3269,0.003315177,prova
par4-3270,0.003327037,prova
par4-3271,0.0045591686,prova
par4-3272,0.9960716,prova
par4-3273,0.0032399984,prova
par4-3274,0.99285924,prova
par4-3275,0.0061480985,prova
par4-3276,0.75820297,prova
par4-3277,0.0057151667,prova
par4-3278,0.9525781,prova
par4-3279,0.0030907514,prova
par4-3280,0.0033964333,prova
par4-3281,0.97065294,prova
par4-3282,0.009279263,prova
par4-3283,0.0055756564,prova
par4-3284,0.0046982453,prova
par4-3285,0.0041540517,prova
par4-3286,0.99596846,prova
par4-3287,0.028450564,prova
par4-3288,0.16237335,prova
par4-3289,0.09891123,prova
par4-3290,0.9810539,prova
par4-3291,0.9954667,prova
par4-3292,0.004102182,prova
par4-3293,0.0032681078,prova
par4-3294,0.99674004,prova
par4-3295,0.003781924,prova
par4-3296,0.0038046641,prova
par4-3297,0.0066549936,prova
par4-3298,0.99662304,prova
par4-3299,0.0037570696,prova
par4-3300,0.0032894723,prova
par4-3301,0.99638945,prova
par4-3302,0.0033041146,prova
par4-3303,0.0033100622,prova
par4-3304,0.0039153593,prova
par4-3305,0.00376745,prova
par4-3306,0.0040056333,prova
par4-3307,0.6884355,prova
par4-3308,0.32701376,prova
par4-3309,0.0032373029,prova
par4-3310,0.006008959,prova
par4-3311,0.5617208,prova
par4-3312,0.19039938,prova
par4-3313,0.0032934083,prova
par4-3314,0.0038053184,prova
par4-3315,0.0033757107,prova
par4-3316,0.003188672,prova
par4-3317,0.075649135,prova
par4-3318,0.9965593,prova
par4-3319,0.014928688,prova
par4-3320,0.0035914143,prova
par4-3321,0.81632173,prova
par4-3322,0.005720111,prova
par4-3323,0.0034309505,prova
par4-3324,0.0040358766,prova
par4-3325,0.21743362,prova
par4-3326,0.0035417767,prova
par4-3327,0.043276206,prova
par4-3328,0.0042714598,prova
par4-3329,0.0037753454,prova
par4-3330,0.034544,prova
par4-3331,0.0096385125,prova
par4-3332,0.008268231,prova
par4-3333,0.0036445565,prova
par4-3334,0.1039461,prova
par4-3335,0.04052659,prova
par4-3336,0.006264536,prova
par4-3337,0.99579996,prova
par4-3338,0.004682258,prova
par4-3339,0.99366885,prova
par4-3340,0.0039261547,prova
par4-3341,0.17808248,prova
par4-3342,0.9743775,prova
par4-3343,0.009191896,prova
par4-3344,0.1506814,prova
par4-3345,0.0033565464,prova
par4-3346,0.003364466,prova
par4-3347,0.0034357815,prova
par4-3348,0.0031011426,prova
par4-3349,0.004819625,prova
par4-3350,0.003490894,prova
par4-3351,0.0037483023,prova
par4-3352,0.0034822808,prova
par4-3353,0.0052447543,prova
par4-3354,0.36428675,prova
par4-3355,0.0036657702,prova
par4-3356,0.0040475354,prova
par4-3357,0.013471964,prova
par4-3358,0.04333101,prova
par4-3359,0.22107118,prova
par4-3360,0.986329,prova
par4-3361,0.0033642359,prova
par4-3362,0.84827435,prova
par4-3363,0.006419852,prova
par4-3364,0.0034828566,prova
par4-3365,0.0033073684,prova
par4-3366,0.0386372,prova
par4-3367,0.0039052817,prova
par4-3368,0.0034650778,prova
par4-3369,0.947298,prova
par4-3370,0.0038053745,prova
par4-3371,0.18562877,prova
par4-3372,0.12080241,prova
par4-3373,0.9883731,prova
par4-3374,0.0036589596,prova
par4-3375,0.021352874,prova
par4-3376,0.0033208793,prova
par4-3377,0.027462551,prova
par4-3378,0.0033218914,prova
par4-3379,0.0033597236,prova
par4-3380,0.0031072192,prova
par4-3381,0.0034145778,prova
par4-3382,0.3566116,prova
par4-3383,0.0032469726,prova
par4-3384,0.023959415,prova
par4-3385,0.006463239,prova
par4-3386,0.007867114,prova
par4-3387,0.0035792072,prova
par4-3388,0.45838863,prova
par4-3389,0.003130412,prova
par4-3390,0.9514435,prova
par4-3391,0.94976497,prova
par4-3392,0.0035549237,prova
par4-3393,0.97010493,prova
par4-3394,0.9659544,prova
par4-3395,0.9957194,prova
par4-3396,0.9938029,prova
par4-3397,0.0042411336,prova
par4-3398,0.003259483,prova
par4-3399,0.0031146873,prova
par4-3400,0.032259006,prova
par4-3401,0.003858511,prova
par4-3402,0.00358497,prova
par4-3403,0.037930124,prova
par4-3404,0.0031857088,prova
par4-3405,0.98007286,prova
par4-3406,0.0038756302,prova
par4-3407,0.003503134,prova
par4-3408,0.0049560755,prova
par4-3409,0.02203414,prova
par4-3410,0.0034832587,prova
par4-3411,0.0034979077,prova
par4-3412,0.003248626,prova
par4-3413,0.009856458,prova
par4-3414,0.0032365583,prova
par4-3415,0.10161149,prova
par4-3416,0.0055838325,prova
par4-3417,0.004041859,prova
par4-3418,0.61987966,prova
par4-3419,0.003408304,prova
par4-3420,0.0038354597,prova
par4-3421,0.0047789174,prova
par4-3422,0.0033640442,prova
par4-3423,0.9874457,prova
par4-3424,0.009580053,prova
par4-3425,0.003923252,prova
par4-3426,0.005193522,prova
par4-3427,0.081855334,prova
par4-3428,0.0033513042,prova
par4-3429,0.0032976354,prova
par4-3430,0.0056525148,prova
par4-3431,0.48468882,prova
par4-3432,0.01592617,prova
par4-3433,0.08104558,prova
par4-3434,0.0034075284,prova
par4-3435,0.00392578,prova
par4-3436,0.9902451,prova
par4-3437,0.004384012,prova
par4-3438,0.003452729,prova
par4-3439,0.0037123146,prova
par4-3440,0.009282574,prova
par4-3441,0.16129936,prova
par4-3442,0.004417078,prova
par4-3443,0.03249402,prova
par4-3444,0.0032422412,prova
par4-3445,0.9951852,prova
par4-3446,0.023117207,prova
par4-3447,0.0042897025,prova
par4-3448,0.5140054,prova
par4-3449,0.0035961594,prova
par4-3450,0.9939073,prova
par4-3451,0.00457881,prova
par4-3452,0.972033,prova
par4-3453,0.79998636,prova
par4-3454,0.003722186,prova
par4-3455,0.0035472263,prova
par4-3456,0.9065779,prova
par4-3457,0.0038992334,prova
par4-3458,0.003280793,prova
par4-3459,0.0033189117,prova
par4-3460,0.0073421136,prova
par4-3461,0.007976558,prova
par4-3462,0.0034211786,prova
par4-3463,0.003568618,prova
par4-3464,0.0036483263,prova
par4-3465,0.0035284425,prova
par4-3466,0.0039530974,prova
par4-3467,0.0039919955,prova
par4-3468,0.0039428254,prova
par4-3469,0.42097104,prova
par4-3470,0.0034984995,prova
par4-3471,0.50773925,prova
par4-3472,0.0036531999,prova
par4-3473,0.0033716562,prova
par4-3474,0.08614187,prova
par4-3475,0.0033525384,prova
par4-3476,0.011337055,prova
par4-3477,0.00581265,prova
par4-3478,0.003892851,prova
par4-3479,0.0034621053,prova
par4-3480,0.0036193442,prova
par4-3481,0.99603516,prova
par4-3482,0.0033082252,prova
par4-3483,0.003224372,prova
par4-3484,0.003319748,prova
par4-3485,0.5323426,prova
par4-3486,0.0030599514,prova
par4-3487,0.17903487,prova
par4-3488,0.003415662,prova
par4-3489,0.0036840984,prova
par4-3490,0.0032807244,prova
par4-3491,0.0033852565,prova
par4-3492,0.020033667,prova
par4-3493,0.023973286,prova
par4-3494,0.0036166436,prova
par4-3495,0.0034157273,prova
par4-3496,0.10895097,prova
par4-3497,0.016922401,prova
par4-3498,0.0040346384,prova
par4-3499,0.21271081,prova
par4-3500,0.0047712447,prova
par4-3501,0.003585907,prova
par4-3502,0.003578952,prova
par4-3503,0.0065375054,prova
par4-3504,0.98653585,prova
par4-3505,0.008715931,prova
par4-3506,0.0034752171,prova
par4-3507,0.99581367,prova
par4-3508,0.003506831,prova
par4-3509,0.83578485,prova
par4-3510,0.012410776,prova
par4-3511,0.02918593,prova
par4-3512,0.0030660685,prova
par4-3513,0.0034259162,prova
par4-3514,0.003862824,prova
par4-3515,0.0034138735,prova
par4-3516,0.0038030178,prova
par4-3517,0.0033270132,prova
par4-3518,0.012724218,prova
par4-3519,0.006321256,prova
par4-3520,0.006626815,prova
par4-3521,0.009560601,prova
par4-3522,0.0033621995,prova
par4-3523,0.13309592,prova
par4-3524,0.0035309987,prova
par4-3525,0.98709327,prova
par4-3526,0.99640095,prova
par4-3527,0.0040389327,prova
par4-3528,0.15961665,prova
par4-3529,0.003601419,prova
par4-3530,0.9143089,prova
par4-3531,0.003335106,prova
par4-3532,0.5498869,prova
par4-3533,0.0037219953,prova
par4-3534,0.0035881188,prova
par4-3535,0.0034214682,prova
par4-3536,0.0039284914,prova
par4-3537,0.9746226,prova
par4-3538,0.003429337,prova
par4-3539,0.0034775133,prova
par4-3540,0.0033140855,prova
par4-3541,0.0035299219,prova
par4-3542,0.0040557496,prova
par4-3543,0.0033028147,prova
par4-3544,0.9681589,prova
par4-3545,0.0034511385,prova
par4-3546,0.0032149057,prova
par4-3547,0.0043425118,prova
par4-3548,0.003924693,prova
par4-3549,0.0033157836,prova
par4-3550,0.076226756,prova
par4-3551,0.0035619522,prova
par4-3552,0.0038872268,prova
par4-3553,0.0038997647,prova
par4-3554,0.0068319933,prova
par4-3555,0.0032647683,prova
par4-3556,0.2537707,prova
par4-3557,0.99592894,prova
par4-3558,0.006724479,prova
par4-3559,0.40390614,prova
par4-3560,0.0030918254,prova
par4-3561,0.0035390412,prova
par4-3562,0.003361166,prova
par4-3563,0.99093026,prova
par4-3564,0.094503164,prova
par4-3565,0.0057169334,prova
par4-3566,0.00302812,prova
par4-3567,0.00390999,prova
par4-3568,0.0035605796,prova
par4-3569,0.010830211,prova
par4-3570,0.0031930187,prova
par4-3571,0.005905227,prova
par4-3572,0.0054866225,prova
par4-3573,0.08908236,prova
par4-3574,0.0042611514,prova
par4-3575,0.0756206,prova
par4-3576,0.00336639,prova
par4-3577,0.010156323,prova
par4-3578,0.7800987,prova
par4-3579,0.0055859243,prova
par4-3580,0.003944575,prova
par4-3581,0.008078902,prova
par4-3582,0.05960966,prova
par4-3583,0.0034253774,prova
par4-3584,0.004129734,prova
par4-3585,0.004492652,prova
par4-3586,0.0035868476,prova
par4-3587,0.010391452,prova
par4-3588,0.005047909,prova
par4-3589,0.008735597,prova
par4-3590,0.9946049,prova
par4-3591,0.62465864,prova
par4-3592,0.09534313,prova
par4-3593,0.9432587,prova
par4-3594,0.983017,prova
par4-3595,0.84761566,prova
par4-3596,0.99430436,prova
par4-3597,0.99629384,prova
par4-3598,0.003490652,prova
par4-3599,0.010935698,prova
par4-3600,0.0038555064,prova
par4-3601,0.09145931,prova
par4-3602,0.28136685,prova
par4-3603,0.007691897,prova
par4-3604,0.009248104,prova
par4-3605,0.78522456,prova
par4-3606,0.0096362,prova
par4-3607,0.0032565226,prova
par4-3608,0.0041379943,prova
par4-3609,0.009332818,prova
par4-3610,0.12395815,prova
par4-3611,0.0690392,prova
par4-3612,0.0033618559,prova
par4-3613,0.008391873,prova
par4-3614,0.010122744,prova
par4-3615,0.938346,prova
par4-3616,0.003058112,prova
par4-3617,0.00367438,prova
par4-3618,0.99663603,prova
par4-3619,0.0046505188,prova
par4-3620,0.0031750544,prova
par4-3621,0.0040119197,prova
par4-3622,0.0041466136,prova
par4-3623,0.03685298,prova
par4-3624,0.0035886662,prova
par4-3625,0.004620277,prova
par4-3626,0.42459595,prova
par4-3627,0.0033631665,prova
par4-3628,0.008878392,prova
par4-3629,0.0030553944,prova
par4-3630,0.0033053367,prova
par4-3631,0.00341981,prova
par4-3632,0.009235591,prova
par4-3633,0.98986804,prova
par4-3634,0.0032710603,prova
par4-3635,0.0032865205,prova
par4-3636,0.12805584,prova
par4-3637,0.97866094,prova
par4-3638,0.8987888,prova
par4-3639,0.8539999,prova
par4-3640,0.0043247947,prova
par4-3641,0.0032628016,prova
par4-3642,0.1290792,prova
par4-3643,0.0033804402,prova
par4-3644,0.0030720297,prova
par4-3645,0.11439214,prova
par4-3646,0.004134252,prova
par4-3647,0.15553631,prova
par4-3648,0.005283684,prova
par4-3649,0.0043512164,prova
par4-3650,0.12272179,prova
par4-3651,0.0052026412,prova
par4-3652,0.0039705797,prova
par4-3653,0.0047532753,prova
par4-3654,0.0636611,prova
par4-3655,0.0033562148,prova
par4-3656,0.99579084,prova
par4-3657,0.059935015,prova
par4-3658,0.19038016,prova
par4-3659,0.0032398615,prova
par4-3660,0.011529068,prova
par4-3661,0.017609997,prova
par4-3662,0.0035008877,prova
par4-3663,0.9907017,prova
par4-3664,0.0049844477,prova
par4-3665,0.0037411992,prova
par4-3666,0.003425861,prova
par4-3667,0.0037386103,prova
par4-3668,0.0036564434,prova
par4-3669,0.0033623816,prova
par4-3670,0.7873438,prova
par4-3671,0.088794805,prova
par4-3672,0.30830684,prova
par4-3673,0.003972602,prova
par4-3674,0.44889688,prova
par4-3675,0.003751475,prova
par4-3676,0.995353,prova
par4-3677,0.99044156,prova
par4-3678,0.0032341322,prova
par4-3679,0.008680884,prova
par4-3680,0.9637026,prova
par4-3681,0.0124169765,prova
par4-3682,0.003938713,prova
par4-3683,0.0037168674,prova
par4-3684,0.00342731,prova
par4-3685,0.98926187,prova
par4-3686,0.0035163455,prova
par4-3687,0.28978992,prova
par4-3688,0.0037725323,prova
par4-3689,0.0043208892,prova
par4-3690,0.99628556,prova
par4-3691,0.0037507534,prova
par4-3692,0.0030699156,prova
par4-3693,0.0032238232,prova
par4-3694,0.0031619938,prova
par4-3695,0.0033206614,prova
par4-3696,0.0033920764,prova
par4-3697,0.99591607,prova
par4-3698,0.004136521,prova
par4-3699,0.9636126,prova
par4-3700,0.57172614,prova
par4-3701,0.8933413,prova
par4-3702,0.0036621124,prova
par4-3703,0.0033686208,prova
par4-3704,0.004642844,prova
par4-3705,0.0036295645,prova
par4-3706,0.0048541017,prova
par4-3707,0.042866163,prova
par4-3708,0.0031914497,prova
par4-3709,0.8633811,prova
par4-3710,0.0035940653,prova
par4-3711,0.15926349,prova
par4-3712,0.9927712,prova
par4-3713,0.031741943,prova
par4-3714,0.4075759,prova
par4-3715,0.95912564,prova
par4-3716,0.004321199,prova
par4-3717,0.0033042012,prova
par4-3718,0.0047387816,prova
par4-3719,0.0031743965,prova
par4-3720,0.028757479,prova
par4-3721,0.0055933325,prova
par4-3722,0.0032537775,prova
par4-3723,0.0035385638,prova
par4-3724,0.0032195006,prova
par4-3725,0.0031544548,prova
par4-3726,0.25712657,prova
par4-3727,0.003497457,prova
par4-3728,0.0035791271,prova
par4-3729,0.003511113,prova
par4-3730,0.0039482038,prova
par4-3731,0.0033145233,prova
par4-3732,0.080975436,prova
par4-3733,0.99655837,prova
par4-3734,0.006094708,prova
par4-3735,0.003532227,prova
par4-3736,0.9943979,prova
par4-3737,0.9964483,prova
par4-3738,0.003473282,prova
par4-3739,0.6961534,prova
par4-3740,0.004168607,prova
par4-3741,0.9886791,prova
par4-3742,0.0038266825,prova
par4-3743,0.010319018,prova
par4-3744,0.0036290505,prova
par4-3745,0.003190858,prova
par4-3746,0.2910985,prova
par4-3747,0.0034712167,prova
par4-3748,0.9927154,prova
par4-3749,0.025332218,prova
par4-3750,0.9822682,prova
par4-3751,0.99674475,prova
par4-3752,0.0042005638,prova
par4-3753,0.6471594,prova
par4-3754,0.1765357,prova
par4-3755,0.0033402722,prova
par4-3756,0.0037485552,prova
par4-3757,0.0034131876,prova
par4-3758,0.0034769152,prova
par4-3759,0.003855202,prova
par4-3760,0.032598156,prova
par4-3761,0.00837913,prova
par4-3762,0.08767753,prova
par4-3763,0.93076915,prova
par4-3764,0.12120812,prova
par4-3765,0.9962643,prova
par4-3766,0.9903652,prova
par4-3767,0.008425155,prova
par4-3768,0.97384894,prova
par4-3769,0.0029782732,prova
par4-3770,0.0060117254,prova
par4-3771,0.0031955421,prova
par4-3772,0.47422642,prova
par4-3773,0.0036390491,prova
par4-3774,0.99561936,prova
par4-3775,0.20189916,prova
par4-3776,0.99125963,prova
par4-3777,0.08169035,prova
par4-3778,0.0037048038,prova
par4-3779,0.0058016684,prova
par4-3780,0.12221362,prova
par4-3781,0.9949275,prova
par4-3782,0.13644303,prova
par4-3783,0.1512421,prova
par4-3784,0.0035818713,prova
par4-3785,0.3822055,prova
par4-3786,0.038154494,prova
par4-3787,0.22038552,prova
par4-3788,0.0042608986,prova
par4-3789,0.003683423,prova
par4-3790,0.0031141217,prova
par4-3791,0.0037600442,prova
par4-3792,0.003562037,prova
par4-3793,0.9880982,prova
par4-3794,0.0045233467,prova
par4-3795,0.0036721602,prova
par4-3796,0.007478546,prova
par4-3797,0.0041776667,prova
par4-3798,0.0033286233,prova
par4-3799,0.004616121,prova
par4-3800,0.0034441017,prova
par4-3801,0.0032164706,prova
par4-3802,0.010308004,prova
par4-3803,0.9799053,prova
par4-3804,0.9955878,prova
par4-3805,0.0032871673,prova
par4-3806,0.0067837574,prova
par4-3807,0.0032118661,prova
par4-3808,0.83601594,prova
par4-3809,0.0038508428,prova
par4-3810,0.011896151,prova
par4-3811,0.0034638627,prova
par4-3812,0.0032175102,prova
par4-3813,0.028693894,prova
par4-3814,0.99611145,prova
par4-3815,0.0040011313,prova
par4-3816,0.63828444,prova
par4-3817,0.7583517,prova
par4-3818,0.098731406,prova
par4-3819,0.010876324,prova
par4-3820,0.8265525,prova
par4-3821,0.99656665,prova
par4-3822,0.007768824,prova
par4-3823,0.0035630374,prova
par4-3824,0.0043516317,prova
par4-3825,0.0035415844,prova
par4-3826,0.98476845,prova
par4-3827,0.850842,prova
par4-3828,0.0035114498,prova
par4-3829,0.003830953,prova
par4-3830,0.0041696783,prova
par4-3831,0.11992325,prova
par4-3832,0.9438996,prova
par4-3833,0.996381,prova
par4-3834,0.0031818133,prova
par4-3835,0.9747525,prova
par4-3836,0.0430549,prova
par4-3837,0.0032955143,prova
par4-3838,0.004477933,prova
par4-3839,0.004206562,prova
par4-3840,0.0031666714,prova
par4-3841,0.0054866797,prova
par4-3842,0.0035728512,prova
par4-3843,0.9957182,prova
par4-3844,0.89756525,prova
par4-3845,0.46003032,prova
par4-3846,0.011881823,prova
par4-3847,0.003567667,prova
par4-3848,0.3768999,prova
par4-3849,0.81083554,prova
par4-3850,0.015627665,prova
par4-3851,0.6912546,prova
par4-3852,0.18476833,prova
par4-3853,0.8799877,prova
par4-3854,0.9629681,prova
par4-3855,0.97973883,prova
par4-3856,0.0035801695,prova
par4-3857,0.003697115,prova
par4-3858,0.0035674074,prova
par4-3859,0.08858538,prova
par4-3860,0.0029636517,prova
par4-3861,0.0075959824,prova
par4-3862,0.0038201262,prova
par4-3863,0.003357433,prova
par4-3864,0.0035135846,prova
par4-3865,0.004279035,prova
par4-3866,0.0046016937,prova
par4-3867,0.0036876146,prova
par4-3868,0.0052095037,prova
par4-3869,0.0030432295,prova
par4-3870,0.0057343394,prova
par4-3871,0.0037425144,prova
par4-3872,0.003768746,prova
par4-3873,0.6874095,prova
par4-3874,0.0032792713,prova
par4-3875,0.006589846,prova
par4-3876,0.14201939,prova
par4-3877,0.50688136,prova
par4-3878,0.0035427508,prova
par4-3879,0.003583897,prova
par4-3880,0.1879321,prova
par4-3881,0.9527836,prova
par4-3882,0.0032995138,prova
par4-3883,0.9831324,prova
par4-3884,0.0032575706,prova
par4-3885,0.01673243,prova
par4-3886,0.78928596,prova
par4-3887,0.0036566658,prova
par4-3888,0.9210706,prova
par4-3889,0.27751848,prova
par4-3890,0.0035354546,prova
par4-3891,0.006851213,prova
par4-3892,0.37475798,prova
par4-3893,0.06248792,prova
par4-3894,0.9960962,prova
par4-3895,0.0034296855,prova
par4-3896,0.004099094,prova
par4-3897,0.31076798,prova
par4-3898,0.005324929,prova
par4-3899,0.99638027,prova
par4-3900,0.6091509,prova
par4-3901,0.0035410747,prova
par4-3902,0.0033912433,prova
par4-3903,0.98938835,prova
par4-3904,0.0035000623,prova
par4-3905,0.0035006911,prova
par4-3906,0.0031116416,prova
par4-3907,0.9761732,prova
par4-3908,0.6716237,prova
par4-3909,0.03728737,prova
par4-3910,0.010428244,prova
par4-3911,0.0034601893,prova
par4-3912,0.010806127,prova
par4-3913,0.0053981575,prova
par4-3914,0.0043089394,prova
par4-3915,0.0033551557,prova
par4-3916,0.0032902462,prova
par4-3917,0.0032896616,prova
par4-3918,0.0038779061,prova
par4-3919,0.0032319224,prova
par4-3920,0.0033894673,prova
par4-3921,0.91701925,prova
par4-3922,0.0034057284,prova
par4-3923,0.87575305,prova
par4-3924,0.0032802036,prova
par4-3925,0.003134526,prova
par4-3926,0.003528627,prova
par4-3927,0.005476755,prova
par4-3928,0.0036901592,prova
par4-3929,0.98392916,prova
par4-3930,0.0034409165,prova
par4-3931,0.2298988,prova
par4-3932,0.0038888077,prova
par4-3933,0.8227206,prova
par4-3934,0.010944908,prova
par4-3935,0.99204224,prova
par4-3936,0.0031722665,prova
par4-3937,0.74260825,prova
par4-3938,0.98598737,prova
par4-3939,0.005315789,prova
par4-3940,0.99104816,prova
par4-3941,0.0035369329,prova
par4-3942,0.0037060133,prova
par4-3943,0.0037848626,prova
par4-3944,0.9958639,prova
par4-3945,0.004005219,prova
par4-3946,0.0033560295,prova
par4-3947,0.014109163,prova
par4-3948,0.98838323,prova
par4-3949,0.0036124194,prova
par4-3950,0.08957389,prova
par4-3951,0.0038799476,prova
par4-3952,0.0035865884,prova
par4-3953,0.9925728,prova
par4-3954,0.0032385143,prova
par4-3955,0.99646324,prova
par4-3956,0.0055188993,prova
par4-3957,0.0033063057,prova
par4-3958,0.19289602,prova
par4-3959,0.62070394,prova
par4-3960,0.9966717,prova
par4-3961,0.13147075,prova
par4-3962,0.9962437,prova
par4-3963,0.0042503346,prova
par4-3964,0.9935667,prova
par4-3965,0.003251683,prova
par4-3966,0.07098452,prova
par4-3967,0.013498333,prova
par4-3968,0.005101103,prova
par4-3969,0.9905351,prova
par4-3970,0.0032516646,prova
par4-3971,0.010582345,prova
par4-3972,0.0160278,prova
par4-3973,0.0037275283,prova
par4-3974,0.9303776,prova
par4-3975,0.0040703155,prova
par4-3976,0.025214242,prova
par4-3977,0.0042918194,prova
par4-3978,0.0033718515,prova
par4-3979,0.28928262,prova
par4-3980,0.0037312931,prova
par4-3981,0.0035009957,prova
par4-3982,0.0034559958,prova
par4-3983,0.90869236,prova
par4-3984,0.004047716,prova
par4-3985,0.005897626,prova
par4-3986,0.0031530634,prova
par4-3987,0.37426907,prova
par4-3988,0.058309473,prova
par4-3989,0.010497766,prova
par4-3990,0.2246649,prova
par4-3991,0.96943474,prova
par4-3992,0.0033717442,prova
par4-3993,0.004219024,prova
par4-3994,0.0032341857,prova
par4-3995,0.0034752716,prova
par4-3996,0.0033338603,prova
par4-3997,0.0032663841,prova
par4-3998,0.0072302544,prova
par4-3999,0.0064011333,prova
par4-4000,0.006125181,prova
par4-4001,0.9932799,prova
par4-4002,0.0037269085,prova
par4-4003,0.0039512333,prova
par4-4004,0.004008652,prova
par4-4005,0.0036092936,prova
par4-4006,0.9038976,prova
par4-4007,0.36715934,prova
par4-4008,0.33200458,prova
par4-4009,0.0040611676,prova
par4-4010,0.9958839,prova
par4-4011,0.996231,prova
par4-4012,0.21726494,prova
par4-4013,0.0051107677,prova
par4-4014,0.00346262,prova
par4-4015,0.004355706,prova
par4-4016,0.46170798,prova
par4-4017,0.0062456145,prova
par4-4018,0.0033494842,prova
par4-4019,0.0034730912,prova
par4-4020,0.005494679,prova
par4-4021,0.013900189,prova
par4-4022,0.003011155,prova
par4-4023,0.004358815,prova
par4-4024,0.009423319,prova
par4-4025,0.0030838344,prova
par4-4026,0.0034174575,prova
par4-4027,0.020771455,prova
par4-4028,0.0034909938,prova
par4-4029,0.0036733989,prova
par4-4030,0.20320733,prova
par4-4031,0.013993991,prova
par4-4032,0.3390559,prova
par4-4033,0.005902624,prova
par4-4034,0.9959208,prova
par4-4035,0.0035494368,prova
par4-4036,0.53708416,prova
par4-4037,0.9881207,prova
par4-4038,0.67200893,prova
par4-4039,0.0034212307,prova
par4-4040,0.16221227,prova
par4-4041,0.9869739,prova
par4-4042,0.005264492,prova
par4-4043,0.99580526,prova
par4-4044,0.00764501,prova
par4-4045,0.011774297,prova
par4-4046,0.009588229,prova
par4-4047,0.09038435,prova
par4-4048,0.004353413,prova
par4-4049,0.006320537,prova
par4-4050,0.01979595,prova
par4-4051,0.0037207613,prova
par4-4052,0.0075275833,prova
par4-4053,0.012937365,prova
par4-4054,0.039538473,prova
par4-4055,0.009353782,prova
par4-4056,0.0778666,prova
par4-4057,0.004405261,prova
par4-4058,0.23964407,prova
par4-4059,0.0036788513,prova
par4-4060,0.16718966,prova
par4-4061,0.003977191,prova
par4-4062,0.0033633967,prova
par4-4063,0.0040709474,prova
par4-4064,0.0036748163,prova
par4-4065,0.4586467,prova
par4-4066,0.12265345,prova
par4-4067,0.043937426,prova
par4-4068,0.98929554,prova
par4-4069,0.0035815565,prova
par4-4070,0.003558584,prova
par4-4071,0.0066726343,prova
par4-4072,0.003522851,prova
par4-4073,0.96304464,prova
par4-4074,0.9647021,prova
par4-4075,0.010614076,prova
par4-4076,0.99150896,prova
par4-4077,0.48640892,prova
par4-4078,0.006496734,prova
par4-4079,0.20424677,prova
par4-4080,0.014893569,prova
par4-4081,0.004017953,prova
par4-4082,0.0038123494,prova
par4-4083,0.0033282738,prova
par4-4084,0.92424965,prova
par4-4085,0.004571264,prova
par4-4086,0.9948473,prova
par4-4087,0.003370666,prova
par4-4088,0.0031739648,prova
par4-4089,0.09580456,prova
par4-4090,0.0042616753,prova
par4-4091,0.0038233064,prova
par4-4092,0.004067021,prova
par4-4093,0.8832692,prova
par4-4094,0.0034268734,prova
par4-4095,0.017997727,prova
par4-4096,0.032255676,prova
par4-4097,0.0036869769,prova
par4-4098,0.0035753916,prova
par4-4099,0.003673123,prova
par4-4100,0.108103335,prova
par4-4101,0.99459237,prova
par4-4102,0.09274847,prova
par4-4103,0.8366741,prova
par4-4104,0.0037811624,prova
par4-4105,0.9538043,prova
par4-4106,0.36305866,prova
par4-4107,0.0034571716,prova
par4-4108,0.002908618,prova
par4-4109,0.00487375,prova
par4-4110,0.0032282255,prova
par4-4111,0.0030981312,prova
par4-4112,0.0033482872,prova
par4-4113,0.6142622,prova
par4-4114,0.003975431,prova
par4-4115,0.8793668,prova
par4-4116,0.977187,prova
par4-4117,0.4017218,prova
par4-4118,0.0032646614,prova
par4-4119,0.0040062307,prova
par4-4120,0.0035071913,prova
par4-4121,0.0038320562,prova
par4-4122,0.93450737,prova
par4-4123,0.06480925,prova
par4-4124,0.9963302,prova
par4-4125,0.006220343,prova
par4-4126,0.0040285727,prova
par4-4127,0.003682177,prova
par4-4128,0.9954651,prova
par4-4129,0.0042266157,prova
par4-4130,0.0033247373,prova
par4-4131,0.0048930827,prova
par4-4132,0.0069186375,prova
par4-4133,0.012148956,prova
par4-4134,0.0072993874,prova
par4-4135,0.019709792,prova
par4-4136,0.010728136,prova
par4-4137,0.0035952867,prova
par4-4138,0.29348984,prova
par4-4139,0.0047246655,prova
par4-4140,0.8776505,prova
par4-4141,0.9962268,prova
par4-4142,0.99461466,prova
par4-4143,0.0042125722,prova
par4-4144,0.7136813,prova
par4-4145,0.0029366266,prova
par4-4146,0.0036057131,prova
par4-4147,0.0072923386,prova
par4-4148,0.0039717657,prova
par4-4149,0.0037787848,prova
par4-4150,0.054950453,prova
par4-4151,0.0035911514,prova
par4-4152,0.20902084,prova
par4-4153,0.24706146,prova
par4-4154,0.0036746855,prova
par4-4155,0.0034541502,prova
par4-4156,0.0034754814,prova
par4-4157,0.0035866785,prova
par4-4158,0.003855726,prova
par4-4159,0.0091860825,prova
par4-4160,0.0038043133,prova
par4-4161,0.0039736605,prova
par4-4162,0.0037116057,prova
par4-4163,0.5238722,prova
par4-4164,0.0037358906,prova
par4-4165,0.004136727,prova
par4-4166,0.9933681,prova
par4-4167,0.003632383,prova
par4-4168,0.73509693,prova
par4-4169,0.9250745,prova
par4-4170,0.003249066,prova
par4-4171,0.003313468,prova
par4-4172,0.003515044,prova
par4-4173,0.06053526,prova
par4-4174,0.0035872052,prova
par4-4175,0.21037756,prova
par4-4176,0.11426138,prova
par4-4177,0.0045586014,prova
par4-4178,0.0033477098,prova
par4-4179,0.0032023038,prova
par4-4180,0.0033949648,prova
par4-4181,0.98703206,prova
par4-4182,0.21507199,prova
par4-4183,0.003753928,prova
par4-4184,0.0039334823,prova
par4-4185,0.0037918575,prova
par4-4186,0.0036486902,prova
par4-4187,0.0034377852,prova
par4-4188,0.0031655564,prova
par4-4189,0.0033373858,prova
par4-4190,0.0034096746,prova
par4-4191,0.9046238,prova
par4-4192,0.10060839,prova
par4-4193,0.0035349238,prova
par4-4194,0.0038705913,prova
par4-4195,0.0037665856,prova
par4-4196,0.0037233706,prova
par4-4197,0.003920242,prova
par4-4198,0.016814103,prova
par4-4199,0.9851704,prova
par4-4200,0.003472327,prova
par4-4201,0.15093651,prova
par4-4202,0.003837094,prova
par4-4203,0.9837218,prova
par4-4204,0.0035934986,prova
par4-4205,0.004304958,prova
par4-4206,0.05742345,prova
par4-4207,0.0040361374,prova
par4-4208,0.9804145,prova
par4-4209,0.025660587,prova
par4-4210,0.024697006,prova
par4-4211,0.003573328,prova
par4-4212,0.08214478,prova
par4-4213,0.0050810347,prova
par4-4214,0.9967596,prova
par4-4215,0.004073926,prova
par4-4216,0.004230555,prova
par4-4217,0.0038245819,prova
par4-4218,0.0061680013,prova
par4-4219,0.0035842138,prova
par4-4220,0.0039611636,prova
par4-4221,0.0032385204,prova
par4-4222,0.0053852648,prova
par4-4223,0.004229398,prova
par4-4224,0.0039083674,prova
par4-4225,0.0033209343,prova
par4-4226,0.0039585684,prova
par4-4227,0.07318013,prova
par4-4228,0.5321416,prova
par4-4229,0.0036259762,prova
par4-4230,0.006833469,prova
par4-4231,0.9908546,prova
par4-4232,0.0035467849,prova
par4-4233,0.0035084996,prova
par4-4234,0.003379958,prova
par4-4235,0.0033944256,prova
par4-4236,0.003516387,prova
par4-4237,0.003686203,prova
par4-4238,0.0041361456,prova
par4-4239,0.9942637,prova
par4-4240,0.0035144796,prova
par4-4241,0.993067,prova
par4-4242,0.011150451,prova
par4-4243,0.0066327257,prova
par4-4244,0.0038837148,prova
par4-4245,0.0041633626,prova
par4-4246,0.0035565083,prova
par4-4247,0.19341663,prova
par4-4248,0.87613857,prova
par4-4249,0.0035449788,prova
par4-4250,0.00356289,prova
par4-4251,0.6756133,prova
par4-4252,0.0068781115,prova
par4-4253,0.004083537,prova
par4-4254,0.003416295,prova
par4-4255,0.29574996,prova
par4-4256,0.0034223997,prova
par4-4257,0.9965127,prova
par4-4258,0.003285087,prova
par4-4259,0.025654,prova
par4-4260,0.0033664682,prova
par4-4261,0.33909708,prova
par4-4262,0.043955255,prova
par4-4263,0.0051252972,prova
par4-4264,0.0032063748,prova
par4-4265,0.0036105216,prova
par4-4266,0.053207,prova
par4-4267,0.0036433912,prova
par4-4268,0.0062696026,prova
par4-4269,0.0048843813,prova
par4-4270,0.0033512055,prova
par4-4271,0.017479837,prova
par4-4272,0.003372507,prova
par4-4273,0.4344343,prova
par4-4274,0.9948007,prova
par4-4275,0.99605644,prova
par4-4276,0.004960131,prova
par4-4277,0.0035009605,prova
par4-4278,0.0052163927,prova
par4-4279,0.038480196,prova
par4-4280,0.0035941112,prova
par4-4281,0.0037659667,prova
par4-4282,0.0038706334,prova
par4-4283,0.09614112,prova
par4-4284,0.0034204472,prova
par4-4285,0.004451356,prova
par4-4286,0.016502386,prova
par4-4287,0.006499763,prova
par4-4288,0.9945135,prova
par4-4289,0.0069930158,prova
par4-4290,0.46729246,prova
par4-4291,0.004361123,prova
par4-4292,0.1685712,prova
par4-4293,0.0032928544,prova
par4-4294,0.0031658795,prova
par4-4295,0.9787309,prova
par4-4296,0.0033375097,prova
par4-4297,0.01021479,prova
par4-4298,0.05109167,prova
