id,regra_mvp
par4-0001,contexto_relacionado
par4-0002,outro_acontecimento
par4-0003,outro_acontecimento
par4-0004,contexto_relacionado
par4-0005,outro_acontecimento
par4-0006,mesmo_acontecimento
par4-0007,outro_acontecimento
par4-0008,outro_acontecimento
par4-0009,outro_acontecimento
par4-0010,outro_acontecimento
par4-0011,outro_acontecimento
par4-0012,outro_acontecimento
par4-0013,outro_acontecimento
par4-0014,outro_acontecimento
par4-0015,outro_acontecimento
par4-0016,contexto_relacionado
par4-0017,outro_acontecimento
par4-0018,contexto_relacionado
par4-0019,outro_acontecimento
par4-0020,outro_acontecimento
par4-0021,outro_acontecimento
par4-0022,outro_acontecimento
par4-0023,outro_acontecimento
par4-0024,outro_acontecimento
par4-0025,outro_acontecimento
par4-0026,contexto_relacionado
par4-0027,outro_acontecimento
par4-0028,outro_acontecimento
par4-0029,outro_acontecimento
par4-0030,outro_acontecimento
par4-0031,outro_acontecimento
par4-0032,contexto_relacionado
par4-0033,outro_acontecimento
par4-0034,outro_acontecimento
par4-0035,outro_acontecimento
par4-0036,contexto_relacionado
par4-0037,outro_acontecimento
par4-0038,contexto_relacionado
par4-0039,mesmo_acontecimento
par4-0040,contexto_relacionado
par4-0041,outro_acontecimento
par4-0042,mesmo_acontecimento
par4-0043,outro_acontecimento
par4-0044,outro_acontecimento
par4-0045,outro_acontecimento
par4-0046,contexto_relacionado
par4-0047,mesmo_acontecimento
par4-0048,outro_acontecimento
par4-0049,contexto_relacionado
par4-0050,outro_acontecimento
par4-0051,outro_acontecimento
par4-0052,outro_acontecimento
par4-0053,outro_acontecimento
par4-0054,contexto_relacionado
par4-0055,outro_acontecimento
par4-0056,outro_acontecimento
par4-0057,mesmo_acontecimento
par4-0058,outro_acontecimento
par4-0059,contexto_relacionado
par4-0060,outro_acontecimento
par4-0061,mesmo_acontecimento
par4-0062,outro_acontecimento
par4-0063,mesmo_acontecimento
par4-0064,contexto_relacionado
par4-0065,outro_acontecimento
par4-0066,outro_acontecimento
par4-0067,outro_acontecimento
par4-0068,outro_acontecimento
par4-0069,outro_acontecimento
par4-0070,outro_acontecimento
par4-0071,outro_acontecimento
par4-0072,contexto_relacionado
par4-0073,contexto_relacionado
par4-0074,outro_acontecimento
par4-0075,outro_acontecimento
par4-0076,incerto
par4-0077,contexto_relacionado
par4-0078,outro_acontecimento
par4-0079,outro_acontecimento
par4-0080,outro_acontecimento
par4-0081,outro_acontecimento
par4-0082,contexto_relacionado
par4-0083,outro_acontecimento
par4-0084,outro_acontecimento
par4-0085,contexto_relacionado
par4-0086,contexto_relacionado
par4-0087,outro_acontecimento
par4-0088,outro_acontecimento
par4-0089,outro_acontecimento
par4-0090,outro_acontecimento
par4-0091,outro_acontecimento
par4-0092,mesmo_acontecimento
par4-0093,outro_acontecimento
par4-0094,outro_acontecimento
par4-0095,contexto_relacionado
par4-0096,outro_acontecimento
par4-0097,outro_acontecimento
par4-0098,outro_acontecimento
par4-0099,outro_acontecimento
par4-0100,outro_acontecimento
par4-0101,outro_acontecimento
par4-0102,outro_acontecimento
par4-0103,outro_acontecimento
par4-0104,outro_acontecimento
par4-0105,contexto_relacionado
par4-0106,outro_acontecimento
par4-0107,contexto_relacionado
par4-0108,outro_acontecimento
par4-0109,mesmo_acontecimento
par4-0110,outro_acontecimento
par4-0111,contexto_relacionado
par4-0112,mesmo_acontecimento
par4-0113,outro_acontecimento
par4-0114,outro_acontecimento
par4-0115,outro_acontecimento
par4-0116,outro_acontecimento
par4-0117,outro_acontecimento
par4-0118,outro_acontecimento
par4-0119,mesmo_acontecimento
par4-0120,outro_acontecimento
par4-0121,outro_acontecimento
par4-0122,contexto_relacionado
par4-0123,outro_acontecimento
par4-0124,outro_acontecimento
par4-0125,outro_acontecimento
par4-0126,mesmo_acontecimento
par4-0127,outro_acontecimento
par4-0128,outro_acontecimento
par4-0129,outro_acontecimento
par4-0130,outro_acontecimento
par4-0131,outro_acontecimento
par4-0132,outro_acontecimento
par4-0133,outro_acontecimento
par4-0134,outro_acontecimento
par4-0135,outro_acontecimento
par4-0136,outro_acontecimento
par4-0137,contexto_relacionado
par4-0138,outro_acontecimento
par4-0139,outro_acontecimento
par4-0140,outro_acontecimento
par4-0141,outro_acontecimento
par4-0142,contexto_relacionado
par4-0143,outro_acontecimento
par4-0144,outro_acontecimento
par4-0145,outro_acontecimento
par4-0146,outro_acontecimento
par4-0147,contexto_relacionado
par4-0148,outro_acontecimento
par4-0149,mesmo_acontecimento
par4-0150,outro_acontecimento
par4-0151,outro_acontecimento
par4-0152,outro_acontecimento
par4-0153,outro_acontecimento
par4-0154,contexto_relacionado
par4-0155,outro_acontecimento
par4-0156,incerto
par4-0157,outro_acontecimento
par4-0158,contexto_relacionado
par4-0159,contexto_relacionado
par4-0160,outro_acontecimento
par4-0161,contexto_relacionado
par4-0162,outro_acontecimento
par4-0163,outro_acontecimento
par4-0164,contexto_relacionado
par4-0165,contexto_relacionado
par4-0166,outro_acontecimento
par4-0167,outro_acontecimento
par4-0168,mesmo_acontecimento
par4-0169,mesmo_acontecimento
par4-0170,outro_acontecimento
par4-0171,outro_acontecimento
par4-0172,contexto_relacionado
par4-0173,outro_acontecimento
par4-0174,outro_acontecimento
par4-0175,outro_acontecimento
par4-0176,outro_acontecimento
par4-0177,incerto
par4-0178,outro_acontecimento
par4-0179,contexto_relacionado
par4-0180,outro_acontecimento
par4-0181,outro_acontecimento
par4-0182,outro_acontecimento
par4-0183,mesmo_acontecimento
par4-0184,contexto_relacionado
par4-0185,outro_acontecimento
par4-0186,contexto_relacionado
par4-0187,contexto_relacionado
par4-0188,outro_acontecimento
par4-0189,outro_acontecimento
par4-0190,outro_acontecimento
par4-0191,incerto
par4-0192,contexto_relacionado
par4-0193,outro_acontecimento
par4-0194,outro_acontecimento
par4-0195,contexto_relacionado
par4-0196,outro_acontecimento
par4-0197,outro_acontecimento
par4-0198,outro_acontecimento
par4-0199,outro_acontecimento
par4-0200,outro_acontecimento
par4-0201,outro_acontecimento
par4-0202,outro_acontecimento
par4-0203,contexto_relacionado
par4-0204,outro_acontecimento
par4-0205,outro_acontecimento
par4-0206,incerto
par4-0207,outro_acontecimento
par4-0208,contexto_relacionado
par4-0209,contexto_relacionado
par4-0210,outro_acontecimento
par4-0211,contexto_relacionado
par4-0212,outro_acontecimento
par4-0213,outro_acontecimento
par4-0214,outro_acontecimento
par4-0215,outro_acontecimento
par4-0216,outro_acontecimento
par4-0217,outro_acontecimento
par4-0218,outro_acontecimento
par4-0219,outro_acontecimento
par4-0220,incerto
par4-0221,outro_acontecimento
par4-0222,mesmo_acontecimento
par4-0223,contexto_relacionado
par4-0224,mesmo_acontecimento
par4-0225,outro_acontecimento
par4-0226,outro_acontecimento
par4-0227,contexto_relacionado
par4-0228,outro_acontecimento
par4-0229,outro_acontecimento
par4-0230,contexto_relacionado
par4-0231,outro_acontecimento
par4-0232,outro_acontecimento
par4-0233,contexto_relacionado
par4-0234,outro_acontecimento
par4-0235,outro_acontecimento
par4-0236,contexto_relacionado
par4-0237,contexto_relacionado
par4-0238,outro_acontecimento
par4-0239,outro_acontecimento
par4-0240,contexto_relacionado
par4-0241,outro_acontecimento
par4-0242,outro_acontecimento
par4-0243,outro_acontecimento
par4-0244,outro_acontecimento
par4-0245,outro_acontecimento
par4-0246,outro_acontecimento
par4-0247,outro_acontecimento
par4-0248,outro_acontecimento
par4-0249,mesmo_acontecimento
par4-0250,mesmo_acontecimento
par4-0251,outro_acontecimento
par4-0252,outro_acontecimento
par4-0253,contexto_relacionado
par4-0254,outro_acontecimento
par4-0255,outro_acontecimento
par4-0256,contexto_relacionado
par4-0257,outro_acontecimento
par4-0258,outro_acontecimento
par4-0259,outro_acontecimento
par4-0260,outro_acontecimento
par4-0261,outro_acontecimento
par4-0262,outro_acontecimento
par4-0263,mesmo_acontecimento
par4-0264,outro_acontecimento
par4-0265,mesmo_acontecimento
par4-0266,outro_acontecimento
par4-0267,contexto_relacionado
par4-0268,contexto_relacionado
par4-0269,outro_acontecimento
par4-0270,incerto
par4-0271,outro_acontecimento
par4-0272,mesmo_acontecimento
par4-0273,outro_acontecimento
par4-0274,outro_acontecimento
par4-0275,outro_acontecimento
par4-0276,contexto_relacionado
par4-0277,outro_acontecimento
par4-0278,contexto_relacionado
par4-0279,outro_acontecimento
par4-0280,contexto_relacionado
par4-0281,outro_acontecimento
par4-0282,outro_acontecimento
par4-0283,outro_acontecimento
par4-0284,outro_acontecimento
par4-0285,outro_acontecimento
par4-0286,outro_acontecimento
par4-0287,outro_acontecimento
par4-0288,outro_acontecimento
par4-0289,contexto_relacionado
par4-0290,contexto_relacionado
par4-0291,outro_acontecimento
par4-0292,outro_acontecimento
par4-0293,contexto_relacionado
par4-0294,outro_acontecimento
par4-0295,contexto_relacionado
par4-0296,outro_acontecimento
par4-0297,outro_acontecimento
par4-0298,contexto_relacionado
par4-0299,outro_acontecimento
par4-0300,outro_acontecimento
par4-0301,mesmo_acontecimento
par4-0302,outro_acontecimento
par4-0303,outro_acontecimento
par4-0304,outro_acontecimento
par4-0305,outro_acontecimento
par4-0306,outro_acontecimento
par4-0307,outro_acontecimento
par4-0308,outro_acontecimento
par4-0309,outro_acontecimento
par4-0310,outro_acontecimento
par4-0311,outro_acontecimento
par4-0312,contexto_relacionado
par4-0313,outro_acontecimento
par4-0314,outro_acontecimento
par4-0315,outro_acontecimento
par4-0316,outro_acontecimento
par4-0317,outro_acontecimento
par4-0318,incerto
par4-0319,outro_acontecimento
par4-0320,outro_acontecimento
par4-0321,outro_acontecimento
par4-0322,outro_acontecimento
par4-0323,outro_acontecimento
par4-0324,outro_acontecimento
par4-0325,outro_acontecimento
par4-0326,outro_acontecimento
par4-0327,outro_acontecimento
par4-0328,outro_acontecimento
par4-0329,outro_acontecimento
par4-0330,outro_acontecimento
par4-0331,outro_acontecimento
par4-0332,outro_acontecimento
par4-0333,outro_acontecimento
par4-0334,outro_acontecimento
par4-0335,contexto_relacionado
par4-0336,outro_acontecimento
par4-0337,mesmo_acontecimento
par4-0338,outro_acontecimento
par4-0339,mesmo_acontecimento
par4-0340,outro_acontecimento
par4-0341,contexto_relacionado
par4-0342,outro_acontecimento
par4-0343,contexto_relacionado
par4-0344,outro_acontecimento
par4-0345,mesmo_acontecimento
par4-0346,outro_acontecimento
par4-0347,outro_acontecimento
par4-0348,contexto_relacionado
par4-0349,outro_acontecimento
par4-0350,outro_acontecimento
par4-0351,outro_acontecimento
par4-0352,outro_acontecimento
par4-0353,outro_acontecimento
par4-0354,outro_acontecimento
par4-0355,mesmo_acontecimento
par4-0356,mesmo_acontecimento
par4-0357,mesmo_acontecimento
par4-0358,outro_acontecimento
par4-0359,outro_acontecimento
par4-0360,outro_acontecimento
par4-0361,contexto_relacionado
par4-0362,outro_acontecimento
par4-0363,outro_acontecimento
par4-0364,contexto_relacionado
par4-0365,outro_acontecimento
par4-0366,outro_acontecimento
par4-0367,outro_acontecimento
par4-0368,contexto_relacionado
par4-0369,outro_acontecimento
par4-0370,outro_acontecimento
par4-0371,outro_acontecimento
par4-0372,outro_acontecimento
par4-0373,outro_acontecimento
par4-0374,outro_acontecimento
par4-0375,outro_acontecimento
par4-0376,outro_acontecimento
par4-0377,contexto_relacionado
par4-0378,outro_acontecimento
par4-0379,outro_acontecimento
par4-0380,outro_acontecimento
par4-0381,outro_acontecimento
par4-0382,outro_acontecimento
par4-0383,outro_acontecimento
par4-0384,outro_acontecimento
par4-0385,outro_acontecimento
par4-0386,outro_acontecimento
par4-0387,mesmo_acontecimento
par4-0388,contexto_relacionado
par4-0389,outro_acontecimento
par4-0390,outro_acontecimento
par4-0391,outro_acontecimento
par4-0392,outro_acontecimento
par4-0393,outro_acontecimento
par4-0394,outro_acontecimento
par4-0395,outro_acontecimento
par4-0396,outro_acontecimento
par4-0397,outro_acontecimento
par4-0398,outro_acontecimento
par4-0399,outro_acontecimento
par4-0400,mesmo_acontecimento
par4-0401,outro_acontecimento
par4-0402,contexto_relacionado
par4-0403,outro_acontecimento
par4-0404,outro_acontecimento
par4-0405,incerto
par4-0406,mesmo_acontecimento
par4-0407,outro_acontecimento
par4-0408,outro_acontecimento
par4-0409,contexto_relacionado
par4-0410,outro_acontecimento
par4-0411,outro_acontecimento
par4-0412,outro_acontecimento
par4-0413,outro_acontecimento
par4-0414,contexto_relacionado
par4-0415,outro_acontecimento
par4-0416,outro_acontecimento
par4-0417,contexto_relacionado
par4-0418,mesmo_acontecimento
par4-0419,outro_acontecimento
par4-0420,outro_acontecimento
par4-0421,incerto
par4-0422,outro_acontecimento
par4-0423,outro_acontecimento
par4-0424,outro_acontecimento
par4-0425,outro_acontecimento
par4-0426,outro_acontecimento
par4-0427,outro_acontecimento
par4-0428,outro_acontecimento
par4-0429,outro_acontecimento
par4-0430,outro_acontecimento
par4-0431,outro_acontecimento
par4-0432,outro_acontecimento
par4-0433,outro_acontecimento
par4-0434,outro_acontecimento
par4-0435,outro_acontecimento
par4-0436,outro_acontecimento
par4-0437,outro_acontecimento
par4-0438,outro_acontecimento
par4-0439,outro_acontecimento
par4-0440,contexto_relacionado
par4-0441,outro_acontecimento
par4-0442,outro_acontecimento
par4-0443,outro_acontecimento
par4-0444,outro_acontecimento
par4-0445,contexto_relacionado
par4-0446,outro_acontecimento
par4-0447,contexto_relacionado
par4-0448,outro_acontecimento
par4-0449,outro_acontecimento
par4-0450,outro_acontecimento
par4-0451,contexto_relacionado
par4-0452,outro_acontecimento
par4-0453,outro_acontecimento
par4-0454,outro_acontecimento
par4-0455,contexto_relacionado
par4-0456,outro_acontecimento
par4-0457,contexto_relacionado
par4-0458,contexto_relacionado
par4-0459,outro_acontecimento
par4-0460,outro_acontecimento
par4-0461,outro_acontecimento
par4-0462,outro_acontecimento
par4-0463,mesmo_acontecimento
par4-0464,outro_acontecimento
par4-0465,outro_acontecimento
par4-0466,outro_acontecimento
par4-0467,outro_acontecimento
par4-0468,contexto_relacionado
par4-0469,contexto_relacionado
par4-0470,contexto_relacionado
par4-0471,outro_acontecimento
par4-0472,outro_acontecimento
par4-0473,outro_acontecimento
par4-0474,outro_acontecimento
par4-0475,contexto_relacionado
par4-0476,outro_acontecimento
par4-0477,outro_acontecimento
par4-0478,outro_acontecimento
par4-0479,outro_acontecimento
par4-0480,outro_acontecimento
par4-0481,outro_acontecimento
par4-0482,outro_acontecimento
par4-0483,outro_acontecimento
par4-0484,outro_acontecimento
par4-0485,outro_acontecimento
par4-0486,outro_acontecimento
par4-0487,outro_acontecimento
par4-0488,contexto_relacionado
par4-0489,contexto_relacionado
par4-0490,outro_acontecimento
par4-0491,outro_acontecimento
par4-0492,mesmo_acontecimento
par4-0493,outro_acontecimento
par4-0494,outro_acontecimento
par4-0495,outro_acontecimento
par4-0496,contexto_relacionado
par4-0497,outro_acontecimento
par4-0498,outro_acontecimento
par4-0499,contexto_relacionado
par4-0500,outro_acontecimento
par4-0501,contexto_relacionado
par4-0502,outro_acontecimento
par4-0503,outro_acontecimento
par4-0504,outro_acontecimento
par4-0505,outro_acontecimento
par4-0506,contexto_relacionado
par4-0507,outro_acontecimento
par4-0508,outro_acontecimento
par4-0509,contexto_relacionado
par4-0510,outro_acontecimento
par4-0511,outro_acontecimento
par4-0512,outro_acontecimento
par4-0513,contexto_relacionado
par4-0514,contexto_relacionado
par4-0515,contexto_relacionado
par4-0516,mesmo_acontecimento
par4-0517,outro_acontecimento
par4-0518,outro_acontecimento
par4-0519,mesmo_acontecimento
par4-0520,outro_acontecimento
par4-0521,outro_acontecimento
par4-0522,outro_acontecimento
par4-0523,contexto_relacionado
par4-0524,outro_acontecimento
par4-0525,outro_acontecimento
par4-0526,outro_acontecimento
par4-0527,outro_acontecimento
par4-0528,outro_acontecimento
par4-0529,outro_acontecimento
par4-0530,outro_acontecimento
par4-0531,outro_acontecimento
par4-0532,contexto_relacionado
par4-0533,outro_acontecimento
par4-0534,outro_acontecimento
par4-0535,outro_acontecimento
par4-0536,mesmo_acontecimento
par4-0537,outro_acontecimento
par4-0538,outro_acontecimento
par4-0539,outro_acontecimento
par4-0540,outro_acontecimento
par4-0541,outro_acontecimento
par4-0542,contexto_relacionado
par4-0543,contexto_relacionado
par4-0544,outro_acontecimento
par4-0545,outro_acontecimento
par4-0546,outro_acontecimento
par4-0547,contexto_relacionado
par4-0548,outro_acontecimento
par4-0549,outro_acontecimento
par4-0550,outro_acontecimento
par4-0551,contexto_relacionado
par4-0552,outro_acontecimento
par4-0553,outro_acontecimento
par4-0554,outro_acontecimento
par4-0555,outro_acontecimento
par4-0556,outro_acontecimento
par4-0557,outro_acontecimento
par4-0558,outro_acontecimento
par4-0559,outro_acontecimento
par4-0560,contexto_relacionado
par4-0561,outro_acontecimento
par4-0562,outro_acontecimento
par4-0563,contexto_relacionado
par4-0564,contexto_relacionado
par4-0565,outro_acontecimento
par4-0566,outro_acontecimento
par4-0567,outro_acontecimento
par4-0568,outro_acontecimento
par4-0569,incerto
par4-0570,outro_acontecimento
par4-0571,outro_acontecimento
par4-0572,outro_acontecimento
par4-0573,outro_acontecimento
par4-0574,contexto_relacionado
par4-0575,mesmo_acontecimento
par4-0576,outro_acontecimento
par4-0577,outro_acontecimento
par4-0578,outro_acontecimento
par4-0579,mesmo_acontecimento
par4-0580,outro_acontecimento
par4-0581,outro_acontecimento
par4-0582,contexto_relacionado
par4-0583,outro_acontecimento
par4-0584,mesmo_acontecimento
par4-0585,outro_acontecimento
par4-0586,incerto
par4-0587,contexto_relacionado
par4-0588,outro_acontecimento
par4-0589,outro_acontecimento
par4-0590,mesmo_acontecimento
par4-0591,mesmo_acontecimento
par4-0592,outro_acontecimento
par4-0593,outro_acontecimento
par4-0594,outro_acontecimento
par4-0595,mesmo_acontecimento
par4-0596,outro_acontecimento
par4-0597,outro_acontecimento
par4-0598,mesmo_acontecimento
par4-0599,outro_acontecimento
par4-0600,outro_acontecimento
par4-0601,outro_acontecimento
par4-0602,contexto_relacionado
par4-0603,outro_acontecimento
par4-0604,contexto_relacionado
par4-0605,outro_acontecimento
par4-0606,outro_acontecimento
par4-0607,contexto_relacionado
par4-0608,outro_acontecimento
par4-0609,outro_acontecimento
par4-0610,mesmo_acontecimento
par4-0611,outro_acontecimento
par4-0612,outro_acontecimento
par4-0613,outro_acontecimento
par4-0614,contexto_relacionado
par4-0615,outro_acontecimento
par4-0616,contexto_relacionado
par4-0617,outro_acontecimento
par4-0618,outro_acontecimento
par4-0619,outro_acontecimento
par4-0620,outro_acontecimento
par4-0621,outro_acontecimento
par4-0622,outro_acontecimento
par4-0623,contexto_relacionado
par4-0624,outro_acontecimento
par4-0625,mesmo_acontecimento
par4-0626,contexto_relacionado
par4-0627,outro_acontecimento
par4-0628,contexto_relacionado
par4-0629,outro_acontecimento
par4-0630,incerto
par4-0631,outro_acontecimento
par4-0632,mesmo_acontecimento
par4-0633,outro_acontecimento
par4-0634,contexto_relacionado
par4-0635,outro_acontecimento
par4-0636,outro_acontecimento
par4-0637,outro_acontecimento
par4-0638,mesmo_acontecimento
par4-0639,outro_acontecimento
par4-0640,contexto_relacionado
par4-0641,mesmo_acontecimento
par4-0642,outro_acontecimento
par4-0643,mesmo_acontecimento
par4-0644,outro_acontecimento
par4-0645,contexto_relacionado
par4-0646,outro_acontecimento
par4-0647,outro_acontecimento
par4-0648,outro_acontecimento
par4-0649,outro_acontecimento
par4-0650,contexto_relacionado
par4-0651,contexto_relacionado
par4-0652,contexto_relacionado
par4-0653,outro_acontecimento
par4-0654,contexto_relacionado
par4-0655,contexto_relacionado
par4-0656,contexto_relacionado
par4-0657,outro_acontecimento
par4-0658,mesmo_acontecimento
par4-0659,outro_acontecimento
par4-0660,outro_acontecimento
par4-0661,outro_acontecimento
par4-0662,outro_acontecimento
par4-0663,mesmo_acontecimento
par4-0664,outro_acontecimento
par4-0665,outro_acontecimento
par4-0666,outro_acontecimento
par4-0667,outro_acontecimento
par4-0668,contexto_relacionado
par4-0669,outro_acontecimento
par4-0670,outro_acontecimento
par4-0671,outro_acontecimento
par4-0672,incerto
par4-0673,outro_acontecimento
par4-0674,incerto
par4-0675,contexto_relacionado
par4-0676,contexto_relacionado
par4-0677,outro_acontecimento
par4-0678,outro_acontecimento
par4-0679,contexto_relacionado
par4-0680,outro_acontecimento
par4-0681,incerto
par4-0682,outro_acontecimento
par4-0683,outro_acontecimento
par4-0684,contexto_relacionado
par4-0685,outro_acontecimento
par4-0686,outro_acontecimento
par4-0687,contexto_relacionado
par4-0688,outro_acontecimento
par4-0689,outro_acontecimento
par4-0690,outro_acontecimento
par4-0691,outro_acontecimento
par4-0692,outro_acontecimento
par4-0693,outro_acontecimento
par4-0694,outro_acontecimento
par4-0695,outro_acontecimento
par4-0696,outro_acontecimento
par4-0697,outro_acontecimento
par4-0698,outro_acontecimento
par4-0699,contexto_relacionado
par4-0700,contexto_relacionado
par4-0701,outro_acontecimento
par4-0702,outro_acontecimento
par4-0703,outro_acontecimento
par4-0704,contexto_relacionado
par4-0705,contexto_relacionado
par4-0706,outro_acontecimento
par4-0707,contexto_relacionado
par4-0708,outro_acontecimento
par4-0709,outro_acontecimento
par4-0710,outro_acontecimento
par4-0711,outro_acontecimento
par4-0712,outro_acontecimento
par4-0713,contexto_relacionado
par4-0714,outro_acontecimento
par4-0715,incerto
par4-0716,contexto_relacionado
par4-0717,outro_acontecimento
par4-0718,contexto_relacionado
par4-0719,contexto_relacionado
par4-0720,outro_acontecimento
par4-0721,outro_acontecimento
par4-0722,outro_acontecimento
par4-0723,outro_acontecimento
par4-0724,outro_acontecimento
par4-0725,outro_acontecimento
par4-0726,outro_acontecimento
par4-0727,contexto_relacionado
par4-0728,outro_acontecimento
par4-0729,outro_acontecimento
par4-0730,outro_acontecimento
par4-0731,outro_acontecimento
par4-0732,contexto_relacionado
par4-0733,outro_acontecimento
par4-0734,contexto_relacionado
par4-0735,outro_acontecimento
par4-0736,outro_acontecimento
par4-0737,outro_acontecimento
par4-0738,outro_acontecimento
par4-0739,contexto_relacionado
par4-0740,outro_acontecimento
par4-0741,outro_acontecimento
par4-0742,contexto_relacionado
par4-0743,outro_acontecimento
par4-0744,contexto_relacionado
par4-0745,contexto_relacionado
par4-0746,outro_acontecimento
par4-0747,outro_acontecimento
par4-0748,outro_acontecimento
par4-0749,outro_acontecimento
par4-0750,outro_acontecimento
par4-0751,outro_acontecimento
par4-0752,mesmo_acontecimento
par4-0753,outro_acontecimento
par4-0754,contexto_relacionado
par4-0755,contexto_relacionado
par4-0756,outro_acontecimento
par4-0757,outro_acontecimento
par4-0758,incerto
par4-0759,outro_acontecimento
par4-0760,outro_acontecimento
par4-0761,outro_acontecimento
par4-0762,incerto
par4-0763,outro_acontecimento
par4-0764,outro_acontecimento
par4-0765,contexto_relacionado
par4-0766,outro_acontecimento
par4-0767,outro_acontecimento
par4-0768,outro_acontecimento
par4-0769,outro_acontecimento
par4-0770,outro_acontecimento
par4-0771,outro_acontecimento
par4-0772,outro_acontecimento
par4-0773,outro_acontecimento
par4-0774,outro_acontecimento
par4-0775,outro_acontecimento
par4-0776,contexto_relacionado
par4-0777,mesmo_acontecimento
par4-0778,outro_acontecimento
par4-0779,contexto_relacionado
par4-0780,outro_acontecimento
par4-0781,outro_acontecimento
par4-0782,contexto_relacionado
par4-0783,outro_acontecimento
par4-0784,outro_acontecimento
par4-0785,contexto_relacionado
par4-0786,outro_acontecimento
par4-0787,outro_acontecimento
par4-0788,outro_acontecimento
par4-0789,contexto_relacionado
par4-0790,outro_acontecimento
par4-0791,outro_acontecimento
par4-0792,outro_acontecimento
par4-0793,mesmo_acontecimento
par4-0794,outro_acontecimento
par4-0795,outro_acontecimento
par4-0796,outro_acontecimento
par4-0797,outro_acontecimento
par4-0798,contexto_relacionado
par4-0799,outro_acontecimento
par4-0800,mesmo_acontecimento
par4-0801,outro_acontecimento
par4-0802,outro_acontecimento
par4-0803,contexto_relacionado
par4-0804,outro_acontecimento
par4-0805,outro_acontecimento
par4-0806,outro_acontecimento
par4-0807,contexto_relacionado
par4-0808,outro_acontecimento
par4-0809,outro_acontecimento
par4-0810,outro_acontecimento
par4-0811,outro_acontecimento
par4-0812,outro_acontecimento
par4-0813,outro_acontecimento
par4-0814,outro_acontecimento
par4-0815,outro_acontecimento
par4-0816,outro_acontecimento
par4-0817,outro_acontecimento
par4-0818,mesmo_acontecimento
par4-0819,outro_acontecimento
par4-0820,outro_acontecimento
par4-0821,outro_acontecimento
par4-0822,outro_acontecimento
par4-0823,outro_acontecimento
par4-0824,outro_acontecimento
par4-0825,outro_acontecimento
par4-0826,outro_acontecimento
par4-0827,outro_acontecimento
par4-0828,incerto
par4-0829,outro_acontecimento
par4-0830,outro_acontecimento
par4-0831,contexto_relacionado
par4-0832,outro_acontecimento
par4-0833,contexto_relacionado
par4-0834,contexto_relacionado
par4-0835,outro_acontecimento
par4-0836,contexto_relacionado
par4-0837,outro_acontecimento
par4-0838,outro_acontecimento
par4-0839,outro_acontecimento
par4-0840,outro_acontecimento
par4-0841,outro_acontecimento
par4-0842,outro_acontecimento
par4-0843,outro_acontecimento
par4-0844,outro_acontecimento
par4-0845,outro_acontecimento
par4-0846,incerto
par4-0847,outro_acontecimento
par4-0848,outro_acontecimento
par4-0849,outro_acontecimento
par4-0850,contexto_relacionado
par4-0851,contexto_relacionado
par4-0852,outro_acontecimento
par4-0853,outro_acontecimento
par4-0854,outro_acontecimento
par4-0855,outro_acontecimento
par4-0856,mesmo_acontecimento
par4-0857,outro_acontecimento
par4-0858,mesmo_acontecimento
par4-0859,outro_acontecimento
par4-0860,outro_acontecimento
par4-0861,contexto_relacionado
par4-0862,outro_acontecimento
par4-0863,outro_acontecimento
par4-0864,outro_acontecimento
par4-0865,outro_acontecimento
par4-0866,outro_acontecimento
par4-0867,outro_acontecimento
par4-0868,mesmo_acontecimento
par4-0869,outro_acontecimento
par4-0870,outro_acontecimento
par4-0871,outro_acontecimento
par4-0872,outro_acontecimento
par4-0873,outro_acontecimento
par4-0874,outro_acontecimento
par4-0875,outro_acontecimento
par4-0876,outro_acontecimento
par4-0877,outro_acontecimento
par4-0878,mesmo_acontecimento
par4-0879,outro_acontecimento
par4-0880,mesmo_acontecimento
par4-0881,mesmo_acontecimento
par4-0882,mesmo_acontecimento
par4-0883,outro_acontecimento
par4-0884,outro_acontecimento
par4-0885,outro_acontecimento
par4-0886,contexto_relacionado
par4-0887,contexto_relacionado
par4-0888,outro_acontecimento
par4-0889,contexto_relacionado
par4-0890,outro_acontecimento
par4-0891,outro_acontecimento
par4-0892,outro_acontecimento
par4-0893,outro_acontecimento
par4-0894,outro_acontecimento
par4-0895,outro_acontecimento
par4-0896,outro_acontecimento
par4-0897,outro_acontecimento
par4-0898,mesmo_acontecimento
par4-0899,contexto_relacionado
par4-0900,contexto_relacionado
par4-0901,contexto_relacionado
par4-0902,outro_acontecimento
par4-0903,outro_acontecimento
par4-0904,outro_acontecimento
par4-0905,outro_acontecimento
par4-0906,mesmo_acontecimento
par4-0907,outro_acontecimento
par4-0908,outro_acontecimento
par4-0909,incerto
par4-0910,outro_acontecimento
par4-0911,mesmo_acontecimento
par4-0912,outro_acontecimento
par4-0913,outro_acontecimento
par4-0914,contexto_relacionado
par4-0915,outro_acontecimento
par4-0916,outro_acontecimento
par4-0917,outro_acontecimento
par4-0918,outro_acontecimento
par4-0919,mesmo_acontecimento
par4-0920,contexto_relacionado
par4-0921,outro_acontecimento
par4-0922,contexto_relacionado
par4-0923,outro_acontecimento
par4-0924,outro_acontecimento
par4-0925,outro_acontecimento
par4-0926,outro_acontecimento
par4-0927,contexto_relacionado
par4-0928,outro_acontecimento
par4-0929,mesmo_acontecimento
par4-0930,outro_acontecimento
par4-0931,outro_acontecimento
par4-0932,outro_acontecimento
par4-0933,contexto_relacionado
par4-0934,outro_acontecimento
par4-0935,outro_acontecimento
par4-0936,mesmo_acontecimento
par4-0937,contexto_relacionado
par4-0938,outro_acontecimento
par4-0939,outro_acontecimento
par4-0940,outro_acontecimento
par4-0941,outro_acontecimento
par4-0942,outro_acontecimento
par4-0943,outro_acontecimento
par4-0944,incerto
par4-0945,outro_acontecimento
par4-0946,contexto_relacionado
par4-0947,outro_acontecimento
par4-0948,outro_acontecimento
par4-0949,contexto_relacionado
par4-0950,mesmo_acontecimento
par4-0951,outro_acontecimento
par4-0952,outro_acontecimento
par4-0953,mesmo_acontecimento
par4-0954,contexto_relacionado
par4-0955,outro_acontecimento
par4-0956,outro_acontecimento
par4-0957,outro_acontecimento
par4-0958,outro_acontecimento
par4-0959,incerto
par4-0960,outro_acontecimento
par4-0961,outro_acontecimento
par4-0962,contexto_relacionado
par4-0963,outro_acontecimento
par4-0964,outro_acontecimento
par4-0965,incerto
par4-0966,outro_acontecimento
par4-0967,outro_acontecimento
par4-0968,outro_acontecimento
par4-0969,outro_acontecimento
par4-0970,outro_acontecimento
par4-0971,outro_acontecimento
par4-0972,incerto
par4-0973,incerto
par4-0974,outro_acontecimento
par4-0975,outro_acontecimento
par4-0976,outro_acontecimento
par4-0977,outro_acontecimento
par4-0978,outro_acontecimento
par4-0979,outro_acontecimento
par4-0980,outro_acontecimento
par4-0981,outro_acontecimento
par4-0982,outro_acontecimento
par4-0983,contexto_relacionado
par4-0984,contexto_relacionado
par4-0985,outro_acontecimento
par4-0986,contexto_relacionado
par4-0987,outro_acontecimento
par4-0988,outro_acontecimento
par4-0989,contexto_relacionado
par4-0990,outro_acontecimento
par4-0991,outro_acontecimento
par4-0992,outro_acontecimento
par4-0993,outro_acontecimento
par4-0994,outro_acontecimento
par4-0995,mesmo_acontecimento
par4-0996,contexto_relacionado
par4-0997,outro_acontecimento
par4-0998,outro_acontecimento
par4-0999,outro_acontecimento
par4-1000,contexto_relacionado
par4-1001,outro_acontecimento
par4-1002,outro_acontecimento
par4-1003,outro_acontecimento
par4-1004,outro_acontecimento
par4-1005,outro_acontecimento
par4-1006,outro_acontecimento
par4-1007,outro_acontecimento
par4-1008,outro_acontecimento
par4-1009,outro_acontecimento
par4-1010,outro_acontecimento
par4-1011,incerto
par4-1012,contexto_relacionado
par4-1013,mesmo_acontecimento
par4-1014,outro_acontecimento
par4-1015,outro_acontecimento
par4-1016,outro_acontecimento
par4-1017,contexto_relacionado
par4-1018,outro_acontecimento
par4-1019,outro_acontecimento
par4-1020,outro_acontecimento
par4-1021,contexto_relacionado
par4-1022,outro_acontecimento
par4-1023,outro_acontecimento
par4-1024,contexto_relacionado
par4-1025,outro_acontecimento
par4-1026,outro_acontecimento
par4-1027,outro_acontecimento
par4-1028,contexto_relacionado
par4-1029,outro_acontecimento
par4-1030,outro_acontecimento
par4-1031,contexto_relacionado
par4-1032,outro_acontecimento
par4-1033,outro_acontecimento
par4-1034,outro_acontecimento
par4-1035,outro_acontecimento
par4-1036,contexto_relacionado
par4-1037,outro_acontecimento
par4-1038,outro_acontecimento
par4-1039,contexto_relacionado
par4-1040,outro_acontecimento
par4-1041,incerto
par4-1042,outro_acontecimento
par4-1043,outro_acontecimento
par4-1044,outro_acontecimento
par4-1045,outro_acontecimento
par4-1046,outro_acontecimento
par4-1047,contexto_relacionado
par4-1048,outro_acontecimento
par4-1049,outro_acontecimento
par4-1050,outro_acontecimento
par4-1051,outro_acontecimento
par4-1052,outro_acontecimento
par4-1053,contexto_relacionado
par4-1054,contexto_relacionado
par4-1055,outro_acontecimento
par4-1056,outro_acontecimento
par4-1057,outro_acontecimento
par4-1058,mesmo_acontecimento
par4-1059,outro_acontecimento
par4-1060,mesmo_acontecimento
par4-1061,outro_acontecimento
par4-1062,outro_acontecimento
par4-1063,mesmo_acontecimento
par4-1064,outro_acontecimento
par4-1065,outro_acontecimento
par4-1066,outro_acontecimento
par4-1067,outro_acontecimento
par4-1068,outro_acontecimento
par4-1069,outro_acontecimento
par4-1070,outro_acontecimento
par4-1071,outro_acontecimento
par4-1072,mesmo_acontecimento
par4-1073,outro_acontecimento
par4-1074,mesmo_acontecimento
par4-1075,outro_acontecimento
par4-1076,contexto_relacionado
par4-1077,outro_acontecimento
par4-1078,outro_acontecimento
par4-1079,outro_acontecimento
par4-1080,outro_acontecimento
par4-1081,outro_acontecimento
par4-1082,outro_acontecimento
par4-1083,outro_acontecimento
par4-1084,contexto_relacionado
par4-1085,outro_acontecimento
par4-1086,contexto_relacionado
par4-1087,outro_acontecimento
par4-1088,outro_acontecimento
par4-1089,outro_acontecimento
par4-1090,outro_acontecimento
par4-1091,outro_acontecimento
par4-1092,contexto_relacionado
par4-1093,outro_acontecimento
par4-1094,outro_acontecimento
par4-1095,outro_acontecimento
par4-1096,mesmo_acontecimento
par4-1097,outro_acontecimento
par4-1098,outro_acontecimento
par4-1099,contexto_relacionado
par4-1100,outro_acontecimento
par4-1101,contexto_relacionado
par4-1102,outro_acontecimento
par4-1103,outro_acontecimento
par4-1104,outro_acontecimento
par4-1105,contexto_relacionado
par4-1106,outro_acontecimento
par4-1107,outro_acontecimento
par4-1108,outro_acontecimento
par4-1109,outro_acontecimento
par4-1110,outro_acontecimento
par4-1111,contexto_relacionado
par4-1112,contexto_relacionado
par4-1113,outro_acontecimento
par4-1114,outro_acontecimento
par4-1115,outro_acontecimento
par4-1116,outro_acontecimento
par4-1117,contexto_relacionado
par4-1118,outro_acontecimento
par4-1119,outro_acontecimento
par4-1120,contexto_relacionado
par4-1121,mesmo_acontecimento
par4-1122,outro_acontecimento
par4-1123,outro_acontecimento
par4-1124,outro_acontecimento
par4-1125,contexto_relacionado
par4-1126,outro_acontecimento
par4-1127,mesmo_acontecimento
par4-1128,contexto_relacionado
par4-1129,outro_acontecimento
par4-1130,outro_acontecimento
par4-1131,outro_acontecimento
par4-1132,outro_acontecimento
par4-1133,outro_acontecimento
par4-1134,outro_acontecimento
par4-1135,outro_acontecimento
par4-1136,contexto_relacionado
par4-1137,contexto_relacionado
par4-1138,outro_acontecimento
par4-1139,mesmo_acontecimento
par4-1140,outro_acontecimento
par4-1141,contexto_relacionado
par4-1142,outro_acontecimento
par4-1143,outro_acontecimento
par4-1144,outro_acontecimento
par4-1145,outro_acontecimento
par4-1146,outro_acontecimento
par4-1147,contexto_relacionado
par4-1148,outro_acontecimento
par4-1149,outro_acontecimento
par4-1150,contexto_relacionado
par4-1151,contexto_relacionado
par4-1152,contexto_relacionado
par4-1153,contexto_relacionado
par4-1154,outro_acontecimento
par4-1155,mesmo_acontecimento
par4-1156,outro_acontecimento
par4-1157,mesmo_acontecimento
par4-1158,contexto_relacionado
par4-1159,contexto_relacionado
par4-1160,outro_acontecimento
par4-1161,incerto
par4-1162,outro_acontecimento
par4-1163,outro_acontecimento
par4-1164,outro_acontecimento
par4-1165,outro_acontecimento
par4-1166,outro_acontecimento
par4-1167,outro_acontecimento
par4-1168,outro_acontecimento
par4-1169,outro_acontecimento
par4-1170,outro_acontecimento
par4-1171,contexto_relacionado
par4-1172,outro_acontecimento
par4-1173,outro_acontecimento
par4-1174,outro_acontecimento
par4-1175,outro_acontecimento
par4-1176,incerto
par4-1177,contexto_relacionado
par4-1178,outro_acontecimento
par4-1179,contexto_relacionado
par4-1180,outro_acontecimento
par4-1181,outro_acontecimento
par4-1182,outro_acontecimento
par4-1183,outro_acontecimento
par4-1184,mesmo_acontecimento
par4-1185,contexto_relacionado
par4-1186,contexto_relacionado
par4-1187,outro_acontecimento
par4-1188,contexto_relacionado
par4-1189,contexto_relacionado
par4-1190,contexto_relacionado
par4-1191,contexto_relacionado
par4-1192,contexto_relacionado
par4-1193,outro_acontecimento
par4-1194,contexto_relacionado
par4-1195,outro_acontecimento
par4-1196,outro_acontecimento
par4-1197,outro_acontecimento
par4-1198,outro_acontecimento
par4-1199,outro_acontecimento
par4-1200,outro_acontecimento
par4-1201,mesmo_acontecimento
par4-1202,outro_acontecimento
par4-1203,contexto_relacionado
par4-1204,mesmo_acontecimento
par4-1205,incerto
par4-1206,mesmo_acontecimento
par4-1207,outro_acontecimento
par4-1208,outro_acontecimento
par4-1209,outro_acontecimento
par4-1210,outro_acontecimento
par4-1211,contexto_relacionado
par4-1212,mesmo_acontecimento
par4-1213,outro_acontecimento
par4-1214,contexto_relacionado
par4-1215,outro_acontecimento
par4-1216,outro_acontecimento
par4-1217,contexto_relacionado
par4-1218,outro_acontecimento
par4-1219,outro_acontecimento
par4-1220,outro_acontecimento
par4-1221,outro_acontecimento
par4-1222,outro_acontecimento
par4-1223,outro_acontecimento
par4-1224,outro_acontecimento
par4-1225,outro_acontecimento
par4-1226,outro_acontecimento
par4-1227,outro_acontecimento
par4-1228,incerto
par4-1229,outro_acontecimento
par4-1230,outro_acontecimento
par4-1231,outro_acontecimento
par4-1232,outro_acontecimento
par4-1233,outro_acontecimento
par4-1234,outro_acontecimento
par4-1235,outro_acontecimento
par4-1236,outro_acontecimento
par4-1237,outro_acontecimento
par4-1238,outro_acontecimento
par4-1239,contexto_relacionado
par4-1240,outro_acontecimento
par4-1241,outro_acontecimento
par4-1242,outro_acontecimento
par4-1243,outro_acontecimento
par4-1244,outro_acontecimento
par4-1245,outro_acontecimento
par4-1246,contexto_relacionado
par4-1247,outro_acontecimento
par4-1248,outro_acontecimento
par4-1249,outro_acontecimento
par4-1250,outro_acontecimento
par4-1251,contexto_relacionado
par4-1252,contexto_relacionado
par4-1253,outro_acontecimento
par4-1254,outro_acontecimento
par4-1255,outro_acontecimento
par4-1256,outro_acontecimento
par4-1257,contexto_relacionado
par4-1258,contexto_relacionado
par4-1259,contexto_relacionado
par4-1260,outro_acontecimento
par4-1261,outro_acontecimento
par4-1262,outro_acontecimento
par4-1263,mesmo_acontecimento
par4-1264,outro_acontecimento
par4-1265,incerto
par4-1266,outro_acontecimento
par4-1267,outro_acontecimento
par4-1268,outro_acontecimento
par4-1269,outro_acontecimento
par4-1270,contexto_relacionado
par4-1271,outro_acontecimento
par4-1272,contexto_relacionado
par4-1273,outro_acontecimento
par4-1274,outro_acontecimento
par4-1275,outro_acontecimento
par4-1276,outro_acontecimento
par4-1277,contexto_relacionado
par4-1278,outro_acontecimento
par4-1279,outro_acontecimento
par4-1280,outro_acontecimento
par4-1281,contexto_relacionado
par4-1282,contexto_relacionado
par4-1283,contexto_relacionado
par4-1284,outro_acontecimento
par4-1285,outro_acontecimento
par4-1286,outro_acontecimento
par4-1287,outro_acontecimento
par4-1288,outro_acontecimento
par4-1289,contexto_relacionado
par4-1290,mesmo_acontecimento
par4-1291,outro_acontecimento
par4-1292,outro_acontecimento
par4-1293,contexto_relacionado
par4-1294,contexto_relacionado
par4-1295,contexto_relacionado
par4-1296,contexto_relacionado
par4-1297,contexto_relacionado
par4-1298,outro_acontecimento
par4-1299,outro_acontecimento
par4-1300,outro_acontecimento
par4-1301,outro_acontecimento
par4-1302,outro_acontecimento
par4-1303,outro_acontecimento
par4-1304,outro_acontecimento
par4-1305,outro_acontecimento
par4-1306,outro_acontecimento
par4-1307,contexto_relacionado
par4-1308,outro_acontecimento
par4-1309,outro_acontecimento
par4-1310,contexto_relacionado
par4-1311,outro_acontecimento
par4-1312,incerto
par4-1313,contexto_relacionado
par4-1314,outro_acontecimento
par4-1315,outro_acontecimento
par4-1316,outro_acontecimento
par4-1317,contexto_relacionado
par4-1318,outro_acontecimento
par4-1319,contexto_relacionado
par4-1320,outro_acontecimento
par4-1321,outro_acontecimento
par4-1322,outro_acontecimento
par4-1323,outro_acontecimento
par4-1324,mesmo_acontecimento
par4-1325,outro_acontecimento
par4-1326,outro_acontecimento
par4-1327,contexto_relacionado
par4-1328,contexto_relacionado
par4-1329,contexto_relacionado
par4-1330,outro_acontecimento
par4-1331,contexto_relacionado
par4-1332,mesmo_acontecimento
par4-1333,outro_acontecimento
par4-1334,outro_acontecimento
par4-1335,outro_acontecimento
par4-1336,outro_acontecimento
par4-1337,outro_acontecimento
par4-1338,outro_acontecimento
par4-1339,contexto_relacionado
par4-1340,contexto_relacionado
par4-1341,outro_acontecimento
par4-1342,contexto_relacionado
par4-1343,outro_acontecimento
par4-1344,outro_acontecimento
par4-1345,outro_acontecimento
par4-1346,outro_acontecimento
par4-1347,outro_acontecimento
par4-1348,contexto_relacionado
par4-1349,outro_acontecimento
par4-1350,outro_acontecimento
par4-1351,outro_acontecimento
par4-1352,outro_acontecimento
par4-1353,outro_acontecimento
par4-1354,incerto
par4-1355,outro_acontecimento
par4-1356,incerto
par4-1357,contexto_relacionado
par4-1358,outro_acontecimento
par4-1359,outro_acontecimento
par4-1360,outro_acontecimento
par4-1361,mesmo_acontecimento
par4-1362,outro_acontecimento
par4-1363,outro_acontecimento
par4-1364,mesmo_acontecimento
par4-1365,outro_acontecimento
par4-1366,outro_acontecimento
par4-1367,contexto_relacionado
par4-1368,outro_acontecimento
par4-1369,outro_acontecimento
par4-1370,contexto_relacionado
par4-1371,outro_acontecimento
par4-1372,mesmo_acontecimento
par4-1373,outro_acontecimento
par4-1374,outro_acontecimento
par4-1375,outro_acontecimento
par4-1376,outro_acontecimento
par4-1377,outro_acontecimento
par4-1378,contexto_relacionado
par4-1379,contexto_relacionado
par4-1380,outro_acontecimento
par4-1381,outro_acontecimento
par4-1382,contexto_relacionado
par4-1383,outro_acontecimento
par4-1384,outro_acontecimento
par4-1385,outro_acontecimento
par4-1386,outro_acontecimento
par4-1387,outro_acontecimento
par4-1388,outro_acontecimento
par4-1389,outro_acontecimento
par4-1390,contexto_relacionado
par4-1391,outro_acontecimento
par4-1392,outro_acontecimento
par4-1393,contexto_relacionado
par4-1394,outro_acontecimento
par4-1395,contexto_relacionado
par4-1396,outro_acontecimento
par4-1397,outro_acontecimento
par4-1398,outro_acontecimento
par4-1399,outro_acontecimento
par4-1400,outro_acontecimento
par4-1401,outro_acontecimento
par4-1402,outro_acontecimento
par4-1403,outro_acontecimento
par4-1404,outro_acontecimento
par4-1405,mesmo_acontecimento
par4-1406,outro_acontecimento
par4-1407,outro_acontecimento
par4-1408,outro_acontecimento
par4-1409,outro_acontecimento
par4-1410,outro_acontecimento
par4-1411,outro_acontecimento
par4-1412,outro_acontecimento
par4-1413,outro_acontecimento
par4-1414,outro_acontecimento
par4-1415,outro_acontecimento
par4-1416,outro_acontecimento
par4-1417,outro_acontecimento
par4-1418,outro_acontecimento
par4-1419,contexto_relacionado
par4-1420,outro_acontecimento
par4-1421,outro_acontecimento
par4-1422,outro_acontecimento
par4-1423,outro_acontecimento
par4-1424,outro_acontecimento
par4-1425,incerto
par4-1426,outro_acontecimento
par4-1427,outro_acontecimento
par4-1428,outro_acontecimento
par4-1429,outro_acontecimento
par4-1430,outro_acontecimento
par4-1431,outro_acontecimento
par4-1432,outro_acontecimento
par4-1433,outro_acontecimento
par4-1434,mesmo_acontecimento
par4-1435,contexto_relacionado
par4-1436,outro_acontecimento
par4-1437,outro_acontecimento
par4-1438,outro_acontecimento
par4-1439,contexto_relacionado
par4-1440,mesmo_acontecimento
par4-1441,contexto_relacionado
par4-1442,outro_acontecimento
par4-1443,outro_acontecimento
par4-1444,outro_acontecimento
par4-1445,contexto_relacionado
par4-1446,outro_acontecimento
par4-1447,contexto_relacionado
par4-1448,outro_acontecimento
par4-1449,contexto_relacionado
par4-1450,outro_acontecimento
par4-1451,contexto_relacionado
par4-1452,contexto_relacionado
par4-1453,contexto_relacionado
par4-1454,outro_acontecimento
par4-1455,outro_acontecimento
par4-1456,outro_acontecimento
par4-1457,outro_acontecimento
par4-1458,outro_acontecimento
par4-1459,outro_acontecimento
par4-1460,incerto
par4-1461,outro_acontecimento
par4-1462,outro_acontecimento
par4-1463,outro_acontecimento
par4-1464,outro_acontecimento
par4-1465,outro_acontecimento
par4-1466,outro_acontecimento
par4-1467,contexto_relacionado
par4-1468,outro_acontecimento
par4-1469,contexto_relacionado
par4-1470,mesmo_acontecimento
par4-1471,incerto
par4-1472,outro_acontecimento
par4-1473,mesmo_acontecimento
par4-1474,outro_acontecimento
par4-1475,outro_acontecimento
par4-1476,contexto_relacionado
par4-1477,outro_acontecimento
par4-1478,outro_acontecimento
par4-1479,outro_acontecimento
par4-1480,incerto
par4-1481,outro_acontecimento
par4-1482,incerto
par4-1483,outro_acontecimento
par4-1484,mesmo_acontecimento
par4-1485,outro_acontecimento
par4-1486,outro_acontecimento
par4-1487,outro_acontecimento
par4-1488,incerto
par4-1489,contexto_relacionado
par4-1490,mesmo_acontecimento
par4-1491,contexto_relacionado
par4-1492,mesmo_acontecimento
par4-1493,contexto_relacionado
par4-1494,outro_acontecimento
par4-1495,contexto_relacionado
par4-1496,outro_acontecimento
par4-1497,outro_acontecimento
par4-1498,outro_acontecimento
par4-1499,outro_acontecimento
par4-1500,contexto_relacionado
par4-1501,outro_acontecimento
par4-1502,outro_acontecimento
par4-1503,outro_acontecimento
par4-1504,mesmo_acontecimento
par4-1505,outro_acontecimento
par4-1506,outro_acontecimento
par4-1507,outro_acontecimento
par4-1508,contexto_relacionado
par4-1509,outro_acontecimento
par4-1510,mesmo_acontecimento
par4-1511,outro_acontecimento
par4-1512,contexto_relacionado
par4-1513,outro_acontecimento
par4-1514,contexto_relacionado
par4-1515,outro_acontecimento
par4-1516,outro_acontecimento
par4-1517,outro_acontecimento
par4-1518,outro_acontecimento
par4-1519,outro_acontecimento
par4-1520,outro_acontecimento
par4-1521,outro_acontecimento
par4-1522,outro_acontecimento
par4-1523,outro_acontecimento
par4-1524,outro_acontecimento
par4-1525,outro_acontecimento
par4-1526,contexto_relacionado
par4-1527,outro_acontecimento
par4-1528,outro_acontecimento
par4-1529,outro_acontecimento
par4-1530,outro_acontecimento
par4-1531,contexto_relacionado
par4-1532,outro_acontecimento
par4-1533,mesmo_acontecimento
par4-1534,outro_acontecimento
par4-1535,outro_acontecimento
par4-1536,contexto_relacionado
par4-1537,outro_acontecimento
par4-1538,outro_acontecimento
par4-1539,outro_acontecimento
par4-1540,contexto_relacionado
par4-1541,contexto_relacionado
par4-1542,incerto
par4-1543,outro_acontecimento
par4-1544,outro_acontecimento
par4-1545,outro_acontecimento
par4-1546,outro_acontecimento
par4-1547,outro_acontecimento
par4-1548,contexto_relacionado
par4-1549,contexto_relacionado
par4-1550,incerto
par4-1551,outro_acontecimento
par4-1552,outro_acontecimento
par4-1553,contexto_relacionado
par4-1554,outro_acontecimento
par4-1555,contexto_relacionado
par4-1556,outro_acontecimento
par4-1557,outro_acontecimento
par4-1558,incerto
par4-1559,outro_acontecimento
par4-1560,outro_acontecimento
par4-1561,outro_acontecimento
par4-1562,contexto_relacionado
par4-1563,outro_acontecimento
par4-1564,outro_acontecimento
par4-1565,mesmo_acontecimento
par4-1566,outro_acontecimento
par4-1567,outro_acontecimento
par4-1568,contexto_relacionado
par4-1569,outro_acontecimento
par4-1570,outro_acontecimento
par4-1571,outro_acontecimento
par4-1572,outro_acontecimento
par4-1573,outro_acontecimento
par4-1574,contexto_relacionado
par4-1575,outro_acontecimento
par4-1576,outro_acontecimento
par4-1577,outro_acontecimento
par4-1578,contexto_relacionado
par4-1579,outro_acontecimento
par4-1580,contexto_relacionado
par4-1581,contexto_relacionado
par4-1582,outro_acontecimento
par4-1583,outro_acontecimento
par4-1584,outro_acontecimento
par4-1585,outro_acontecimento
par4-1586,outro_acontecimento
par4-1587,outro_acontecimento
par4-1588,outro_acontecimento
par4-1589,contexto_relacionado
par4-1590,outro_acontecimento
par4-1591,outro_acontecimento
par4-1592,outro_acontecimento
par4-1593,outro_acontecimento
par4-1594,contexto_relacionado
par4-1595,outro_acontecimento
par4-1596,outro_acontecimento
par4-1597,outro_acontecimento
par4-1598,outro_acontecimento
par4-1599,outro_acontecimento
par4-1600,outro_acontecimento
par4-1601,outro_acontecimento
par4-1602,outro_acontecimento
par4-1603,outro_acontecimento
par4-1604,outro_acontecimento
par4-1605,incerto
par4-1606,outro_acontecimento
par4-1607,contexto_relacionado
par4-1608,incerto
par4-1609,contexto_relacionado
par4-1610,outro_acontecimento
par4-1611,outro_acontecimento
par4-1612,contexto_relacionado
par4-1613,outro_acontecimento
par4-1614,incerto
par4-1615,outro_acontecimento
par4-1616,contexto_relacionado
par4-1617,outro_acontecimento
par4-1618,outro_acontecimento
par4-1619,outro_acontecimento
par4-1620,outro_acontecimento
par4-1621,mesmo_acontecimento
par4-1622,outro_acontecimento
par4-1623,outro_acontecimento
par4-1624,contexto_relacionado
par4-1625,outro_acontecimento
par4-1626,mesmo_acontecimento
par4-1627,outro_acontecimento
par4-1628,outro_acontecimento
par4-1629,contexto_relacionado
par4-1630,outro_acontecimento
par4-1631,outro_acontecimento
par4-1632,outro_acontecimento
par4-1633,contexto_relacionado
par4-1634,outro_acontecimento
par4-1635,outro_acontecimento
par4-1636,contexto_relacionado
par4-1637,outro_acontecimento
par4-1638,outro_acontecimento
par4-1639,mesmo_acontecimento
par4-1640,outro_acontecimento
par4-1641,outro_acontecimento
par4-1642,contexto_relacionado
par4-1643,outro_acontecimento
par4-1644,contexto_relacionado
par4-1645,outro_acontecimento
par4-1646,outro_acontecimento
par4-1647,outro_acontecimento
par4-1648,outro_acontecimento
par4-1649,outro_acontecimento
par4-1650,outro_acontecimento
par4-1651,outro_acontecimento
par4-1652,outro_acontecimento
par4-1653,outro_acontecimento
par4-1654,outro_acontecimento
par4-1655,contexto_relacionado
par4-1656,outro_acontecimento
par4-1657,outro_acontecimento
par4-1658,contexto_relacionado
par4-1659,contexto_relacionado
par4-1660,contexto_relacionado
par4-1661,outro_acontecimento
par4-1662,contexto_relacionado
par4-1663,outro_acontecimento
par4-1664,contexto_relacionado
par4-1665,outro_acontecimento
par4-1666,outro_acontecimento
par4-1667,mesmo_acontecimento
par4-1668,outro_acontecimento
par4-1669,outro_acontecimento
par4-1670,outro_acontecimento
par4-1671,contexto_relacionado
par4-1672,outro_acontecimento
par4-1673,mesmo_acontecimento
par4-1674,outro_acontecimento
par4-1675,contexto_relacionado
par4-1676,contexto_relacionado
par4-1677,outro_acontecimento
par4-1678,outro_acontecimento
par4-1679,outro_acontecimento
par4-1680,outro_acontecimento
par4-1681,contexto_relacionado
par4-1682,contexto_relacionado
par4-1683,outro_acontecimento
par4-1684,outro_acontecimento
par4-1685,outro_acontecimento
par4-1686,outro_acontecimento
par4-1687,contexto_relacionado
par4-1688,contexto_relacionado
par4-1689,incerto
par4-1690,mesmo_acontecimento
par4-1691,outro_acontecimento
par4-1692,outro_acontecimento
par4-1693,outro_acontecimento
par4-1694,outro_acontecimento
par4-1695,outro_acontecimento
par4-1696,outro_acontecimento
par4-1697,outro_acontecimento
par4-1698,outro_acontecimento
par4-1699,outro_acontecimento
par4-1700,mesmo_acontecimento
par4-1701,outro_acontecimento
par4-1702,outro_acontecimento
par4-1703,outro_acontecimento
par4-1704,outro_acontecimento
par4-1705,outro_acontecimento
par4-1706,outro_acontecimento
par4-1707,contexto_relacionado
par4-1708,outro_acontecimento
par4-1709,mesmo_acontecimento
par4-1710,outro_acontecimento
par4-1711,outro_acontecimento
par4-1712,outro_acontecimento
par4-1713,mesmo_acontecimento
par4-1714,outro_acontecimento
par4-1715,outro_acontecimento
par4-1716,incerto
par4-1717,outro_acontecimento
par4-1718,outro_acontecimento
par4-1719,outro_acontecimento
par4-1720,contexto_relacionado
par4-1721,contexto_relacionado
par4-1722,contexto_relacionado
par4-1723,incerto
par4-1724,outro_acontecimento
par4-1725,outro_acontecimento
par4-1726,outro_acontecimento
par4-1727,outro_acontecimento
par4-1728,outro_acontecimento
par4-1729,outro_acontecimento
par4-1730,contexto_relacionado
par4-1731,outro_acontecimento
par4-1732,contexto_relacionado
par4-1733,outro_acontecimento
par4-1734,contexto_relacionado
par4-1735,outro_acontecimento
par4-1736,contexto_relacionado
par4-1737,outro_acontecimento
par4-1738,outro_acontecimento
par4-1739,outro_acontecimento
par4-1740,contexto_relacionado
par4-1741,contexto_relacionado
par4-1742,contexto_relacionado
par4-1743,outro_acontecimento
par4-1744,outro_acontecimento
par4-1745,contexto_relacionado
par4-1746,contexto_relacionado
par4-1747,outro_acontecimento
par4-1748,contexto_relacionado
par4-1749,outro_acontecimento
par4-1750,contexto_relacionado
par4-1751,outro_acontecimento
par4-1752,outro_acontecimento
par4-1753,outro_acontecimento
par4-1754,contexto_relacionado
par4-1755,outro_acontecimento
par4-1756,outro_acontecimento
par4-1757,outro_acontecimento
par4-1758,outro_acontecimento
par4-1759,outro_acontecimento
par4-1760,contexto_relacionado
par4-1761,outro_acontecimento
par4-1762,outro_acontecimento
par4-1763,outro_acontecimento
par4-1764,outro_acontecimento
par4-1765,outro_acontecimento
par4-1766,outro_acontecimento
par4-1767,outro_acontecimento
par4-1768,outro_acontecimento
par4-1769,outro_acontecimento
par4-1770,outro_acontecimento
par4-1771,outro_acontecimento
par4-1772,outro_acontecimento
par4-1773,outro_acontecimento
par4-1774,outro_acontecimento
par4-1775,outro_acontecimento
par4-1776,outro_acontecimento
par4-1777,contexto_relacionado
par4-1778,contexto_relacionado
par4-1779,mesmo_acontecimento
par4-1780,incerto
par4-1781,outro_acontecimento
par4-1782,outro_acontecimento
par4-1783,outro_acontecimento
par4-1784,outro_acontecimento
par4-1785,mesmo_acontecimento
par4-1786,outro_acontecimento
par4-1787,incerto
par4-1788,outro_acontecimento
par4-1789,outro_acontecimento
par4-1790,contexto_relacionado
par4-1791,outro_acontecimento
par4-1792,outro_acontecimento
par4-1793,outro_acontecimento
par4-1794,outro_acontecimento
par4-1795,outro_acontecimento
par4-1796,outro_acontecimento
par4-1797,mesmo_acontecimento
par4-1798,contexto_relacionado
par4-1799,outro_acontecimento
par4-1800,contexto_relacionado
par4-1801,outro_acontecimento
par4-1802,outro_acontecimento
par4-1803,outro_acontecimento
par4-1804,outro_acontecimento
par4-1805,outro_acontecimento
par4-1806,outro_acontecimento
par4-1807,contexto_relacionado
par4-1808,outro_acontecimento
par4-1809,outro_acontecimento
par4-1810,outro_acontecimento
par4-1811,outro_acontecimento
par4-1812,outro_acontecimento
par4-1813,outro_acontecimento
par4-1814,contexto_relacionado
par4-1815,outro_acontecimento
par4-1816,outro_acontecimento
par4-1817,contexto_relacionado
par4-1818,contexto_relacionado
par4-1819,outro_acontecimento
par4-1820,outro_acontecimento
par4-1821,outro_acontecimento
par4-1822,contexto_relacionado
par4-1823,outro_acontecimento
par4-1824,outro_acontecimento
par4-1825,outro_acontecimento
par4-1826,outro_acontecimento
par4-1827,outro_acontecimento
par4-1828,outro_acontecimento
par4-1829,outro_acontecimento
par4-1830,outro_acontecimento
par4-1831,outro_acontecimento
par4-1832,outro_acontecimento
par4-1833,outro_acontecimento
par4-1834,incerto
par4-1835,outro_acontecimento
par4-1836,outro_acontecimento
par4-1837,outro_acontecimento
par4-1838,incerto
par4-1839,outro_acontecimento
par4-1840,outro_acontecimento
par4-1841,outro_acontecimento
par4-1842,contexto_relacionado
par4-1843,mesmo_acontecimento
par4-1844,outro_acontecimento
par4-1845,contexto_relacionado
par4-1846,outro_acontecimento
par4-1847,outro_acontecimento
par4-1848,outro_acontecimento
par4-1849,contexto_relacionado
par4-1850,contexto_relacionado
par4-1851,outro_acontecimento
par4-1852,contexto_relacionado
par4-1853,outro_acontecimento
par4-1854,outro_acontecimento
par4-1855,outro_acontecimento
par4-1856,contexto_relacionado
par4-1857,outro_acontecimento
par4-1858,contexto_relacionado
par4-1859,contexto_relacionado
par4-1860,contexto_relacionado
par4-1861,outro_acontecimento
par4-1862,outro_acontecimento
par4-1863,outro_acontecimento
par4-1864,contexto_relacionado
par4-1865,contexto_relacionado
par4-1866,mesmo_acontecimento
par4-1867,outro_acontecimento
par4-1868,outro_acontecimento
par4-1869,outro_acontecimento
par4-1870,contexto_relacionado
par4-1871,contexto_relacionado
par4-1872,outro_acontecimento
par4-1873,outro_acontecimento
par4-1874,incerto
par4-1875,outro_acontecimento
par4-1876,outro_acontecimento
par4-1877,outro_acontecimento
par4-1878,outro_acontecimento
par4-1879,outro_acontecimento
par4-1880,outro_acontecimento
par4-1881,outro_acontecimento
par4-1882,contexto_relacionado
par4-1883,outro_acontecimento
par4-1884,outro_acontecimento
par4-1885,outro_acontecimento
par4-1886,outro_acontecimento
par4-1887,outro_acontecimento
par4-1888,contexto_relacionado
par4-1889,outro_acontecimento
par4-1890,outro_acontecimento
par4-1891,contexto_relacionado
par4-1892,outro_acontecimento
par4-1893,outro_acontecimento
par4-1894,contexto_relacionado
par4-1895,incerto
par4-1896,outro_acontecimento
par4-1897,outro_acontecimento
par4-1898,outro_acontecimento
par4-1899,contexto_relacionado
par4-1900,outro_acontecimento
par4-1901,mesmo_acontecimento
par4-1902,mesmo_acontecimento
par4-1903,outro_acontecimento
par4-1904,outro_acontecimento
par4-1905,outro_acontecimento
par4-1906,outro_acontecimento
par4-1907,outro_acontecimento
par4-1908,contexto_relacionado
par4-1909,outro_acontecimento
par4-1910,contexto_relacionado
par4-1911,outro_acontecimento
par4-1912,incerto
par4-1913,outro_acontecimento
par4-1914,outro_acontecimento
par4-1915,contexto_relacionado
par4-1916,contexto_relacionado
par4-1917,contexto_relacionado
par4-1918,outro_acontecimento
par4-1919,outro_acontecimento
par4-1920,outro_acontecimento
par4-1921,outro_acontecimento
par4-1922,outro_acontecimento
par4-1923,outro_acontecimento
par4-1924,outro_acontecimento
par4-1925,outro_acontecimento
par4-1926,outro_acontecimento
par4-1927,contexto_relacionado
par4-1928,outro_acontecimento
par4-1929,outro_acontecimento
par4-1930,outro_acontecimento
par4-1931,outro_acontecimento
par4-1932,mesmo_acontecimento
par4-1933,contexto_relacionado
par4-1934,outro_acontecimento
par4-1935,outro_acontecimento
par4-1936,outro_acontecimento
par4-1937,outro_acontecimento
par4-1938,outro_acontecimento
par4-1939,outro_acontecimento
par4-1940,outro_acontecimento
par4-1941,outro_acontecimento
par4-1942,contexto_relacionado
par4-1943,outro_acontecimento
par4-1944,contexto_relacionado
par4-1945,contexto_relacionado
par4-1946,outro_acontecimento
par4-1947,contexto_relacionado
par4-1948,outro_acontecimento
par4-1949,outro_acontecimento
par4-1950,outro_acontecimento
par4-1951,outro_acontecimento
par4-1952,outro_acontecimento
par4-1953,outro_acontecimento
par4-1954,outro_acontecimento
par4-1955,outro_acontecimento
par4-1956,outro_acontecimento
par4-1957,outro_acontecimento
par4-1958,outro_acontecimento
par4-1959,contexto_relacionado
par4-1960,outro_acontecimento
par4-1961,contexto_relacionado
par4-1962,contexto_relacionado
par4-1963,outro_acontecimento
par4-1964,outro_acontecimento
par4-1965,outro_acontecimento
par4-1966,contexto_relacionado
par4-1967,contexto_relacionado
par4-1968,outro_acontecimento
par4-1969,outro_acontecimento
par4-1970,outro_acontecimento
par4-1971,outro_acontecimento
par4-1972,outro_acontecimento
par4-1973,outro_acontecimento
par4-1974,outro_acontecimento
par4-1975,contexto_relacionado
par4-1976,outro_acontecimento
par4-1977,incerto
par4-1978,outro_acontecimento
par4-1979,outro_acontecimento
par4-1980,outro_acontecimento
par4-1981,contexto_relacionado
par4-1982,contexto_relacionado
par4-1983,incerto
par4-1984,outro_acontecimento
par4-1985,contexto_relacionado
par4-1986,contexto_relacionado
par4-1987,outro_acontecimento
par4-1988,outro_acontecimento
par4-1989,outro_acontecimento
par4-1990,contexto_relacionado
par4-1991,contexto_relacionado
par4-1992,contexto_relacionado
par4-1993,outro_acontecimento
par4-1994,outro_acontecimento
par4-1995,outro_acontecimento
par4-1996,outro_acontecimento
par4-1997,outro_acontecimento
par4-1998,contexto_relacionado
par4-1999,outro_acontecimento
par4-2000,outro_acontecimento
par4-2001,contexto_relacionado
par4-2002,incerto
par4-2003,contexto_relacionado
par4-2004,outro_acontecimento
par4-2005,contexto_relacionado
par4-2006,outro_acontecimento
par4-2007,outro_acontecimento
par4-2008,outro_acontecimento
par4-2009,mesmo_acontecimento
par4-2010,outro_acontecimento
par4-2011,outro_acontecimento
par4-2012,incerto
par4-2013,outro_acontecimento
par4-2014,contexto_relacionado
par4-2015,outro_acontecimento
par4-2016,outro_acontecimento
par4-2017,contexto_relacionado
par4-2018,outro_acontecimento
par4-2019,mesmo_acontecimento
par4-2020,outro_acontecimento
par4-2021,outro_acontecimento
par4-2022,outro_acontecimento
par4-2023,outro_acontecimento
par4-2024,outro_acontecimento
par4-2025,outro_acontecimento
par4-2026,outro_acontecimento
par4-2027,outro_acontecimento
par4-2028,contexto_relacionado
par4-2029,contexto_relacionado
par4-2030,contexto_relacionado
par4-2031,outro_acontecimento
par4-2032,contexto_relacionado
par4-2033,outro_acontecimento
par4-2034,contexto_relacionado
par4-2035,outro_acontecimento
par4-2036,outro_acontecimento
par4-2037,outro_acontecimento
par4-2038,outro_acontecimento
par4-2039,contexto_relacionado
par4-2040,outro_acontecimento
par4-2041,contexto_relacionado
par4-2042,outro_acontecimento
par4-2043,mesmo_acontecimento
par4-2044,outro_acontecimento
par4-2045,contexto_relacionado
par4-2046,outro_acontecimento
par4-2047,outro_acontecimento
par4-2048,outro_acontecimento
par4-2049,outro_acontecimento
par4-2050,outro_acontecimento
par4-2051,outro_acontecimento
par4-2052,outro_acontecimento
par4-2053,contexto_relacionado
par4-2054,outro_acontecimento
par4-2055,contexto_relacionado
par4-2056,contexto_relacionado
par4-2057,outro_acontecimento
par4-2058,outro_acontecimento
par4-2059,outro_acontecimento
par4-2060,outro_acontecimento
par4-2061,outro_acontecimento
par4-2062,outro_acontecimento
par4-2063,outro_acontecimento
par4-2064,outro_acontecimento
par4-2065,outro_acontecimento
par4-2066,outro_acontecimento
par4-2067,outro_acontecimento
par4-2068,outro_acontecimento
par4-2069,outro_acontecimento
par4-2070,outro_acontecimento
par4-2071,outro_acontecimento
par4-2072,mesmo_acontecimento
par4-2073,contexto_relacionado
par4-2074,contexto_relacionado
par4-2075,contexto_relacionado
par4-2076,outro_acontecimento
par4-2077,mesmo_acontecimento
par4-2078,mesmo_acontecimento
par4-2079,outro_acontecimento
par4-2080,outro_acontecimento
par4-2081,mesmo_acontecimento
par4-2082,contexto_relacionado
par4-2083,outro_acontecimento
par4-2084,outro_acontecimento
par4-2085,outro_acontecimento
par4-2086,outro_acontecimento
par4-2087,mesmo_acontecimento
par4-2088,outro_acontecimento
par4-2089,contexto_relacionado
par4-2090,mesmo_acontecimento
par4-2091,outro_acontecimento
par4-2092,outro_acontecimento
par4-2093,contexto_relacionado
par4-2094,incerto
par4-2095,outro_acontecimento
par4-2096,incerto
par4-2097,outro_acontecimento
par4-2098,outro_acontecimento
par4-2099,outro_acontecimento
par4-2100,outro_acontecimento
par4-2101,mesmo_acontecimento
par4-2102,outro_acontecimento
par4-2103,contexto_relacionado
par4-2104,contexto_relacionado
par4-2105,outro_acontecimento
par4-2106,incerto
par4-2107,contexto_relacionado
par4-2108,outro_acontecimento
par4-2109,outro_acontecimento
par4-2110,outro_acontecimento
par4-2111,outro_acontecimento
par4-2112,outro_acontecimento
par4-2113,outro_acontecimento
par4-2114,mesmo_acontecimento
par4-2115,outro_acontecimento
par4-2116,outro_acontecimento
par4-2117,contexto_relacionado
par4-2118,outro_acontecimento
par4-2119,outro_acontecimento
par4-2120,outro_acontecimento
par4-2121,outro_acontecimento
par4-2122,mesmo_acontecimento
par4-2123,contexto_relacionado
par4-2124,outro_acontecimento
par4-2125,outro_acontecimento
par4-2126,contexto_relacionado
par4-2127,outro_acontecimento
par4-2128,outro_acontecimento
par4-2129,outro_acontecimento
par4-2130,mesmo_acontecimento
par4-2131,outro_acontecimento
par4-2132,contexto_relacionado
par4-2133,outro_acontecimento
par4-2134,outro_acontecimento
par4-2135,contexto_relacionado
par4-2136,contexto_relacionado
par4-2137,outro_acontecimento
par4-2138,outro_acontecimento
par4-2139,outro_acontecimento
par4-2140,outro_acontecimento
par4-2141,outro_acontecimento
par4-2142,contexto_relacionado
par4-2143,contexto_relacionado
par4-2144,outro_acontecimento
par4-2145,outro_acontecimento
par4-2146,outro_acontecimento
par4-2147,outro_acontecimento
par4-2148,outro_acontecimento
par4-2149,outro_acontecimento
par4-2150,outro_acontecimento
par4-2151,outro_acontecimento
par4-2152,contexto_relacionado
par4-2153,outro_acontecimento
par4-2154,outro_acontecimento
par4-2155,outro_acontecimento
par4-2156,outro_acontecimento
par4-2157,outro_acontecimento
par4-2158,outro_acontecimento
par4-2159,outro_acontecimento
par4-2160,outro_acontecimento
par4-2161,outro_acontecimento
par4-2162,outro_acontecimento
par4-2163,outro_acontecimento
par4-2164,outro_acontecimento
par4-2165,outro_acontecimento
par4-2166,outro_acontecimento
par4-2167,outro_acontecimento
par4-2168,contexto_relacionado
par4-2169,outro_acontecimento
par4-2170,contexto_relacionado
par4-2171,contexto_relacionado
par4-2172,contexto_relacionado
par4-2173,outro_acontecimento
par4-2174,outro_acontecimento
par4-2175,outro_acontecimento
par4-2176,outro_acontecimento
par4-2177,contexto_relacionado
par4-2178,outro_acontecimento
par4-2179,outro_acontecimento
par4-2180,incerto
par4-2181,outro_acontecimento
par4-2182,outro_acontecimento
par4-2183,outro_acontecimento
par4-2184,mesmo_acontecimento
par4-2185,outro_acontecimento
par4-2186,outro_acontecimento
par4-2187,contexto_relacionado
par4-2188,outro_acontecimento
par4-2189,outro_acontecimento
par4-2190,outro_acontecimento
par4-2191,outro_acontecimento
par4-2192,outro_acontecimento
par4-2193,outro_acontecimento
par4-2194,contexto_relacionado
par4-2195,outro_acontecimento
par4-2196,outro_acontecimento
par4-2197,outro_acontecimento
par4-2198,mesmo_acontecimento
par4-2199,outro_acontecimento
par4-2200,outro_acontecimento
par4-2201,outro_acontecimento
par4-2202,incerto
par4-2203,contexto_relacionado
par4-2204,outro_acontecimento
par4-2205,outro_acontecimento
par4-2206,outro_acontecimento
par4-2207,outro_acontecimento
par4-2208,outro_acontecimento
par4-2209,outro_acontecimento
par4-2210,contexto_relacionado
par4-2211,contexto_relacionado
par4-2212,outro_acontecimento
par4-2213,contexto_relacionado
par4-2214,outro_acontecimento
par4-2215,outro_acontecimento
par4-2216,outro_acontecimento
par4-2217,contexto_relacionado
par4-2218,outro_acontecimento
par4-2219,contexto_relacionado
par4-2220,outro_acontecimento
par4-2221,outro_acontecimento
par4-2222,outro_acontecimento
par4-2223,outro_acontecimento
par4-2224,outro_acontecimento
par4-2225,outro_acontecimento
par4-2226,contexto_relacionado
par4-2227,outro_acontecimento
par4-2228,outro_acontecimento
par4-2229,outro_acontecimento
par4-2230,contexto_relacionado
par4-2231,outro_acontecimento
par4-2232,contexto_relacionado
par4-2233,outro_acontecimento
par4-2234,contexto_relacionado
par4-2235,outro_acontecimento
par4-2236,outro_acontecimento
par4-2237,outro_acontecimento
par4-2238,outro_acontecimento
par4-2239,outro_acontecimento
par4-2240,outro_acontecimento
par4-2241,contexto_relacionado
par4-2242,outro_acontecimento
par4-2243,incerto
par4-2244,outro_acontecimento
par4-2245,contexto_relacionado
par4-2246,outro_acontecimento
par4-2247,outro_acontecimento
par4-2248,outro_acontecimento
par4-2249,outro_acontecimento
par4-2250,outro_acontecimento
par4-2251,incerto
par4-2252,outro_acontecimento
par4-2253,outro_acontecimento
par4-2254,outro_acontecimento
par4-2255,outro_acontecimento
par4-2256,outro_acontecimento
par4-2257,outro_acontecimento
par4-2258,outro_acontecimento
par4-2259,contexto_relacionado
par4-2260,contexto_relacionado
par4-2261,outro_acontecimento
par4-2262,outro_acontecimento
par4-2263,contexto_relacionado
par4-2264,mesmo_acontecimento
par4-2265,outro_acontecimento
par4-2266,outro_acontecimento
par4-2267,outro_acontecimento
par4-2268,mesmo_acontecimento
par4-2269,contexto_relacionado
par4-2270,contexto_relacionado
par4-2271,outro_acontecimento
par4-2272,contexto_relacionado
par4-2273,incerto
par4-2274,outro_acontecimento
par4-2275,contexto_relacionado
par4-2276,outro_acontecimento
par4-2277,outro_acontecimento
par4-2278,contexto_relacionado
par4-2279,outro_acontecimento
par4-2280,outro_acontecimento
par4-2281,outro_acontecimento
par4-2282,contexto_relacionado
par4-2283,contexto_relacionado
par4-2284,outro_acontecimento
par4-2285,outro_acontecimento
par4-2286,outro_acontecimento
par4-2287,outro_acontecimento
par4-2288,outro_acontecimento
par4-2289,incerto
par4-2290,outro_acontecimento
par4-2291,outro_acontecimento
par4-2292,outro_acontecimento
par4-2293,outro_acontecimento
par4-2294,outro_acontecimento
par4-2295,mesmo_acontecimento
par4-2296,contexto_relacionado
par4-2297,outro_acontecimento
par4-2298,outro_acontecimento
par4-2299,contexto_relacionado
par4-2300,contexto_relacionado
par4-2301,outro_acontecimento
par4-2302,contexto_relacionado
par4-2303,outro_acontecimento
par4-2304,outro_acontecimento
par4-2305,contexto_relacionado
par4-2306,outro_acontecimento
par4-2307,outro_acontecimento
par4-2308,outro_acontecimento
par4-2309,outro_acontecimento
par4-2310,contexto_relacionado
par4-2311,mesmo_acontecimento
par4-2312,outro_acontecimento
par4-2313,contexto_relacionado
par4-2314,outro_acontecimento
par4-2315,outro_acontecimento
par4-2316,outro_acontecimento
par4-2317,contexto_relacionado
par4-2318,outro_acontecimento
par4-2319,contexto_relacionado
par4-2320,incerto
par4-2321,incerto
par4-2322,outro_acontecimento
par4-2323,contexto_relacionado
par4-2324,contexto_relacionado
par4-2325,outro_acontecimento
par4-2326,outro_acontecimento
par4-2327,mesmo_acontecimento
par4-2328,outro_acontecimento
par4-2329,outro_acontecimento
par4-2330,outro_acontecimento
par4-2331,outro_acontecimento
par4-2332,contexto_relacionado
par4-2333,outro_acontecimento
par4-2334,outro_acontecimento
par4-2335,contexto_relacionado
par4-2336,outro_acontecimento
par4-2337,outro_acontecimento
par4-2338,outro_acontecimento
par4-2339,outro_acontecimento
par4-2340,outro_acontecimento
par4-2341,outro_acontecimento
par4-2342,outro_acontecimento
par4-2343,outro_acontecimento
par4-2344,outro_acontecimento
par4-2345,contexto_relacionado
par4-2346,outro_acontecimento
par4-2347,outro_acontecimento
par4-2348,outro_acontecimento
par4-2349,mesmo_acontecimento
par4-2350,outro_acontecimento
par4-2351,outro_acontecimento
par4-2352,contexto_relacionado
par4-2353,contexto_relacionado
par4-2354,outro_acontecimento
par4-2355,outro_acontecimento
par4-2356,outro_acontecimento
par4-2357,outro_acontecimento
par4-2358,outro_acontecimento
par4-2359,outro_acontecimento
par4-2360,contexto_relacionado
par4-2361,outro_acontecimento
par4-2362,outro_acontecimento
par4-2363,outro_acontecimento
par4-2364,outro_acontecimento
par4-2365,outro_acontecimento
par4-2366,contexto_relacionado
par4-2367,outro_acontecimento
par4-2368,outro_acontecimento
par4-2369,outro_acontecimento
par4-2370,outro_acontecimento
par4-2371,contexto_relacionado
par4-2372,outro_acontecimento
par4-2373,contexto_relacionado
par4-2374,outro_acontecimento
par4-2375,outro_acontecimento
par4-2376,outro_acontecimento
par4-2377,mesmo_acontecimento
par4-2378,outro_acontecimento
par4-2379,outro_acontecimento
par4-2380,outro_acontecimento
par4-2381,outro_acontecimento
par4-2382,outro_acontecimento
par4-2383,contexto_relacionado
par4-2384,contexto_relacionado
par4-2385,outro_acontecimento
par4-2386,outro_acontecimento
par4-2387,outro_acontecimento
par4-2388,outro_acontecimento
par4-2389,outro_acontecimento
par4-2390,outro_acontecimento
par4-2391,outro_acontecimento
par4-2392,outro_acontecimento
par4-2393,contexto_relacionado
par4-2394,outro_acontecimento
par4-2395,outro_acontecimento
par4-2396,outro_acontecimento
par4-2397,outro_acontecimento
par4-2398,incerto
par4-2399,contexto_relacionado
par4-2400,outro_acontecimento
par4-2401,mesmo_acontecimento
par4-2402,outro_acontecimento
par4-2403,outro_acontecimento
par4-2404,contexto_relacionado
par4-2405,outro_acontecimento
par4-2406,outro_acontecimento
par4-2407,mesmo_acontecimento
par4-2408,outro_acontecimento
par4-2409,contexto_relacionado
par4-2410,mesmo_acontecimento
par4-2411,contexto_relacionado
par4-2412,contexto_relacionado
par4-2413,outro_acontecimento
par4-2414,outro_acontecimento
par4-2415,outro_acontecimento
par4-2416,outro_acontecimento
par4-2417,contexto_relacionado
par4-2418,outro_acontecimento
par4-2419,outro_acontecimento
par4-2420,outro_acontecimento
par4-2421,outro_acontecimento
par4-2422,outro_acontecimento
par4-2423,outro_acontecimento
par4-2424,outro_acontecimento
par4-2425,outro_acontecimento
par4-2426,outro_acontecimento
par4-2427,outro_acontecimento
par4-2428,outro_acontecimento
par4-2429,outro_acontecimento
par4-2430,outro_acontecimento
par4-2431,contexto_relacionado
par4-2432,outro_acontecimento
par4-2433,outro_acontecimento
par4-2434,outro_acontecimento
par4-2435,outro_acontecimento
par4-2436,outro_acontecimento
par4-2437,outro_acontecimento
par4-2438,outro_acontecimento
par4-2439,contexto_relacionado
par4-2440,outro_acontecimento
par4-2441,outro_acontecimento
par4-2442,outro_acontecimento
par4-2443,outro_acontecimento
par4-2444,outro_acontecimento
par4-2445,outro_acontecimento
par4-2446,outro_acontecimento
par4-2447,outro_acontecimento
par4-2448,contexto_relacionado
par4-2449,contexto_relacionado
par4-2450,outro_acontecimento
par4-2451,contexto_relacionado
par4-2452,outro_acontecimento
par4-2453,outro_acontecimento
par4-2454,contexto_relacionado
par4-2455,contexto_relacionado
par4-2456,contexto_relacionado
par4-2457,outro_acontecimento
par4-2458,incerto
par4-2459,outro_acontecimento
par4-2460,outro_acontecimento
par4-2461,outro_acontecimento
par4-2462,outro_acontecimento
par4-2463,outro_acontecimento
par4-2464,outro_acontecimento
par4-2465,contexto_relacionado
par4-2466,outro_acontecimento
par4-2467,outro_acontecimento
par4-2468,outro_acontecimento
par4-2469,contexto_relacionado
par4-2470,outro_acontecimento
par4-2471,outro_acontecimento
par4-2472,outro_acontecimento
par4-2473,outro_acontecimento
par4-2474,contexto_relacionado
par4-2475,incerto
par4-2476,outro_acontecimento
par4-2477,outro_acontecimento
par4-2478,mesmo_acontecimento
par4-2479,outro_acontecimento
par4-2480,outro_acontecimento
par4-2481,outro_acontecimento
par4-2482,contexto_relacionado
par4-2483,mesmo_acontecimento
par4-2484,outro_acontecimento
par4-2485,mesmo_acontecimento
par4-2486,outro_acontecimento
par4-2487,contexto_relacionado
par4-2488,outro_acontecimento
par4-2489,outro_acontecimento
par4-2490,outro_acontecimento
par4-2491,contexto_relacionado
par4-2492,outro_acontecimento
par4-2493,outro_acontecimento
par4-2494,outro_acontecimento
par4-2495,outro_acontecimento
par4-2496,outro_acontecimento
par4-2497,outro_acontecimento
par4-2498,mesmo_acontecimento
par4-2499,contexto_relacionado
par4-2500,contexto_relacionado
par4-2501,outro_acontecimento
par4-2502,outro_acontecimento
par4-2503,contexto_relacionado
par4-2504,outro_acontecimento
par4-2505,contexto_relacionado
par4-2506,outro_acontecimento
par4-2507,outro_acontecimento
par4-2508,outro_acontecimento
par4-2509,outro_acontecimento
par4-2510,outro_acontecimento
par4-2511,contexto_relacionado
par4-2512,outro_acontecimento
par4-2513,contexto_relacionado
par4-2514,outro_acontecimento
par4-2515,mesmo_acontecimento
par4-2516,outro_acontecimento
par4-2517,outro_acontecimento
par4-2518,outro_acontecimento
par4-2519,contexto_relacionado
par4-2520,outro_acontecimento
par4-2521,outro_acontecimento
par4-2522,outro_acontecimento
par4-2523,outro_acontecimento
par4-2524,contexto_relacionado
par4-2525,outro_acontecimento
par4-2526,outro_acontecimento
par4-2527,outro_acontecimento
par4-2528,incerto
par4-2529,outro_acontecimento
par4-2530,outro_acontecimento
par4-2531,outro_acontecimento
par4-2532,outro_acontecimento
par4-2533,outro_acontecimento
par4-2534,contexto_relacionado
par4-2535,outro_acontecimento
par4-2536,outro_acontecimento
par4-2537,outro_acontecimento
par4-2538,outro_acontecimento
par4-2539,contexto_relacionado
par4-2540,contexto_relacionado
par4-2541,contexto_relacionado
par4-2542,outro_acontecimento
par4-2543,outro_acontecimento
par4-2544,outro_acontecimento
par4-2545,outro_acontecimento
par4-2546,contexto_relacionado
par4-2547,outro_acontecimento
par4-2548,outro_acontecimento
par4-2549,outro_acontecimento
par4-2550,outro_acontecimento
par4-2551,outro_acontecimento
par4-2552,contexto_relacionado
par4-2553,outro_acontecimento
par4-2554,contexto_relacionado
par4-2555,contexto_relacionado
par4-2556,outro_acontecimento
par4-2557,mesmo_acontecimento
par4-2558,contexto_relacionado
par4-2559,contexto_relacionado
par4-2560,contexto_relacionado
par4-2561,outro_acontecimento
par4-2562,outro_acontecimento
par4-2563,outro_acontecimento
par4-2564,outro_acontecimento
par4-2565,contexto_relacionado
par4-2566,outro_acontecimento
par4-2567,mesmo_acontecimento
par4-2568,outro_acontecimento
par4-2569,outro_acontecimento
par4-2570,outro_acontecimento
par4-2571,outro_acontecimento
par4-2572,outro_acontecimento
par4-2573,contexto_relacionado
par4-2574,contexto_relacionado
par4-2575,contexto_relacionado
par4-2576,outro_acontecimento
par4-2577,outro_acontecimento
par4-2578,contexto_relacionado
par4-2579,outro_acontecimento
par4-2580,mesmo_acontecimento
par4-2581,contexto_relacionado
par4-2582,outro_acontecimento
par4-2583,outro_acontecimento
par4-2584,outro_acontecimento
par4-2585,incerto
par4-2586,outro_acontecimento
par4-2587,incerto
par4-2588,contexto_relacionado
par4-2589,outro_acontecimento
par4-2590,contexto_relacionado
par4-2591,contexto_relacionado
par4-2592,contexto_relacionado
par4-2593,outro_acontecimento
par4-2594,outro_acontecimento
par4-2595,outro_acontecimento
par4-2596,outro_acontecimento
par4-2597,outro_acontecimento
par4-2598,contexto_relacionado
par4-2599,outro_acontecimento
par4-2600,outro_acontecimento
par4-2601,outro_acontecimento
par4-2602,contexto_relacionado
par4-2603,incerto
par4-2604,contexto_relacionado
par4-2605,outro_acontecimento
par4-2606,contexto_relacionado
par4-2607,outro_acontecimento
par4-2608,outro_acontecimento
par4-2609,outro_acontecimento
par4-2610,incerto
par4-2611,outro_acontecimento
par4-2612,mesmo_acontecimento
par4-2613,outro_acontecimento
par4-2614,outro_acontecimento
par4-2615,outro_acontecimento
par4-2616,outro_acontecimento
par4-2617,contexto_relacionado
par4-2618,contexto_relacionado
par4-2619,outro_acontecimento
par4-2620,contexto_relacionado
par4-2621,outro_acontecimento
par4-2622,outro_acontecimento
par4-2623,outro_acontecimento
par4-2624,outro_acontecimento
par4-2625,outro_acontecimento
par4-2626,outro_acontecimento
par4-2627,contexto_relacionado
par4-2628,outro_acontecimento
par4-2629,contexto_relacionado
par4-2630,outro_acontecimento
par4-2631,contexto_relacionado
par4-2632,contexto_relacionado
par4-2633,mesmo_acontecimento
par4-2634,outro_acontecimento
par4-2635,outro_acontecimento
par4-2636,contexto_relacionado
par4-2637,mesmo_acontecimento
par4-2638,outro_acontecimento
par4-2639,contexto_relacionado
par4-2640,outro_acontecimento
par4-2641,contexto_relacionado
par4-2642,contexto_relacionado
par4-2643,outro_acontecimento
par4-2644,outro_acontecimento
par4-2645,contexto_relacionado
par4-2646,contexto_relacionado
par4-2647,mesmo_acontecimento
par4-2648,contexto_relacionado
par4-2649,outro_acontecimento
par4-2650,outro_acontecimento
par4-2651,contexto_relacionado
par4-2652,outro_acontecimento
par4-2653,outro_acontecimento
par4-2654,outro_acontecimento
par4-2655,contexto_relacionado
par4-2656,outro_acontecimento
par4-2657,outro_acontecimento
par4-2658,outro_acontecimento
par4-2659,outro_acontecimento
par4-2660,outro_acontecimento
par4-2661,contexto_relacionado
par4-2662,contexto_relacionado
par4-2663,contexto_relacionado
par4-2664,outro_acontecimento
par4-2665,outro_acontecimento
par4-2666,outro_acontecimento
par4-2667,outro_acontecimento
par4-2668,mesmo_acontecimento
par4-2669,outro_acontecimento
par4-2670,outro_acontecimento
par4-2671,outro_acontecimento
par4-2672,outro_acontecimento
par4-2673,outro_acontecimento
par4-2674,outro_acontecimento
par4-2675,outro_acontecimento
par4-2676,outro_acontecimento
par4-2677,outro_acontecimento
par4-2678,outro_acontecimento
par4-2679,outro_acontecimento
par4-2680,outro_acontecimento
par4-2681,outro_acontecimento
par4-2682,contexto_relacionado
par4-2683,outro_acontecimento
par4-2684,contexto_relacionado
par4-2685,outro_acontecimento
par4-2686,incerto
par4-2687,contexto_relacionado
par4-2688,outro_acontecimento
par4-2689,contexto_relacionado
par4-2690,outro_acontecimento
par4-2691,outro_acontecimento
par4-2692,outro_acontecimento
par4-2693,outro_acontecimento
par4-2694,outro_acontecimento
par4-2695,contexto_relacionado
par4-2696,contexto_relacionado
par4-2697,contexto_relacionado
par4-2698,outro_acontecimento
par4-2699,contexto_relacionado
par4-2700,outro_acontecimento
par4-2701,outro_acontecimento
par4-2702,outro_acontecimento
par4-2703,contexto_relacionado
par4-2704,contexto_relacionado
par4-2705,mesmo_acontecimento
par4-2706,outro_acontecimento
par4-2707,contexto_relacionado
par4-2708,outro_acontecimento
par4-2709,outro_acontecimento
par4-2710,outro_acontecimento
par4-2711,contexto_relacionado
par4-2712,outro_acontecimento
par4-2713,outro_acontecimento
par4-2714,outro_acontecimento
par4-2715,outro_acontecimento
par4-2716,contexto_relacionado
par4-2717,outro_acontecimento
par4-2718,mesmo_acontecimento
par4-2719,outro_acontecimento
par4-2720,contexto_relacionado
par4-2721,contexto_relacionado
par4-2722,outro_acontecimento
par4-2723,contexto_relacionado
par4-2724,incerto
par4-2725,mesmo_acontecimento
par4-2726,outro_acontecimento
par4-2727,outro_acontecimento
par4-2728,outro_acontecimento
par4-2729,contexto_relacionado
par4-2730,outro_acontecimento
par4-2731,contexto_relacionado
par4-2732,outro_acontecimento
par4-2733,contexto_relacionado
par4-2734,contexto_relacionado
par4-2735,outro_acontecimento
par4-2736,contexto_relacionado
par4-2737,outro_acontecimento
par4-2738,outro_acontecimento
par4-2739,outro_acontecimento
par4-2740,outro_acontecimento
par4-2741,outro_acontecimento
par4-2742,contexto_relacionado
par4-2743,outro_acontecimento
par4-2744,outro_acontecimento
par4-2745,outro_acontecimento
par4-2746,outro_acontecimento
par4-2747,mesmo_acontecimento
par4-2748,outro_acontecimento
par4-2749,outro_acontecimento
par4-2750,outro_acontecimento
par4-2751,contexto_relacionado
par4-2752,outro_acontecimento
par4-2753,outro_acontecimento
par4-2754,outro_acontecimento
par4-2755,outro_acontecimento
par4-2756,outro_acontecimento
par4-2757,outro_acontecimento
par4-2758,outro_acontecimento
par4-2759,outro_acontecimento
par4-2760,outro_acontecimento
par4-2761,contexto_relacionado
par4-2762,outro_acontecimento
par4-2763,outro_acontecimento
par4-2764,incerto
par4-2765,outro_acontecimento
par4-2766,outro_acontecimento
par4-2767,outro_acontecimento
par4-2768,outro_acontecimento
par4-2769,contexto_relacionado
par4-2770,mesmo_acontecimento
par4-2771,outro_acontecimento
par4-2772,incerto
par4-2773,outro_acontecimento
par4-2774,contexto_relacionado
par4-2775,outro_acontecimento
par4-2776,outro_acontecimento
par4-2777,outro_acontecimento
par4-2778,outro_acontecimento
par4-2779,outro_acontecimento
par4-2780,outro_acontecimento
par4-2781,outro_acontecimento
par4-2782,contexto_relacionado
par4-2783,outro_acontecimento
par4-2784,outro_acontecimento
par4-2785,outro_acontecimento
par4-2786,outro_acontecimento
par4-2787,contexto_relacionado
par4-2788,outro_acontecimento
par4-2789,incerto
par4-2790,contexto_relacionado
par4-2791,mesmo_acontecimento
par4-2792,outro_acontecimento
par4-2793,mesmo_acontecimento
par4-2794,outro_acontecimento
par4-2795,outro_acontecimento
par4-2796,incerto
par4-2797,outro_acontecimento
par4-2798,outro_acontecimento
par4-2799,outro_acontecimento
par4-2800,contexto_relacionado
par4-2801,outro_acontecimento
par4-2802,outro_acontecimento
par4-2803,outro_acontecimento
par4-2804,outro_acontecimento
par4-2805,outro_acontecimento
par4-2806,contexto_relacionado
par4-2807,outro_acontecimento
par4-2808,contexto_relacionado
par4-2809,contexto_relacionado
par4-2810,outro_acontecimento
par4-2811,outro_acontecimento
par4-2812,outro_acontecimento
par4-2813,mesmo_acontecimento
par4-2814,contexto_relacionado
par4-2815,contexto_relacionado
par4-2816,outro_acontecimento
par4-2817,outro_acontecimento
par4-2818,outro_acontecimento
par4-2819,outro_acontecimento
par4-2820,outro_acontecimento
par4-2821,outro_acontecimento
par4-2822,outro_acontecimento
par4-2823,contexto_relacionado
par4-2824,contexto_relacionado
par4-2825,contexto_relacionado
par4-2826,outro_acontecimento
par4-2827,outro_acontecimento
par4-2828,outro_acontecimento
par4-2829,incerto
par4-2830,mesmo_acontecimento
par4-2831,contexto_relacionado
par4-2832,outro_acontecimento
par4-2833,outro_acontecimento
par4-2834,outro_acontecimento
par4-2835,outro_acontecimento
par4-2836,outro_acontecimento
par4-2837,outro_acontecimento
par4-2838,outro_acontecimento
par4-2839,outro_acontecimento
par4-2840,outro_acontecimento
par4-2841,outro_acontecimento
par4-2842,outro_acontecimento
par4-2843,outro_acontecimento
par4-2844,contexto_relacionado
par4-2845,outro_acontecimento
par4-2846,mesmo_acontecimento
par4-2847,outro_acontecimento
par4-2848,outro_acontecimento
par4-2849,outro_acontecimento
par4-2850,incerto
par4-2851,contexto_relacionado
par4-2852,outro_acontecimento
par4-2853,outro_acontecimento
par4-2854,outro_acontecimento
par4-2855,outro_acontecimento
par4-2856,outro_acontecimento
par4-2857,outro_acontecimento
par4-2858,mesmo_acontecimento
par4-2859,outro_acontecimento
par4-2860,outro_acontecimento
par4-2861,outro_acontecimento
par4-2862,contexto_relacionado
par4-2863,contexto_relacionado
par4-2864,outro_acontecimento
par4-2865,outro_acontecimento
par4-2866,contexto_relacionado
par4-2867,outro_acontecimento
par4-2868,contexto_relacionado
par4-2869,outro_acontecimento
par4-2870,contexto_relacionado
par4-2871,contexto_relacionado
par4-2872,outro_acontecimento
par4-2873,outro_acontecimento
par4-2874,outro_acontecimento
par4-2875,outro_acontecimento
par4-2876,contexto_relacionado
par4-2877,outro_acontecimento
par4-2878,outro_acontecimento
par4-2879,outro_acontecimento
par4-2880,contexto_relacionado
par4-2881,outro_acontecimento
par4-2882,outro_acontecimento
par4-2883,outro_acontecimento
par4-2884,mesmo_acontecimento
par4-2885,outro_acontecimento
par4-2886,outro_acontecimento
par4-2887,outro_acontecimento
par4-2888,incerto
par4-2889,contexto_relacionado
par4-2890,outro_acontecimento
par4-2891,outro_acontecimento
par4-2892,outro_acontecimento
par4-2893,contexto_relacionado
par4-2894,contexto_relacionado
par4-2895,outro_acontecimento
par4-2896,outro_acontecimento
par4-2897,outro_acontecimento
par4-2898,outro_acontecimento
par4-2899,outro_acontecimento
par4-2900,incerto
par4-2901,outro_acontecimento
par4-2902,outro_acontecimento
par4-2903,outro_acontecimento
par4-2904,outro_acontecimento
par4-2905,outro_acontecimento
par4-2906,outro_acontecimento
par4-2907,outro_acontecimento
par4-2908,outro_acontecimento
par4-2909,contexto_relacionado
par4-2910,outro_acontecimento
par4-2911,outro_acontecimento
par4-2912,outro_acontecimento
par4-2913,contexto_relacionado
par4-2914,outro_acontecimento
par4-2915,outro_acontecimento
par4-2916,outro_acontecimento
par4-2917,contexto_relacionado
par4-2918,outro_acontecimento
par4-2919,outro_acontecimento
par4-2920,contexto_relacionado
par4-2921,outro_acontecimento
par4-2922,outro_acontecimento
par4-2923,contexto_relacionado
par4-2924,outro_acontecimento
par4-2925,outro_acontecimento
par4-2926,outro_acontecimento
par4-2927,incerto
par4-2928,outro_acontecimento
par4-2929,outro_acontecimento
par4-2930,outro_acontecimento
par4-2931,outro_acontecimento
par4-2932,contexto_relacionado
par4-2933,outro_acontecimento
par4-2934,outro_acontecimento
par4-2935,outro_acontecimento
par4-2936,incerto
par4-2937,outro_acontecimento
par4-2938,outro_acontecimento
par4-2939,outro_acontecimento
par4-2940,outro_acontecimento
par4-2941,outro_acontecimento
par4-2942,incerto
par4-2943,outro_acontecimento
par4-2944,outro_acontecimento
par4-2945,outro_acontecimento
par4-2946,outro_acontecimento
par4-2947,outro_acontecimento
par4-2948,incerto
par4-2949,outro_acontecimento
par4-2950,contexto_relacionado
par4-2951,outro_acontecimento
par4-2952,outro_acontecimento
par4-2953,outro_acontecimento
par4-2954,outro_acontecimento
par4-2955,outro_acontecimento
par4-2956,outro_acontecimento
par4-2957,outro_acontecimento
par4-2958,outro_acontecimento
par4-2959,outro_acontecimento
par4-2960,outro_acontecimento
par4-2961,outro_acontecimento
par4-2962,outro_acontecimento
par4-2963,outro_acontecimento
par4-2964,outro_acontecimento
par4-2965,outro_acontecimento
par4-2966,outro_acontecimento
par4-2967,outro_acontecimento
par4-2968,outro_acontecimento
par4-2969,outro_acontecimento
par4-2970,outro_acontecimento
par4-2971,outro_acontecimento
par4-2972,outro_acontecimento
par4-2973,contexto_relacionado
par4-2974,outro_acontecimento
par4-2975,contexto_relacionado
par4-2976,contexto_relacionado
par4-2977,outro_acontecimento
par4-2978,outro_acontecimento
par4-2979,contexto_relacionado
par4-2980,outro_acontecimento
par4-2981,outro_acontecimento
par4-2982,outro_acontecimento
par4-2983,contexto_relacionado
par4-2984,contexto_relacionado
par4-2985,outro_acontecimento
par4-2986,outro_acontecimento
par4-2987,outro_acontecimento
par4-2988,outro_acontecimento
par4-2989,outro_acontecimento
par4-2990,outro_acontecimento
par4-2991,outro_acontecimento
par4-2992,incerto
par4-2993,outro_acontecimento
par4-2994,contexto_relacionado
par4-2995,contexto_relacionado
par4-2996,outro_acontecimento
par4-2997,contexto_relacionado
par4-2998,incerto
par4-2999,outro_acontecimento
par4-3000,mesmo_acontecimento
par4-3001,outro_acontecimento
par4-3002,incerto
par4-3003,outro_acontecimento
par4-3004,outro_acontecimento
par4-3005,outro_acontecimento
par4-3006,outro_acontecimento
par4-3007,outro_acontecimento
par4-3008,outro_acontecimento
par4-3009,outro_acontecimento
par4-3010,outro_acontecimento
par4-3011,outro_acontecimento
par4-3012,contexto_relacionado
par4-3013,outro_acontecimento
par4-3014,outro_acontecimento
par4-3015,contexto_relacionado
par4-3016,outro_acontecimento
par4-3017,outro_acontecimento
par4-3018,outro_acontecimento
par4-3019,outro_acontecimento
par4-3020,contexto_relacionado
par4-3021,outro_acontecimento
par4-3022,outro_acontecimento
par4-3023,outro_acontecimento
par4-3024,outro_acontecimento
par4-3025,outro_acontecimento
par4-3026,outro_acontecimento
par4-3027,outro_acontecimento
par4-3028,outro_acontecimento
par4-3029,outro_acontecimento
par4-3030,incerto
par4-3031,outro_acontecimento
par4-3032,contexto_relacionado
par4-3033,outro_acontecimento
par4-3034,outro_acontecimento
par4-3035,outro_acontecimento
par4-3036,outro_acontecimento
par4-3037,outro_acontecimento
par4-3038,outro_acontecimento
par4-3039,outro_acontecimento
par4-3040,outro_acontecimento
par4-3041,contexto_relacionado
par4-3042,contexto_relacionado
par4-3043,outro_acontecimento
par4-3044,contexto_relacionado
par4-3045,outro_acontecimento
par4-3046,contexto_relacionado
par4-3047,contexto_relacionado
par4-3048,contexto_relacionado
par4-3049,outro_acontecimento
par4-3050,contexto_relacionado
par4-3051,outro_acontecimento
par4-3052,mesmo_acontecimento
par4-3053,outro_acontecimento
par4-3054,outro_acontecimento
par4-3055,mesmo_acontecimento
par4-3056,outro_acontecimento
par4-3057,outro_acontecimento
par4-3058,outro_acontecimento
par4-3059,outro_acontecimento
par4-3060,outro_acontecimento
par4-3061,outro_acontecimento
par4-3062,outro_acontecimento
par4-3063,outro_acontecimento
par4-3064,outro_acontecimento
par4-3065,outro_acontecimento
par4-3066,contexto_relacionado
par4-3067,outro_acontecimento
par4-3068,outro_acontecimento
par4-3069,outro_acontecimento
par4-3070,outro_acontecimento
par4-3071,contexto_relacionado
par4-3072,outro_acontecimento
par4-3073,outro_acontecimento
par4-3074,incerto
par4-3075,outro_acontecimento
par4-3076,outro_acontecimento
par4-3077,outro_acontecimento
par4-3078,outro_acontecimento
par4-3079,outro_acontecimento
par4-3080,outro_acontecimento
par4-3081,outro_acontecimento
par4-3082,outro_acontecimento
par4-3083,contexto_relacionado
par4-3084,outro_acontecimento
par4-3085,outro_acontecimento
par4-3086,outro_acontecimento
par4-3087,mesmo_acontecimento
par4-3088,contexto_relacionado
par4-3089,contexto_relacionado
par4-3090,outro_acontecimento
par4-3091,outro_acontecimento
par4-3092,contexto_relacionado
par4-3093,contexto_relacionado
par4-3094,outro_acontecimento
par4-3095,outro_acontecimento
par4-3096,outro_acontecimento
par4-3097,outro_acontecimento
par4-3098,outro_acontecimento
par4-3099,outro_acontecimento
par4-3100,outro_acontecimento
par4-3101,contexto_relacionado
par4-3102,mesmo_acontecimento
par4-3103,contexto_relacionado
par4-3104,outro_acontecimento
par4-3105,contexto_relacionado
par4-3106,outro_acontecimento
par4-3107,contexto_relacionado
par4-3108,outro_acontecimento
par4-3109,contexto_relacionado
par4-3110,outro_acontecimento
par4-3111,contexto_relacionado
par4-3112,outro_acontecimento
par4-3113,outro_acontecimento
par4-3114,contexto_relacionado
par4-3115,outro_acontecimento
par4-3116,outro_acontecimento
par4-3117,outro_acontecimento
par4-3118,outro_acontecimento
par4-3119,contexto_relacionado
par4-3120,outro_acontecimento
par4-3121,outro_acontecimento
par4-3122,contexto_relacionado
par4-3123,outro_acontecimento
par4-3124,contexto_relacionado
par4-3125,contexto_relacionado
par4-3126,outro_acontecimento
par4-3127,outro_acontecimento
par4-3128,outro_acontecimento
par4-3129,contexto_relacionado
par4-3130,outro_acontecimento
par4-3131,outro_acontecimento
par4-3132,outro_acontecimento
par4-3133,outro_acontecimento
par4-3134,outro_acontecimento
par4-3135,incerto
par4-3136,outro_acontecimento
par4-3137,outro_acontecimento
par4-3138,contexto_relacionado
par4-3139,outro_acontecimento
par4-3140,contexto_relacionado
par4-3141,outro_acontecimento
par4-3142,outro_acontecimento
par4-3143,contexto_relacionado
par4-3144,contexto_relacionado
par4-3145,incerto
par4-3146,incerto
par4-3147,outro_acontecimento
par4-3148,contexto_relacionado
par4-3149,outro_acontecimento
par4-3150,outro_acontecimento
par4-3151,outro_acontecimento
par4-3152,contexto_relacionado
par4-3153,outro_acontecimento
par4-3154,contexto_relacionado
par4-3155,outro_acontecimento
par4-3156,outro_acontecimento
par4-3157,outro_acontecimento
par4-3158,contexto_relacionado
par4-3159,outro_acontecimento
par4-3160,outro_acontecimento
par4-3161,outro_acontecimento
par4-3162,outro_acontecimento
par4-3163,outro_acontecimento
par4-3164,outro_acontecimento
par4-3165,outro_acontecimento
par4-3166,outro_acontecimento
par4-3167,outro_acontecimento
par4-3168,outro_acontecimento
par4-3169,outro_acontecimento
par4-3170,outro_acontecimento
par4-3171,outro_acontecimento
par4-3172,outro_acontecimento
par4-3173,mesmo_acontecimento
par4-3174,mesmo_acontecimento
par4-3175,outro_acontecimento
par4-3176,outro_acontecimento
par4-3177,outro_acontecimento
par4-3178,outro_acontecimento
par4-3179,outro_acontecimento
par4-3180,outro_acontecimento
par4-3181,outro_acontecimento
par4-3182,outro_acontecimento
par4-3183,outro_acontecimento
par4-3184,contexto_relacionado
par4-3185,contexto_relacionado
par4-3186,outro_acontecimento
par4-3187,outro_acontecimento
par4-3188,incerto
par4-3189,outro_acontecimento
par4-3190,outro_acontecimento
par4-3191,incerto
par4-3192,outro_acontecimento
par4-3193,contexto_relacionado
par4-3194,contexto_relacionado
par4-3195,outro_acontecimento
par4-3196,incerto
par4-3197,outro_acontecimento
par4-3198,outro_acontecimento
par4-3199,contexto_relacionado
par4-3200,mesmo_acontecimento
par4-3201,outro_acontecimento
par4-3202,outro_acontecimento
par4-3203,outro_acontecimento
par4-3204,contexto_relacionado
par4-3205,outro_acontecimento
par4-3206,outro_acontecimento
par4-3207,outro_acontecimento
par4-3208,outro_acontecimento
par4-3209,outro_acontecimento
par4-3210,outro_acontecimento
par4-3211,outro_acontecimento
par4-3212,outro_acontecimento
par4-3213,contexto_relacionado
par4-3214,outro_acontecimento
par4-3215,outro_acontecimento
par4-3216,contexto_relacionado
par4-3217,outro_acontecimento
par4-3218,mesmo_acontecimento
par4-3219,outro_acontecimento
par4-3220,outro_acontecimento
par4-3221,outro_acontecimento
par4-3222,contexto_relacionado
par4-3223,contexto_relacionado
par4-3224,outro_acontecimento
par4-3225,outro_acontecimento
par4-3226,contexto_relacionado
par4-3227,outro_acontecimento
par4-3228,outro_acontecimento
par4-3229,contexto_relacionado
par4-3230,outro_acontecimento
par4-3231,contexto_relacionado
par4-3232,outro_acontecimento
par4-3233,mesmo_acontecimento
par4-3234,contexto_relacionado
par4-3235,contexto_relacionado
par4-3236,contexto_relacionado
par4-3237,contexto_relacionado
par4-3238,outro_acontecimento
par4-3239,contexto_relacionado
par4-3240,contexto_relacionado
par4-3241,outro_acontecimento
par4-3242,outro_acontecimento
par4-3243,outro_acontecimento
par4-3244,outro_acontecimento
par4-3245,outro_acontecimento
par4-3246,contexto_relacionado
par4-3247,outro_acontecimento
par4-3248,outro_acontecimento
par4-3249,outro_acontecimento
par4-3250,mesmo_acontecimento
par4-3251,contexto_relacionado
par4-3252,outro_acontecimento
par4-3253,outro_acontecimento
par4-3254,outro_acontecimento
par4-3255,outro_acontecimento
par4-3256,outro_acontecimento
par4-3257,outro_acontecimento
par4-3258,contexto_relacionado
par4-3259,outro_acontecimento
par4-3260,outro_acontecimento
par4-3261,outro_acontecimento
par4-3262,outro_acontecimento
par4-3263,mesmo_acontecimento
par4-3264,contexto_relacionado
par4-3265,outro_acontecimento
par4-3266,mesmo_acontecimento
par4-3267,outro_acontecimento
par4-3268,outro_acontecimento
par4-3269,outro_acontecimento
par4-3270,outro_acontecimento
par4-3271,outro_acontecimento
par4-3272,mesmo_acontecimento
par4-3273,outro_acontecimento
par4-3274,mesmo_acontecimento
par4-3275,outro_acontecimento
par4-3276,outro_acontecimento
par4-3277,outro_acontecimento
par4-3278,contexto_relacionado
par4-3279,outro_acontecimento
par4-3280,outro_acontecimento
par4-3281,mesmo_acontecimento
par4-3282,outro_acontecimento
par4-3283,outro_acontecimento
par4-3284,outro_acontecimento
par4-3285,outro_acontecimento
par4-3286,contexto_relacionado
par4-3287,outro_acontecimento
par4-3288,outro_acontecimento
par4-3289,outro_acontecimento
par4-3290,outro_acontecimento
par4-3291,mesmo_acontecimento
par4-3292,outro_acontecimento
par4-3293,outro_acontecimento
par4-3294,mesmo_acontecimento
par4-3295,contexto_relacionado
par4-3296,outro_acontecimento
par4-3297,outro_acontecimento
par4-3298,contexto_relacionado
par4-3299,outro_acontecimento
par4-3300,outro_acontecimento
par4-3301,mesmo_acontecimento
par4-3302,outro_acontecimento
par4-3303,outro_acontecimento
par4-3304,outro_acontecimento
par4-3305,outro_acontecimento
par4-3306,contexto_relacionado
par4-3307,outro_acontecimento
par4-3308,outro_acontecimento
par4-3309,outro_acontecimento
par4-3310,outro_acontecimento
par4-3311,outro_acontecimento
par4-3312,outro_acontecimento
par4-3313,outro_acontecimento
par4-3314,outro_acontecimento
par4-3315,outro_acontecimento
par4-3316,outro_acontecimento
par4-3317,outro_acontecimento
par4-3318,mesmo_acontecimento
par4-3319,outro_acontecimento
par4-3320,outro_acontecimento
par4-3321,contexto_relacionado
par4-3322,outro_acontecimento
par4-3323,outro_acontecimento
par4-3324,outro_acontecimento
par4-3325,contexto_relacionado
par4-3326,outro_acontecimento
par4-3327,outro_acontecimento
par4-3328,outro_acontecimento
par4-3329,contexto_relacionado
par4-3330,outro_acontecimento
par4-3331,contexto_relacionado
par4-3332,outro_acontecimento
par4-3333,contexto_relacionado
par4-3334,incerto
par4-3335,contexto_relacionado
par4-3336,incerto
par4-3337,outro_acontecimento
par4-3338,outro_acontecimento
par4-3339,contexto_relacionado
par4-3340,outro_acontecimento
par4-3341,outro_acontecimento
par4-3342,contexto_relacionado
par4-3343,mesmo_acontecimento
par4-3344,outro_acontecimento
par4-3345,incerto
par4-3346,outro_acontecimento
par4-3347,outro_acontecimento
par4-3348,outro_acontecimento
par4-3349,outro_acontecimento
par4-3350,outro_acontecimento
par4-3351,outro_acontecimento
par4-3352,outro_acontecimento
par4-3353,outro_acontecimento
par4-3354,outro_acontecimento
par4-3355,outro_acontecimento
par4-3356,outro_acontecimento
par4-3357,outro_acontecimento
par4-3358,contexto_relacionado
par4-3359,outro_acontecimento
par4-3360,outro_acontecimento
par4-3361,outro_acontecimento
par4-3362,contexto_relacionado
par4-3363,outro_acontecimento
par4-3364,outro_acontecimento
par4-3365,outro_acontecimento
par4-3366,outro_acontecimento
par4-3367,outro_acontecimento
par4-3368,outro_acontecimento
par4-3369,outro_acontecimento
par4-3370,outro_acontecimento
par4-3371,contexto_relacionado
par4-3372,outro_acontecimento
par4-3373,outro_acontecimento
par4-3374,outro_acontecimento
par4-3375,outro_acontecimento
par4-3376,outro_acontecimento
par4-3377,contexto_relacionado
par4-3378,outro_acontecimento
par4-3379,outro_acontecimento
par4-3380,outro_acontecimento
par4-3381,outro_acontecimento
par4-3382,contexto_relacionado
par4-3383,outro_acontecimento
par4-3384,outro_acontecimento
par4-3385,outro_acontecimento
par4-3386,contexto_relacionado
par4-3387,outro_acontecimento
par4-3388,outro_acontecimento
par4-3389,contexto_relacionado
par4-3390,contexto_relacionado
par4-3391,contexto_relacionado
par4-3392,outro_acontecimento
par4-3393,contexto_relacionado
par4-3394,contexto_relacionado
par4-3395,mesmo_acontecimento
par4-3396,outro_acontecimento
par4-3397,outro_acontecimento
par4-3398,outro_acontecimento
par4-3399,outro_acontecimento
par4-3400,outro_acontecimento
par4-3401,outro_acontecimento
par4-3402,outro_acontecimento
par4-3403,outro_acontecimento
par4-3404,outro_acontecimento
par4-3405,mesmo_acontecimento
par4-3406,contexto_relacionado
par4-3407,outro_acontecimento
par4-3408,contexto_relacionado
par4-3409,outro_acontecimento
par4-3410,outro_acontecimento
par4-3411,outro_acontecimento
par4-3412,outro_acontecimento
par4-3413,outro_acontecimento
par4-3414,outro_acontecimento
par4-3415,incerto
par4-3416,outro_acontecimento
par4-3417,outro_acontecimento
par4-3418,contexto_relacionado
par4-3419,outro_acontecimento
par4-3420,outro_acontecimento
par4-3421,outro_acontecimento
par4-3422,outro_acontecimento
par4-3423,contexto_relacionado
par4-3424,contexto_relacionado
par4-3425,outro_acontecimento
par4-3426,contexto_relacionado
par4-3427,contexto_relacionado
par4-3428,contexto_relacionado
par4-3429,outro_acontecimento
par4-3430,outro_acontecimento
par4-3431,contexto_relacionado
par4-3432,outro_acontecimento
par4-3433,outro_acontecimento
par4-3434,outro_acontecimento
par4-3435,outro_acontecimento
par4-3436,contexto_relacionado
par4-3437,outro_acontecimento
par4-3438,outro_acontecimento
par4-3439,contexto_relacionado
par4-3440,outro_acontecimento
par4-3441,outro_acontecimento
par4-3442,outro_acontecimento
par4-3443,outro_acontecimento
par4-3444,outro_acontecimento
par4-3445,outro_acontecimento
par4-3446,outro_acontecimento
par4-3447,outro_acontecimento
par4-3448,mesmo_acontecimento
par4-3449,outro_acontecimento
par4-3450,contexto_relacionado
par4-3451,outro_acontecimento
par4-3452,contexto_relacionado
par4-3453,outro_acontecimento
par4-3454,outro_acontecimento
par4-3455,outro_acontecimento
par4-3456,contexto_relacionado
par4-3457,outro_acontecimento
par4-3458,outro_acontecimento
par4-3459,outro_acontecimento
par4-3460,outro_acontecimento
par4-3461,outro_acontecimento
par4-3462,outro_acontecimento
par4-3463,contexto_relacionado
par4-3464,outro_acontecimento
par4-3465,outro_acontecimento
par4-3466,outro_acontecimento
par4-3467,contexto_relacionado
par4-3468,outro_acontecimento
par4-3469,outro_acontecimento
par4-3470,outro_acontecimento
par4-3471,mesmo_acontecimento
par4-3472,outro_acontecimento
par4-3473,outro_acontecimento
par4-3474,outro_acontecimento
par4-3475,outro_acontecimento
par4-3476,outro_acontecimento
par4-3477,outro_acontecimento
par4-3478,outro_acontecimento
par4-3479,outro_acontecimento
par4-3480,outro_acontecimento
par4-3481,contexto_relacionado
par4-3482,outro_acontecimento
par4-3483,outro_acontecimento
par4-3484,outro_acontecimento
par4-3485,incerto
par4-3486,outro_acontecimento
par4-3487,outro_acontecimento
par4-3488,outro_acontecimento
par4-3489,outro_acontecimento
par4-3490,outro_acontecimento
par4-3491,mesmo_acontecimento
par4-3492,outro_acontecimento
par4-3493,outro_acontecimento
par4-3494,outro_acontecimento
par4-3495,outro_acontecimento
par4-3496,outro_acontecimento
par4-3497,contexto_relacionado
par4-3498,outro_acontecimento
par4-3499,mesmo_acontecimento
par4-3500,outro_acontecimento
par4-3501,outro_acontecimento
par4-3502,outro_acontecimento
par4-3503,contexto_relacionado
par4-3504,contexto_relacionado
par4-3505,outro_acontecimento
par4-3506,outro_acontecimento
par4-3507,contexto_relacionado
par4-3508,outro_acontecimento
par4-3509,contexto_relacionado
par4-3510,outro_acontecimento
par4-3511,contexto_relacionado
par4-3512,outro_acontecimento
par4-3513,contexto_relacionado
par4-3514,outro_acontecimento
par4-3515,outro_acontecimento
par4-3516,outro_acontecimento
par4-3517,outro_acontecimento
par4-3518,outro_acontecimento
par4-3519,contexto_relacionado
par4-3520,outro_acontecimento
par4-3521,contexto_relacionado
par4-3522,outro_acontecimento
par4-3523,outro_acontecimento
par4-3524,outro_acontecimento
par4-3525,contexto_relacionado
par4-3526,contexto_relacionado
par4-3527,outro_acontecimento
par4-3528,contexto_relacionado
par4-3529,contexto_relacionado
par4-3530,incerto
par4-3531,outro_acontecimento
par4-3532,contexto_relacionado
par4-3533,outro_acontecimento
par4-3534,outro_acontecimento
par4-3535,contexto_relacionado
par4-3536,outro_acontecimento
par4-3537,contexto_relacionado
par4-3538,outro_acontecimento
par4-3539,outro_acontecimento
par4-3540,outro_acontecimento
par4-3541,outro_acontecimento
par4-3542,outro_acontecimento
par4-3543,outro_acontecimento
par4-3544,mesmo_acontecimento
par4-3545,outro_acontecimento
par4-3546,outro_acontecimento
par4-3547,outro_acontecimento
par4-3548,outro_acontecimento
par4-3549,outro_acontecimento
par4-3550,outro_acontecimento
par4-3551,outro_acontecimento
par4-3552,outro_acontecimento
par4-3553,outro_acontecimento
par4-3554,outro_acontecimento
par4-3555,outro_acontecimento
par4-3556,outro_acontecimento
par4-3557,contexto_relacionado
par4-3558,outro_acontecimento
par4-3559,outro_acontecimento
par4-3560,outro_acontecimento
par4-3561,contexto_relacionado
par4-3562,outro_acontecimento
par4-3563,contexto_relacionado
par4-3564,outro_acontecimento
par4-3565,outro_acontecimento
par4-3566,outro_acontecimento
par4-3567,outro_acontecimento
par4-3568,contexto_relacionado
par4-3569,outro_acontecimento
par4-3570,outro_acontecimento
par4-3571,outro_acontecimento
par4-3572,contexto_relacionado
par4-3573,outro_acontecimento
par4-3574,outro_acontecimento
par4-3575,outro_acontecimento
par4-3576,outro_acontecimento
par4-3577,outro_acontecimento
par4-3578,outro_acontecimento
par4-3579,outro_acontecimento
par4-3580,outro_acontecimento
par4-3581,outro_acontecimento
par4-3582,contexto_relacionado
par4-3583,outro_acontecimento
par4-3584,outro_acontecimento
par4-3585,outro_acontecimento
par4-3586,outro_acontecimento
par4-3587,outro_acontecimento
par4-3588,outro_acontecimento
par4-3589,outro_acontecimento
par4-3590,mesmo_acontecimento
par4-3591,contexto_relacionado
par4-3592,outro_acontecimento
par4-3593,contexto_relacionado
par4-3594,outro_acontecimento
par4-3595,contexto_relacionado
par4-3596,outro_acontecimento
par4-3597,mesmo_acontecimento
par4-3598,outro_acontecimento
par4-3599,contexto_relacionado
par4-3600,contexto_relacionado
par4-3601,contexto_relacionado
par4-3602,outro_acontecimento
par4-3603,outro_acontecimento
par4-3604,contexto_relacionado
par4-3605,contexto_relacionado
par4-3606,contexto_relacionado
par4-3607,outro_acontecimento
par4-3608,outro_acontecimento
par4-3609,contexto_relacionado
par4-3610,outro_acontecimento
par4-3611,contexto_relacionado
par4-3612,outro_acontecimento
par4-3613,contexto_relacionado
par4-3614,outro_acontecimento
par4-3615,mesmo_acontecimento
par4-3616,outro_acontecimento
par4-3617,outro_acontecimento
par4-3618,mesmo_acontecimento
par4-3619,outro_acontecimento
par4-3620,outro_acontecimento
par4-3621,outro_acontecimento
par4-3622,outro_acontecimento
par4-3623,outro_acontecimento
par4-3624,outro_acontecimento
par4-3625,outro_acontecimento
par4-3626,outro_acontecimento
par4-3627,outro_acontecimento
par4-3628,outro_acontecimento
par4-3629,outro_acontecimento
par4-3630,outro_acontecimento
par4-3631,outro_acontecimento
par4-3632,outro_acontecimento
par4-3633,incerto
par4-3634,outro_acontecimento
par4-3635,outro_acontecimento
par4-3636,incerto
par4-3637,contexto_relacionado
par4-3638,contexto_relacionado
par4-3639,contexto_relacionado
par4-3640,outro_acontecimento
par4-3641,outro_acontecimento
par4-3642,contexto_relacionado
par4-3643,outro_acontecimento
par4-3644,outro_acontecimento
par4-3645,contexto_relacionado
par4-3646,outro_acontecimento
par4-3647,outro_acontecimento
par4-3648,outro_acontecimento
par4-3649,outro_acontecimento
par4-3650,contexto_relacionado
par4-3651,outro_acontecimento
par4-3652,outro_acontecimento
par4-3653,outro_acontecimento
par4-3654,outro_acontecimento
par4-3655,outro_acontecimento
par4-3656,mesmo_acontecimento
par4-3657,outro_acontecimento
par4-3658,contexto_relacionado
par4-3659,outro_acontecimento
par4-3660,contexto_relacionado
par4-3661,contexto_relacionado
par4-3662,outro_acontecimento
par4-3663,mesmo_acontecimento
par4-3664,outro_acontecimento
par4-3665,outro_acontecimento
par4-3666,outro_acontecimento
par4-3667,contexto_relacionado
par4-3668,contexto_relacionado
par4-3669,outro_acontecimento
par4-3670,incerto
par4-3671,outro_acontecimento
par4-3672,contexto_relacionado
par4-3673,contexto_relacionado
par4-3674,outro_acontecimento
par4-3675,contexto_relacionado
par4-3676,incerto
par4-3677,contexto_relacionado
par4-3678,incerto
par4-3679,outro_acontecimento
par4-3680,contexto_relacionado
par4-3681,outro_acontecimento
par4-3682,outro_acontecimento
par4-3683,outro_acontecimento
par4-3684,outro_acontecimento
par4-3685,contexto_relacionado
par4-3686,outro_acontecimento
par4-3687,outro_acontecimento
par4-3688,outro_acontecimento
par4-3689,outro_acontecimento
par4-3690,contexto_relacionado
par4-3691,outro_acontecimento
par4-3692,outro_acontecimento
par4-3693,outro_acontecimento
par4-3694,outro_acontecimento
par4-3695,outro_acontecimento
par4-3696,outro_acontecimento
par4-3697,incerto
par4-3698,outro_acontecimento
par4-3699,outro_acontecimento
par4-3700,outro_acontecimento
par4-3701,outro_acontecimento
par4-3702,contexto_relacionado
par4-3703,outro_acontecimento
par4-3704,outro_acontecimento
par4-3705,outro_acontecimento
par4-3706,outro_acontecimento
par4-3707,outro_acontecimento
par4-3708,outro_acontecimento
par4-3709,contexto_relacionado
par4-3710,outro_acontecimento
par4-3711,contexto_relacionado
par4-3712,mesmo_acontecimento
par4-3713,outro_acontecimento
par4-3714,outro_acontecimento
par4-3715,contexto_relacionado
par4-3716,outro_acontecimento
par4-3717,outro_acontecimento
par4-3718,outro_acontecimento
par4-3719,outro_acontecimento
par4-3720,contexto_relacionado
par4-3721,mesmo_acontecimento
par4-3722,outro_acontecimento
par4-3723,outro_acontecimento
par4-3724,outro_acontecimento
par4-3725,outro_acontecimento
par4-3726,contexto_relacionado
par4-3727,outro_acontecimento
par4-3728,outro_acontecimento
par4-3729,outro_acontecimento
par4-3730,outro_acontecimento
par4-3731,outro_acontecimento
par4-3732,outro_acontecimento
par4-3733,contexto_relacionado
par4-3734,outro_acontecimento
par4-3735,outro_acontecimento
par4-3736,contexto_relacionado
par4-3737,mesmo_acontecimento
par4-3738,contexto_relacionado
par4-3739,mesmo_acontecimento
par4-3740,incerto
par4-3741,outro_acontecimento
par4-3742,outro_acontecimento
par4-3743,outro_acontecimento
par4-3744,outro_acontecimento
par4-3745,outro_acontecimento
par4-3746,outro_acontecimento
par4-3747,outro_acontecimento
par4-3748,mesmo_acontecimento
par4-3749,contexto_relacionado
par4-3750,contexto_relacionado
par4-3751,mesmo_acontecimento
par4-3752,outro_acontecimento
par4-3753,contexto_relacionado
par4-3754,outro_acontecimento
par4-3755,outro_acontecimento
par4-3756,outro_acontecimento
par4-3757,outro_acontecimento
par4-3758,outro_acontecimento
par4-3759,outro_acontecimento
par4-3760,contexto_relacionado
par4-3761,outro_acontecimento
par4-3762,contexto_relacionado
par4-3763,outro_acontecimento
par4-3764,contexto_relacionado
par4-3765,mesmo_acontecimento
par4-3766,outro_acontecimento
par4-3767,outro_acontecimento
par4-3768,outro_acontecimento
par4-3769,outro_acontecimento
par4-3770,outro_acontecimento
par4-3771,outro_acontecimento
par4-3772,incerto
par4-3773,outro_acontecimento
par4-3774,outro_acontecimento
par4-3775,outro_acontecimento
par4-3776,contexto_relacionado
par4-3777,outro_acontecimento
par4-3778,outro_acontecimento
par4-3779,outro_acontecimento
par4-3780,contexto_relacionado
par4-3781,contexto_relacionado
par4-3782,outro_acontecimento
par4-3783,outro_acontecimento
par4-3784,contexto_relacionado
par4-3785,outro_acontecimento
par4-3786,outro_acontecimento
par4-3787,contexto_relacionado
par4-3788,outro_acontecimento
par4-3789,outro_acontecimento
par4-3790,outro_acontecimento
par4-3791,outro_acontecimento
par4-3792,outro_acontecimento
par4-3793,contexto_relacionado
par4-3794,outro_acontecimento
par4-3795,outro_acontecimento
par4-3796,outro_acontecimento
par4-3797,outro_acontecimento
par4-3798,contexto_relacionado
par4-3799,outro_acontecimento
par4-3800,outro_acontecimento
par4-3801,contexto_relacionado
par4-3802,contexto_relacionado
par4-3803,contexto_relacionado
par4-3804,contexto_relacionado
par4-3805,outro_acontecimento
par4-3806,outro_acontecimento
par4-3807,outro_acontecimento
par4-3808,outro_acontecimento
par4-3809,contexto_relacionado
par4-3810,outro_acontecimento
par4-3811,outro_acontecimento
par4-3812,outro_acontecimento
par4-3813,outro_acontecimento
par4-3814,contexto_relacionado
par4-3815,outro_acontecimento
par4-3816,outro_acontecimento
par4-3817,contexto_relacionado
par4-3818,contexto_relacionado
par4-3819,outro_acontecimento
par4-3820,outro_acontecimento
par4-3821,mesmo_acontecimento
par4-3822,contexto_relacionado
par4-3823,outro_acontecimento
par4-3824,outro_acontecimento
par4-3825,outro_acontecimento
par4-3826,contexto_relacionado
par4-3827,contexto_relacionado
par4-3828,outro_acontecimento
par4-3829,outro_acontecimento
par4-3830,outro_acontecimento
par4-3831,contexto_relacionado
par4-3832,contexto_relacionado
par4-3833,contexto_relacionado
par4-3834,outro_acontecimento
par4-3835,contexto_relacionado
par4-3836,outro_acontecimento
par4-3837,outro_acontecimento
par4-3838,outro_acontecimento
par4-3839,outro_acontecimento
par4-3840,outro_acontecimento
par4-3841,outro_acontecimento
par4-3842,outro_acontecimento
par4-3843,mesmo_acontecimento
par4-3844,outro_acontecimento
par4-3845,outro_acontecimento
par4-3846,contexto_relacionado
par4-3847,outro_acontecimento
par4-3848,outro_acontecimento
par4-3849,outro_acontecimento
par4-3850,incerto
par4-3851,contexto_relacionado
par4-3852,outro_acontecimento
par4-3853,outro_acontecimento
par4-3854,outro_acontecimento
par4-3855,outro_acontecimento
par4-3856,outro_acontecimento
par4-3857,outro_acontecimento
par4-3858,outro_acontecimento
par4-3859,outro_acontecimento
par4-3860,outro_acontecimento
par4-3861,outro_acontecimento
par4-3862,outro_acontecimento
par4-3863,outro_acontecimento
par4-3864,outro_acontecimento
par4-3865,outro_acontecimento
par4-3866,outro_acontecimento
par4-3867,outro_acontecimento
par4-3868,outro_acontecimento
par4-3869,outro_acontecimento
par4-3870,contexto_relacionado
par4-3871,outro_acontecimento
par4-3872,contexto_relacionado
par4-3873,contexto_relacionado
par4-3874,outro_acontecimento
par4-3875,outro_acontecimento
par4-3876,outro_acontecimento
par4-3877,outro_acontecimento
par4-3878,outro_acontecimento
par4-3879,outro_acontecimento
par4-3880,outro_acontecimento
par4-3881,contexto_relacionado
par4-3882,outro_acontecimento
par4-3883,contexto_relacionado
par4-3884,outro_acontecimento
par4-3885,outro_acontecimento
par4-3886,mesmo_acontecimento
par4-3887,contexto_relacionado
par4-3888,incerto
par4-3889,contexto_relacionado
par4-3890,contexto_relacionado
par4-3891,outro_acontecimento
par4-3892,contexto_relacionado
par4-3893,contexto_relacionado
par4-3894,mesmo_acontecimento
par4-3895,outro_acontecimento
par4-3896,outro_acontecimento
par4-3897,outro_acontecimento
par4-3898,outro_acontecimento
par4-3899,outro_acontecimento
par4-3900,contexto_relacionado
par4-3901,contexto_relacionado
par4-3902,outro_acontecimento
par4-3903,contexto_relacionado
par4-3904,outro_acontecimento
par4-3905,contexto_relacionado
par4-3906,outro_acontecimento
par4-3907,outro_acontecimento
par4-3908,outro_acontecimento
par4-3909,outro_acontecimento
par4-3910,outro_acontecimento
par4-3911,outro_acontecimento
par4-3912,outro_acontecimento
par4-3913,outro_acontecimento
par4-3914,outro_acontecimento
par4-3915,outro_acontecimento
par4-3916,outro_acontecimento
par4-3917,outro_acontecimento
par4-3918,outro_acontecimento
par4-3919,outro_acontecimento
par4-3920,outro_acontecimento
par4-3921,incerto
par4-3922,outro_acontecimento
par4-3923,contexto_relacionado
par4-3924,outro_acontecimento
par4-3925,outro_acontecimento
par4-3926,outro_acontecimento
par4-3927,outro_acontecimento
par4-3928,outro_acontecimento
par4-3929,mesmo_acontecimento
par4-3930,outro_acontecimento
par4-3931,contexto_relacionado
par4-3932,contexto_relacionado
par4-3933,outro_acontecimento
par4-3934,outro_acontecimento
par4-3935,mesmo_acontecimento
par4-3936,outro_acontecimento
par4-3937,mesmo_acontecimento
par4-3938,contexto_relacionado
par4-3939,outro_acontecimento
par4-3940,outro_acontecimento
par4-3941,contexto_relacionado
par4-3942,outro_acontecimento
par4-3943,outro_acontecimento
par4-3944,contexto_relacionado
par4-3945,outro_acontecimento
par4-3946,outro_acontecimento
par4-3947,outro_acontecimento
par4-3948,mesmo_acontecimento
par4-3949,outro_acontecimento
par4-3950,outro_acontecimento
par4-3951,outro_acontecimento
par4-3952,outro_acontecimento
par4-3953,contexto_relacionado
par4-3954,outro_acontecimento
par4-3955,contexto_relacionado
par4-3956,outro_acontecimento
par4-3957,outro_acontecimento
par4-3958,contexto_relacionado
par4-3959,mesmo_acontecimento
par4-3960,mesmo_acontecimento
par4-3961,outro_acontecimento
par4-3962,mesmo_acontecimento
par4-3963,outro_acontecimento
par4-3964,contexto_relacionado
par4-3965,outro_acontecimento
par4-3966,contexto_relacionado
par4-3967,outro_acontecimento
par4-3968,outro_acontecimento
par4-3969,outro_acontecimento
par4-3970,outro_acontecimento
par4-3971,outro_acontecimento
par4-3972,outro_acontecimento
par4-3973,outro_acontecimento
par4-3974,contexto_relacionado
par4-3975,outro_acontecimento
par4-3976,outro_acontecimento
par4-3977,contexto_relacionado
par4-3978,outro_acontecimento
par4-3979,outro_acontecimento
par4-3980,outro_acontecimento
par4-3981,outro_acontecimento
par4-3982,outro_acontecimento
par4-3983,contexto_relacionado
par4-3984,outro_acontecimento
par4-3985,outro_acontecimento
par4-3986,outro_acontecimento
par4-3987,contexto_relacionado
par4-3988,outro_acontecimento
par4-3989,outro_acontecimento
par4-3990,contexto_relacionado
par4-3991,contexto_relacionado
par4-3992,outro_acontecimento
par4-3993,contexto_relacionado
par4-3994,outro_acontecimento
par4-3995,outro_acontecimento
par4-3996,outro_acontecimento
par4-3997,outro_acontecimento
par4-3998,outro_acontecimento
par4-3999,outro_acontecimento
par4-4000,outro_acontecimento
par4-4001,mesmo_acontecimento
par4-4002,outro_acontecimento
par4-4003,outro_acontecimento
par4-4004,outro_acontecimento
par4-4005,outro_acontecimento
par4-4006,contexto_relacionado
par4-4007,contexto_relacionado
par4-4008,contexto_relacionado
par4-4009,outro_acontecimento
par4-4010,mesmo_acontecimento
par4-4011,mesmo_acontecimento
par4-4012,outro_acontecimento
par4-4013,contexto_relacionado
par4-4014,outro_acontecimento
par4-4015,outro_acontecimento
par4-4016,outro_acontecimento
par4-4017,contexto_relacionado
par4-4018,outro_acontecimento
par4-4019,outro_acontecimento
par4-4020,outro_acontecimento
par4-4021,contexto_relacionado
par4-4022,outro_acontecimento
par4-4023,outro_acontecimento
par4-4024,outro_acontecimento
par4-4025,outro_acontecimento
par4-4026,outro_acontecimento
par4-4027,contexto_relacionado
par4-4028,outro_acontecimento
par4-4029,outro_acontecimento
par4-4030,outro_acontecimento
par4-4031,outro_acontecimento
par4-4032,contexto_relacionado
par4-4033,outro_acontecimento
par4-4034,mesmo_acontecimento
par4-4035,outro_acontecimento
par4-4036,contexto_relacionado
par4-4037,contexto_relacionado
par4-4038,contexto_relacionado
par4-4039,contexto_relacionado
par4-4040,outro_acontecimento
par4-4041,contexto_relacionado
par4-4042,contexto_relacionado
par4-4043,mesmo_acontecimento
par4-4044,contexto_relacionado
par4-4045,outro_acontecimento
par4-4046,outro_acontecimento
par4-4047,outro_acontecimento
par4-4048,outro_acontecimento
par4-4049,outro_acontecimento
par4-4050,outro_acontecimento
par4-4051,outro_acontecimento
par4-4052,outro_acontecimento
par4-4053,outro_acontecimento
par4-4054,outro_acontecimento
par4-4055,incerto
par4-4056,contexto_relacionado
par4-4057,outro_acontecimento
par4-4058,outro_acontecimento
par4-4059,outro_acontecimento
par4-4060,outro_acontecimento
par4-4061,outro_acontecimento
par4-4062,outro_acontecimento
par4-4063,outro_acontecimento
par4-4064,outro_acontecimento
par4-4065,outro_acontecimento
par4-4066,outro_acontecimento
par4-4067,outro_acontecimento
par4-4068,incerto
par4-4069,contexto_relacionado
par4-4070,outro_acontecimento
par4-4071,outro_acontecimento
par4-4072,outro_acontecimento
par4-4073,contexto_relacionado
par4-4074,outro_acontecimento
par4-4075,contexto_relacionado
par4-4076,mesmo_acontecimento
par4-4077,contexto_relacionado
par4-4078,outro_acontecimento
par4-4079,outro_acontecimento
par4-4080,outro_acontecimento
par4-4081,outro_acontecimento
par4-4082,outro_acontecimento
par4-4083,outro_acontecimento
par4-4084,contexto_relacionado
par4-4085,contexto_relacionado
par4-4086,mesmo_acontecimento
par4-4087,outro_acontecimento
par4-4088,outro_acontecimento
par4-4089,outro_acontecimento
par4-4090,outro_acontecimento
par4-4091,contexto_relacionado
par4-4092,contexto_relacionado
par4-4093,incerto
par4-4094,outro_acontecimento
par4-4095,contexto_relacionado
par4-4096,outro_acontecimento
par4-4097,outro_acontecimento
par4-4098,outro_acontecimento
par4-4099,outro_acontecimento
par4-4100,contexto_relacionado
par4-4101,mesmo_acontecimento
par4-4102,incerto
par4-4103,incerto
par4-4104,outro_acontecimento
par4-4105,mesmo_acontecimento
par4-4106,contexto_relacionado
par4-4107,outro_acontecimento
par4-4108,outro_acontecimento
par4-4109,outro_acontecimento
par4-4110,outro_acontecimento
par4-4111,outro_acontecimento
par4-4112,outro_acontecimento
par4-4113,outro_acontecimento
par4-4114,outro_acontecimento
par4-4115,outro_acontecimento
par4-4116,outro_acontecimento
par4-4117,outro_acontecimento
par4-4118,outro_acontecimento
par4-4119,outro_acontecimento
par4-4120,outro_acontecimento
par4-4121,outro_acontecimento
par4-4122,outro_acontecimento
par4-4123,outro_acontecimento
par4-4124,outro_acontecimento
par4-4125,contexto_relacionado
par4-4126,contexto_relacionado
par4-4127,outro_acontecimento
par4-4128,mesmo_acontecimento
par4-4129,contexto_relacionado
par4-4130,contexto_relacionado
par4-4131,outro_acontecimento
par4-4132,contexto_relacionado
par4-4133,outro_acontecimento
par4-4134,outro_acontecimento
par4-4135,outro_acontecimento
par4-4136,outro_acontecimento
par4-4137,outro_acontecimento
par4-4138,outro_acontecimento
par4-4139,contexto_relacionado
par4-4140,mesmo_acontecimento
par4-4141,mesmo_acontecimento
par4-4142,mesmo_acontecimento
par4-4143,outro_acontecimento
par4-4144,outro_acontecimento
par4-4145,outro_acontecimento
par4-4146,outro_acontecimento
par4-4147,contexto_relacionado
par4-4148,contexto_relacionado
par4-4149,outro_acontecimento
par4-4150,outro_acontecimento
par4-4151,outro_acontecimento
par4-4152,outro_acontecimento
par4-4153,outro_acontecimento
par4-4154,outro_acontecimento
par4-4155,outro_acontecimento
par4-4156,outro_acontecimento
par4-4157,outro_acontecimento
par4-4158,outro_acontecimento
par4-4159,outro_acontecimento
par4-4160,outro_acontecimento
par4-4161,contexto_relacionado
par4-4162,outro_acontecimento
par4-4163,outro_acontecimento
par4-4164,outro_acontecimento
par4-4165,outro_acontecimento
par4-4166,mesmo_acontecimento
par4-4167,outro_acontecimento
par4-4168,incerto
par4-4169,mesmo_acontecimento
par4-4170,outro_acontecimento
par4-4171,outro_acontecimento
par4-4172,outro_acontecimento
par4-4173,outro_acontecimento
par4-4174,outro_acontecimento
par4-4175,contexto_relacionado
par4-4176,contexto_relacionado
par4-4177,contexto_relacionado
par4-4178,outro_acontecimento
par4-4179,outro_acontecimento
par4-4180,outro_acontecimento
par4-4181,contexto_relacionado
par4-4182,outro_acontecimento
par4-4183,outro_acontecimento
par4-4184,outro_acontecimento
par4-4185,outro_acontecimento
par4-4186,outro_acontecimento
par4-4187,outro_acontecimento
par4-4188,outro_acontecimento
par4-4189,outro_acontecimento
par4-4190,contexto_relacionado
par4-4191,contexto_relacionado
par4-4192,outro_acontecimento
par4-4193,outro_acontecimento
par4-4194,outro_acontecimento
par4-4195,outro_acontecimento
par4-4196,outro_acontecimento
par4-4197,outro_acontecimento
par4-4198,outro_acontecimento
par4-4199,contexto_relacionado
par4-4200,outro_acontecimento
par4-4201,outro_acontecimento
par4-4202,outro_acontecimento
par4-4203,contexto_relacionado
par4-4204,outro_acontecimento
par4-4205,outro_acontecimento
par4-4206,outro_acontecimento
par4-4207,outro_acontecimento
par4-4208,contexto_relacionado
par4-4209,outro_acontecimento
par4-4210,outro_acontecimento
par4-4211,outro_acontecimento
par4-4212,outro_acontecimento
par4-4213,outro_acontecimento
par4-4214,mesmo_acontecimento
par4-4215,outro_acontecimento
par4-4216,outro_acontecimento
par4-4217,contexto_relacionado
par4-4218,outro_acontecimento
par4-4219,outro_acontecimento
par4-4220,outro_acontecimento
par4-4221,outro_acontecimento
par4-4222,outro_acontecimento
par4-4223,outro_acontecimento
par4-4224,outro_acontecimento
par4-4225,contexto_relacionado
par4-4226,contexto_relacionado
par4-4227,contexto_relacionado
par4-4228,outro_acontecimento
par4-4229,outro_acontecimento
par4-4230,outro_acontecimento
par4-4231,outro_acontecimento
par4-4232,outro_acontecimento
par4-4233,outro_acontecimento
par4-4234,outro_acontecimento
par4-4235,outro_acontecimento
par4-4236,outro_acontecimento
par4-4237,outro_acontecimento
par4-4238,contexto_relacionado
par4-4239,contexto_relacionado
par4-4240,outro_acontecimento
par4-4241,mesmo_acontecimento
par4-4242,outro_acontecimento
par4-4243,outro_acontecimento
par4-4244,outro_acontecimento
par4-4245,outro_acontecimento
par4-4246,contexto_relacionado
par4-4247,outro_acontecimento
par4-4248,contexto_relacionado
par4-4249,outro_acontecimento
par4-4250,outro_acontecimento
par4-4251,contexto_relacionado
par4-4252,outro_acontecimento
par4-4253,outro_acontecimento
par4-4254,contexto_relacionado
par4-4255,contexto_relacionado
par4-4256,outro_acontecimento
par4-4257,mesmo_acontecimento
par4-4258,outro_acontecimento
par4-4259,outro_acontecimento
par4-4260,outro_acontecimento
par4-4261,mesmo_acontecimento
par4-4262,outro_acontecimento
par4-4263,outro_acontecimento
par4-4264,outro_acontecimento
par4-4265,outro_acontecimento
par4-4266,outro_acontecimento
par4-4267,outro_acontecimento
par4-4268,outro_acontecimento
par4-4269,incerto
par4-4270,outro_acontecimento
par4-4271,outro_acontecimento
par4-4272,outro_acontecimento
par4-4273,outro_acontecimento
par4-4274,incerto
par4-4275,mesmo_acontecimento
par4-4276,contexto_relacionado
par4-4277,outro_acontecimento
par4-4278,outro_acontecimento
par4-4279,outro_acontecimento
par4-4280,outro_acontecimento
par4-4281,outro_acontecimento
par4-4282,outro_acontecimento
par4-4283,outro_acontecimento
par4-4284,outro_acontecimento
par4-4285,outro_acontecimento
par4-4286,outro_acontecimento
par4-4287,outro_acontecimento
par4-4288,outro_acontecimento
par4-4289,outro_acontecimento
par4-4290,outro_acontecimento
par4-4291,outro_acontecimento
par4-4292,outro_acontecimento
par4-4293,outro_acontecimento
par4-4294,outro_acontecimento
par4-4295,mesmo_acontecimento
par4-4296,outro_acontecimento
par4-4297,outro_acontecimento
par4-4298,outro_acontecimento
